state,election_date,election_type,office,district,county,ocd_division_id,candidate_name,party,incumbent,source_url
WA,2026-08-04,Primary,ASSESSOR,Chelan County,Chelan,ocd-division/country:us/state:wa/county:chelan,Britini Port,Independent Party,,https://voter.votewa.gov/elections/voterguide.ashx?e=898&la=en&c=&p=
WA,2026-08-04,Primary,ASSESSOR,Chelan County,Chelan,ocd-division/country:us/state:wa/county:chelan,Wes Cornelius,GOP Party,,https://voter.votewa.gov/elections/voterguide.ashx?e=898&la=en&c=&p=
WA,2026-08-04,Primary,ASSESSOR,County,Lincoln,ocd-division/country:us/state:wa/county:lincoln,J Scott Liebing,Republican - GOP Party,,https://voter.votewa.gov/elections/voterguide.ashx?e=898&la=en&c=&p=
WA,2026-08-04,Primary,AUDITOR,Chelan County,Chelan,ocd-division/country:us/state:wa/county:chelan,Brandt Cappell,Republican Party,,https://voter.votewa.gov/elections/voterguide.ashx?e=898&la=en&c=&p=
WA,2026-08-04,Primary,AUDITOR,Chelan County,Chelan,ocd-division/country:us/state:wa/county:chelan,Brian Brett,Republican Party,,https://voter.votewa.gov/elections/voterguide.ashx?e=898&la=en&c=&p=
WA,2026-08-04,Primary,AUDITOR,County,Lincoln,ocd-division/country:us/state:wa/county:lincoln,Chandra L Schumacher,Republican Party,,https://voter.votewa.gov/elections/voterguide.ashx?e=898&la=en&c=&p=
WA,2026-08-04,Primary,Assessor,County,King,ocd-division/country:us/state:wa/county:king,Al Dams,,,https://voter.votewa.gov/elections/voterguide.ashx?e=898&la=en&c=&p=
WA,2026-08-04,Primary,Assessor,County,Benton,ocd-division/country:us/state:wa/county:benton,Bill Spencer,Republican Party,,https://voter.votewa.gov/elections/voterguide.ashx?e=898&la=en&c=&p=
WA,2026-08-04,Primary,Assessor,County,Walla Walla,ocd-division/country:us/state:wa/county:walla_walla,Byron Burres,Republican Party,,https://voter.votewa.gov/elections/voterguide.ashx?e=898&la=en&c=&p=
WA,2026-08-04,Primary,Assessor,County,Franklin,ocd-division/country:us/state:wa/county:franklin,Chris Hollingsworth,Republican Party,,https://voter.votewa.gov/elections/voterguide.ashx?e=898&la=en&c=&p=
WA,2026-08-04,Primary,Assessor,County,King,ocd-division/country:us/state:wa/county:king,Christopher Roberts,,,https://voter.votewa.gov/elections/voterguide.ashx?e=898&la=en&c=&p=
WA,2026-08-04,Primary,Assessor,County,Jefferson,ocd-division/country:us/state:wa/county:jefferson,Chuck Garland,Democratic Party,,https://voter.votewa.gov/elections/voterguide.ashx?e=898&la=en&c=&p=
WA,2026-08-04,Primary,Assessor,County,Skamania,ocd-division/country:us/state:wa/county:skamania,Cora Moser,Republican Party,,https://voter.votewa.gov/elections/voterguide.ashx?e=898&la=en&c=&p=
WA,2026-08-04,Primary,Assessor,County,Adams,ocd-division/country:us/state:wa/county:adams,Curtis Templin,Republican Party,,https://voter.votewa.gov/elections/voterguide.ashx?e=898&la=en&c=&p=
WA,2026-08-04,Primary,Assessor,County,Grays Harbor,ocd-division/country:us/state:wa/county:grays_harbor,Dan Lindgren,Republican Party,,https://voter.votewa.gov/elections/voterguide.ashx?e=898&la=en&c=&p=
WA,2026-08-04,Primary,Assessor,County,Skagit,ocd-division/country:us/state:wa/county:skagit,Danny Hagen,Independent Party,,https://voter.votewa.gov/elections/voterguide.ashx?e=898&la=en&c=&p=
WA,2026-08-04,Primary,Assessor,County,King,ocd-division/country:us/state:wa/county:king,Dominique M Scarimbolo,,,https://voter.votewa.gov/elections/voterguide.ashx?e=898&la=en&c=&p=
WA,2026-08-04,Primary,Assessor,County,Cowlitz,ocd-division/country:us/state:wa/county:cowlitz,Emily Wilcox,Independent Party,,https://voter.votewa.gov/elections/voterguide.ashx?e=898&la=en&c=&p=
WA,2026-08-04,Primary,Assessor,County,Skamania,ocd-division/country:us/state:wa/county:skamania,Gabriel P Spencer,Democrat Party,,https://voter.votewa.gov/elections/voterguide.ashx?e=898&la=en&c=&p=
WA,2026-08-04,Primary,Assessor,County,Thurston,ocd-division/country:us/state:wa/county:thurston,JJ Olson,Democratic Party,,https://voter.votewa.gov/elections/voterguide.ashx?e=898&la=en&c=&p=
WA,2026-08-04,Primary,Assessor,County,Yakima,ocd-division/country:us/state:wa/county:yakima,Jacob Tate,Republican Party,,https://voter.votewa.gov/elections/voterguide.ashx?e=898&la=en&c=&p=
WA,2026-08-04,Primary,Assessor,County,Douglas,ocd-division/country:us/state:wa/county:douglas,Jim Ruud,Republican Party,,https://voter.votewa.gov/elections/voterguide.ashx?e=898&la=en&c=&p=
WA,2026-08-04,Primary,Assessor,County,Franklin,ocd-division/country:us/state:wa/county:franklin,John A Rosenau,Republican Party,,https://voter.votewa.gov/elections/voterguide.ashx?e=898&la=en&c=&p=
WA,2026-08-04,Primary,Assessor,County,Grays Harbor,ocd-division/country:us/state:wa/county:grays_harbor,Josh Nuxoll,Independent Party,,https://voter.votewa.gov/elections/voterguide.ashx?e=898&la=en&c=&p=
WA,2026-08-04,Primary,Assessor,County,Yakima,ocd-division/country:us/state:wa/county:yakima,Keith Effler,Republican Party,,https://voter.votewa.gov/elections/voterguide.ashx?e=898&la=en&c=&p=
WA,2026-08-04,Primary,Assessor,County,Okanogan,ocd-division/country:us/state:wa/county:okanogan,Larry D Gilman,Republican Party,,https://voter.votewa.gov/elections/voterguide.ashx?e=898&la=en&c=&p=
WA,2026-08-04,Primary,Assessor,County,Thurston,ocd-division/country:us/state:wa/county:thurston,Lynda Nashed Zeman,Democratic Party,,https://voter.votewa.gov/elections/voterguide.ashx?e=898&la=en&c=&p=
WA,2026-08-04,Primary,Assessor,County,Kitsap,ocd-division/country:us/state:wa/county:kitsap,Michael Simonds,Democratic Party,,https://voter.votewa.gov/elections/voterguide.ashx?e=898&la=en&c=&p=
WA,2026-08-04,Primary,Assessor,County,Kittitas,ocd-division/country:us/state:wa/county:kittitas,Mike Hougardy,GOP Party,,https://voter.votewa.gov/elections/voterguide.ashx?e=898&la=en&c=&p=
WA,2026-08-04,Primary,Assessor,County,Mason,ocd-division/country:us/state:wa/county:mason,Patti McLean,Independent Party,,https://voter.votewa.gov/elections/voterguide.ashx?e=898&la=en&c=&p=
WA,2026-08-04,Primary,Assessor,County,Kitsap,ocd-division/country:us/state:wa/county:kitsap,Phil Cook,Republican Party,,https://voter.votewa.gov/elections/voterguide.ashx?e=898&la=en&c=&p=
WA,2026-08-04,Primary,Assessor,County,Stevens,ocd-division/country:us/state:wa/county:stevens,Rick Johnson,Republican Party,,https://voter.votewa.gov/elections/voterguide.ashx?e=898&la=en&c=&p=
WA,2026-08-04,Primary,Assessor,County,King,ocd-division/country:us/state:wa/county:king,Rob Foxcurran,,,https://voter.votewa.gov/elections/voterguide.ashx?e=898&la=en&c=&p=
WA,2026-08-04,Primary,Assessor,County,Lewis,ocd-division/country:us/state:wa/county:lewis,Ross W. Nielson,Republican Party,,https://voter.votewa.gov/elections/voterguide.ashx?e=898&la=en&c=&p=
WA,2026-08-04,Primary,Assessor,County,Spokane,ocd-division/country:us/state:wa/county:spokane,Tom Konis,Republican Party,,https://voter.votewa.gov/elections/voterguide.ashx?e=898&la=en&c=&p=
WA,2026-08-04,Primary,Assessor,County,Adams,ocd-division/country:us/state:wa/county:adams,Veronica Rodriguez,Republican Party,,https://voter.votewa.gov/elections/voterguide.ashx?e=898&la=en&c=&p=
WA,2026-08-04,Primary,Assessor,County,Whitman,ocd-division/country:us/state:wa/county:whitman,Wraylee Flodin,Republican Party,,https://voter.votewa.gov/elections/voterguide.ashx?e=898&la=en&c=&p=
WA,2026-08-04,Primary,Auditor,County,Benton,ocd-division/country:us/state:wa/county:benton,Brenda Chilton,Republican Party,,https://voter.votewa.gov/elections/voterguide.ashx?e=898&la=en&c=&p=
WA,2026-08-04,Primary,Auditor,County,Grays Harbor,ocd-division/country:us/state:wa/county:grays_harbor,Brielle S Joyce,Democratic Party,,https://voter.votewa.gov/elections/voterguide.ashx?e=898&la=en&c=&p=
WA,2026-08-04,Primary,Auditor,County,Kittitas,ocd-division/country:us/state:wa/county:kittitas,Bryan Elliott,Republican Party,,https://voter.votewa.gov/elections/voterguide.ashx?e=898&la=en&c=&p=
WA,2026-08-04,Primary,Auditor,County,Spokane,ocd-division/country:us/state:wa/county:spokane,Callie Gee,Democratic Party,,https://voter.votewa.gov/elections/voterguide.ashx?e=898&la=en&c=&p=
WA,2026-08-04,Primary,Auditor,County,Okanogan,ocd-division/country:us/state:wa/county:okanogan,Cari L Hall,Republican Party,,https://voter.votewa.gov/elections/voterguide.ashx?e=898&la=en&c=&p=
WA,2026-08-04,Primary,Auditor,County,Cowlitz,ocd-division/country:us/state:wa/county:cowlitz,Carolyn Fundingsland,Independent Party,,https://voter.votewa.gov/elections/voterguide.ashx?e=898&la=en&c=&p=
WA,2026-08-04,Primary,Auditor,County,Grays Harbor,ocd-division/country:us/state:wa/county:grays_harbor,Charlee Paull,Republican Party,,https://voter.votewa.gov/elections/voterguide.ashx?e=898&la=en&c=&p=
WA,2026-08-04,Primary,Auditor,County,Yakima,ocd-division/country:us/state:wa/county:yakima,Charles Ross,Republican Party,,https://voter.votewa.gov/elections/voterguide.ashx?e=898&la=en&c=&p=
WA,2026-08-04,Primary,Auditor,County,Adams,ocd-division/country:us/state:wa/county:adams,Courtney Fannin,Republican Party,,https://voter.votewa.gov/elections/voterguide.ashx?e=898&la=en&c=&p=
WA,2026-08-04,Primary,Auditor,County,Whitman,ocd-division/country:us/state:wa/county:whitman,Crystn Guenthner,No Party Preference,,https://voter.votewa.gov/elections/voterguide.ashx?e=898&la=en&c=&p=
WA,2026-08-04,Primary,Auditor,County,Spokane,ocd-division/country:us/state:wa/county:spokane,Dale Whitaker,REPUBLICAN Party,,https://voter.votewa.gov/elections/voterguide.ashx?e=898&la=en&c=&p=
WA,2026-08-04,Primary,Auditor,County,Stevens,ocd-division/country:us/state:wa/county:stevens,Eric Simpson,Republican Party,,https://voter.votewa.gov/elections/voterguide.ashx?e=898&la=en&c=&p=
WA,2026-08-04,Primary,Auditor,County,Lewis,ocd-division/country:us/state:wa/county:lewis,Frank L. Corbin,Republican Party,,https://voter.votewa.gov/elections/voterguide.ashx?e=898&la=en&c=&p=
WA,2026-08-04,Primary,Auditor,County,Walla Walla,ocd-division/country:us/state:wa/county:walla_walla,Gregory A. Tompkins,No Party Preference,,https://voter.votewa.gov/elections/voterguide.ashx?e=898&la=en&c=&p=
WA,2026-08-04,Primary,Auditor,County,Adams,ocd-division/country:us/state:wa/county:adams,Jacque Laird,Republican Party,,https://voter.votewa.gov/elections/voterguide.ashx?e=898&la=en&c=&p=
WA,2026-08-04,Primary,Auditor,County,Skagit,ocd-division/country:us/state:wa/county:skagit,Jeremy Harrison-Smith,Democratic Party,,https://voter.votewa.gov/elections/voterguide.ashx?e=898&la=en&c=&p=
WA,2026-08-04,Primary,Auditor,County,Whitman,ocd-division/country:us/state:wa/county:whitman,Kenneth Millar,No Party Preference,,https://voter.votewa.gov/elections/voterguide.ashx?e=898&la=en&c=&p=
WA,2026-08-04,Primary,Auditor,County,Jefferson,ocd-division/country:us/state:wa/county:jefferson,Lauralee Kiesel,No Party Preference,,https://voter.votewa.gov/elections/voterguide.ashx?e=898&la=en&c=&p=
WA,2026-08-04,Primary,Auditor,County,Stevens,ocd-division/country:us/state:wa/county:stevens,Lori Larsen,Republican Party,,https://voter.votewa.gov/elections/voterguide.ashx?e=898&la=en&c=&p=
WA,2026-08-04,Primary,Auditor,County,Walla Walla,ocd-division/country:us/state:wa/county:walla_walla,MARJORIE DENTON SANBORN,No Party Preference,,https://voter.votewa.gov/elections/voterguide.ashx?e=898&la=en&c=&p=
WA,2026-08-04,Primary,Auditor,County,Yakima,ocd-division/country:us/state:wa/county:yakima,Maria Cuevas,Democratic Party,,https://voter.votewa.gov/elections/voterguide.ashx?e=898&la=en&c=&p=
WA,2026-08-04,Primary,Auditor,County,Skagit,ocd-division/country:us/state:wa/county:skagit,Mark Hulst,Independent Party,,https://voter.votewa.gov/elections/voterguide.ashx?e=898&la=en&c=&p=
WA,2026-08-04,Primary,Auditor,County,Yakima,ocd-division/country:us/state:wa/county:yakima,Matt Barker,Republican Party,,https://voter.votewa.gov/elections/voterguide.ashx?e=898&la=en&c=&p=
WA,2026-08-04,Primary,Auditor,County,Franklin,ocd-division/country:us/state:wa/county:franklin,Matt Beaton,Republican Party,,https://voter.votewa.gov/elections/voterguide.ashx?e=898&la=en&c=&p=
WA,2026-08-04,Primary,Auditor,County,Spokane,ocd-division/country:us/state:wa/county:spokane,Michael Cathcart,Republican Party,,https://voter.votewa.gov/elections/voterguide.ashx?e=898&la=en&c=&p=
WA,2026-08-04,Primary,Auditor,County,Lewis,ocd-division/country:us/state:wa/county:lewis,Mitch Townsend,Republican Party,,https://voter.votewa.gov/elections/voterguide.ashx?e=898&la=en&c=&p=
WA,2026-08-04,Primary,Auditor,County,Lewis,ocd-division/country:us/state:wa/county:lewis,Mitchell L. Merrill,Republican Party,,https://voter.votewa.gov/elections/voterguide.ashx?e=898&la=en&c=&p=
WA,2026-08-04,Primary,Auditor,County,Mason,ocd-division/country:us/state:wa/county:mason,Monika Balmer,Republican Party,,https://voter.votewa.gov/elections/voterguide.ashx?e=898&la=en&c=&p=
WA,2026-08-04,Primary,Auditor,County,Kitsap,ocd-division/country:us/state:wa/county:kitsap,Paul Andrews,Democratic Party,,https://voter.votewa.gov/elections/voterguide.ashx?e=898&la=en&c=&p=
WA,2026-08-04,Primary,Auditor,County,Skamania,ocd-division/country:us/state:wa/county:skamania,Robert J Waymire,Republican Party,,https://voter.votewa.gov/elections/voterguide.ashx?e=898&la=en&c=&p=
WA,2026-08-04,Primary,Auditor,County,Walla Walla,ocd-division/country:us/state:wa/county:walla_walla,Sheryl R. Park,Republican Party,,https://voter.votewa.gov/elections/voterguide.ashx?e=898&la=en&c=&p=
WA,2026-08-04,Primary,Auditor,County,Adams,ocd-division/country:us/state:wa/county:adams,Stephanie Dormaier,Republican Party,,https://voter.votewa.gov/elections/voterguide.ashx?e=898&la=en&c=&p=
WA,2026-08-04,Primary,Auditor,County,Mason,ocd-division/country:us/state:wa/county:mason,Steve Duenkel,Republican Party,,https://voter.votewa.gov/elections/voterguide.ashx?e=898&la=en&c=&p=
WA,2026-08-04,Primary,Auditor,County,Mason,ocd-division/country:us/state:wa/county:mason,Tamra 'Tam' Ingwaldson,Democratic Party,,https://voter.votewa.gov/elections/voterguide.ashx?e=898&la=en&c=&p=
WA,2026-08-04,Primary,Auditor,County,Douglas,ocd-division/country:us/state:wa/county:douglas,Thad Duvall,Nonpartisan Party,,https://voter.votewa.gov/elections/voterguide.ashx?e=898&la=en&c=&p=
WA,2026-08-04,Primary,Auditor,County,Thurston,ocd-division/country:us/state:wa/county:thurston,Tillie Naputi-Pullar,Democratic Party,,https://voter.votewa.gov/elections/voterguide.ashx?e=898&la=en&c=&p=
WA,2026-08-04,Primary,Auditor,County,Walla Walla,ocd-division/country:us/state:wa/county:walla_walla,Tim Reeves,Democrat Party,,https://voter.votewa.gov/elections/voterguide.ashx?e=898&la=en&c=&p=
WA,2026-08-04,Primary,Auditor,County,Mason,ocd-division/country:us/state:wa/county:mason,Vivian Glass,No Party Preference,,https://voter.votewa.gov/elections/voterguide.ashx?e=898&la=en&c=&p=
WA,2026-08-04,Primary,CLERK,Chelan County,Chelan,ocd-division/country:us/state:wa/county:chelan,Charlene Beck,No Party Preference,,https://voter.votewa.gov/elections/voterguide.ashx?e=898&la=en&c=&p=
WA,2026-08-04,Primary,CLERK,Chelan County,Chelan,ocd-division/country:us/state:wa/county:chelan,Marty Young,Republican Party,,https://voter.votewa.gov/elections/voterguide.ashx?e=898&la=en&c=&p=
WA,2026-08-04,Primary,CLERK,Chelan County,Chelan,ocd-division/country:us/state:wa/county:chelan,Samantha J Thompson,Republican Party,,https://voter.votewa.gov/elections/voterguide.ashx?e=898&la=en&c=&p=
WA,2026-08-04,Primary,CLERK,Chelan County,Chelan,ocd-division/country:us/state:wa/county:chelan,Sandra Arechiga,Independent Party,,https://voter.votewa.gov/elections/voterguide.ashx?e=898&la=en&c=&p=
WA,2026-08-04,Primary,CLERK,County,Lincoln,ocd-division/country:us/state:wa/county:lincoln,Traci Gants,Republican Party,,https://voter.votewa.gov/elections/voterguide.ashx?e=898&la=en&c=&p=
WA,2026-08-04,Primary,COMMISSIONER DISTRICT NO. 2,Co Commissioner District No. 2,Chelan,ocd-division/country:us/state:wa/county:chelan,Clint Strand,Democrat Party,,https://voter.votewa.gov/elections/voterguide.ashx?e=898&la=en&c=&p=
WA,2026-08-04,Primary,COMMISSIONER DISTRICT NO. 2,Co Commissioner District No. 2,Chelan,ocd-division/country:us/state:wa/county:chelan,Nathanial Helligso,Independent Party,,https://voter.votewa.gov/elections/voterguide.ashx?e=898&la=en&c=&p=
WA,2026-08-04,Primary,COMMISSIONER DISTRICT NO. 2,Co Commissioner District No. 2,Chelan,ocd-division/country:us/state:wa/county:chelan,Shon D. Smith,Republican Party,,https://voter.votewa.gov/elections/voterguide.ashx?e=898&la=en&c=&p=
WA,2026-08-04,Primary,"COMMISSIONER, DISTRICT NO. 3",Clark Public Utilities - Comm. Dist. #3,Clark,ocd-division/country:us/state:wa/county:clark,Gordon Matthews,,,https://voter.votewa.gov/elections/voterguide.ashx?e=898&la=en&c=&p=
WA,2026-08-04,Primary,"COMMISSIONER, DISTRICT NO. 3",Clark Public Utilities - Comm. Dist. #3,Clark,ocd-division/country:us/state:wa/county:clark,Jane A. Van Dyke,,,https://voter.votewa.gov/elections/voterguide.ashx?e=898&la=en&c=&p=
WA,2026-08-04,Primary,"COMMISSIONER, DISTRICT NO. 3",Clark Public Utilities - Comm. Dist. #3,Clark,ocd-division/country:us/state:wa/county:clark,Kevin Roegner,,,https://voter.votewa.gov/elections/voterguide.ashx?e=898&la=en&c=&p=
WA,2026-08-04,Primary,CORONER,Chelan County,Chelan,ocd-division/country:us/state:wa/county:chelan,Earl J. Crowe,Republican Party,,https://voter.votewa.gov/elections/voterguide.ashx?e=898&la=en&c=&p=
WA,2026-08-04,Primary,"COUNCILOR, DISTRICT NO. 1",County Councilor District No. 1,Clark,ocd-division/country:us/state:wa/county:clark,Bryan Shull,,,https://voter.votewa.gov/elections/voterguide.ashx?e=898&la=en&c=&p=
WA,2026-08-04,Primary,"COUNCILOR, DISTRICT NO. 1",County Councilor District No. 1,Clark,ocd-division/country:us/state:wa/county:clark,Dusti Arab,,,https://voter.votewa.gov/elections/voterguide.ashx?e=898&la=en&c=&p=
WA,2026-08-04,Primary,"COUNCILOR, DISTRICT NO. 1",County Councilor District No. 1,Clark,ocd-division/country:us/state:wa/county:clark,Glen Yung,,,https://voter.votewa.gov/elections/voterguide.ashx?e=898&la=en&c=&p=
WA,2026-08-04,Primary,"COUNCILOR, DISTRICT NO. 1",County Councilor District No. 1,Clark,ocd-division/country:us/state:wa/county:clark,Lukas Bardue,,,https://voter.votewa.gov/elections/voterguide.ashx?e=898&la=en&c=&p=
WA,2026-08-04,Primary,"COUNCILOR, DISTRICT NO. 2",County Councilor District No. 2,Clark,ocd-division/country:us/state:wa/county:clark,John Zingale,,,https://voter.votewa.gov/elections/voterguide.ashx?e=898&la=en&c=&p=
WA,2026-08-04,Primary,"COUNCILOR, DISTRICT NO. 2",County Councilor District No. 2,Clark,ocd-division/country:us/state:wa/county:clark,Martin Pittioni,,,https://voter.votewa.gov/elections/voterguide.ashx?e=898&la=en&c=&p=
WA,2026-08-04,Primary,"COUNCILOR, DISTRICT NO. 2",County Councilor District No. 2,Clark,ocd-division/country:us/state:wa/county:clark,Michelle Belkot,,,https://voter.votewa.gov/elections/voterguide.ashx?e=898&la=en&c=&p=
WA,2026-08-04,Primary,"COUNCILOR, DISTRICT NO. 5",County Councilor District No. 5,Clark,ocd-division/country:us/state:wa/county:clark,Peter Silliman,,,https://voter.votewa.gov/elections/voterguide.ashx?e=898&la=en&c=&p=
WA,2026-08-04,Primary,"COUNCILOR, DISTRICT NO. 5",County Councilor District No. 5,Clark,ocd-division/country:us/state:wa/county:clark,Troy McCoy,,,https://voter.votewa.gov/elections/voterguide.ashx?e=898&la=en&c=&p=
WA,2026-08-04,Primary,COUNTY ASSESSOR,County,Garfield,ocd-division/country:us/state:wa/county:garfield,Brian Bartels,Republican Party,,https://voter.votewa.gov/elections/voterguide.ashx?e=898&la=en&c=&p=
WA,2026-08-04,Primary,COUNTY ASSESSOR,County,Pacific,ocd-division/country:us/state:wa/county:pacific,Bruce Walker,No Party Preference,,https://voter.votewa.gov/elections/voterguide.ashx?e=898&la=en&c=&p=
WA,2026-08-04,Primary,COUNTY ASSESSOR,County,Pacific,ocd-division/country:us/state:wa/county:pacific,Jeffrey Phelan,No Party Preference,,https://voter.votewa.gov/elections/voterguide.ashx?e=898&la=en&c=&p=
WA,2026-08-04,Primary,COUNTY ASSESSOR,County,Pend Oreille,ocd-division/country:us/state:wa/county:pend_oreille,Nathan J Longly,Republican Party,,https://voter.votewa.gov/elections/voterguide.ashx?e=898&la=en&c=&p=
WA,2026-08-04,Primary,COUNTY ASSESSOR,County,Clark,ocd-division/country:us/state:wa/county:clark,Peter Van Nortwick,,,https://voter.votewa.gov/elections/voterguide.ashx?e=898&la=en&c=&p=
WA,2026-08-04,Primary,COUNTY ASSESSOR,County,Clark,ocd-division/country:us/state:wa/county:clark,Tyler Thoune,,,https://voter.votewa.gov/elections/voterguide.ashx?e=898&la=en&c=&p=
WA,2026-08-04,Primary,COUNTY AUDITOR,County,Pacific,ocd-division/country:us/state:wa/county:pacific,Dotsi Graves,Independent Party,,https://voter.votewa.gov/elections/voterguide.ashx?e=898&la=en&c=&p=
WA,2026-08-04,Primary,COUNTY AUDITOR,County,Clark,ocd-division/country:us/state:wa/county:clark,Eileen Quiring O'Brien,,,https://voter.votewa.gov/elections/voterguide.ashx?e=898&la=en&c=&p=
WA,2026-08-04,Primary,COUNTY AUDITOR,County,Pend Oreille,ocd-division/country:us/state:wa/county:pend_oreille,Marianne Nichols,Republican Party,,https://voter.votewa.gov/elections/voterguide.ashx?e=898&la=en&c=&p=
WA,2026-08-04,Primary,COUNTY AUDITOR,County,Garfield,ocd-division/country:us/state:wa/county:garfield,McKenzie Lueck,No Party Preference,,https://voter.votewa.gov/elections/voterguide.ashx?e=898&la=en&c=&p=
WA,2026-08-04,Primary,COUNTY AUDITOR,County,Clark,ocd-division/country:us/state:wa/county:clark,Mitchell Kelly,,,https://voter.votewa.gov/elections/voterguide.ashx?e=898&la=en&c=&p=
WA,2026-08-04,Primary,COUNTY AUDITOR,County,Pacific,ocd-division/country:us/state:wa/county:pacific,Nicole Deskins,Independent Party,,https://voter.votewa.gov/elections/voterguide.ashx?e=898&la=en&c=&p=
WA,2026-08-04,Primary,COUNTY AUDITOR,County,Clark,ocd-division/country:us/state:wa/county:clark,Sharon Wylie,,,https://voter.votewa.gov/elections/voterguide.ashx?e=898&la=en&c=&p=
WA,2026-08-04,Primary,COUNTY AUDITOR,County,Clark,ocd-division/country:us/state:wa/county:clark,Ty Stober,,,https://voter.votewa.gov/elections/voterguide.ashx?e=898&la=en&c=&p=
WA,2026-08-04,Primary,COUNTY CLERK,County,Pacific,ocd-division/country:us/state:wa/county:pacific,Emma Rose,Independent Party,,https://voter.votewa.gov/elections/voterguide.ashx?e=898&la=en&c=&p=
WA,2026-08-04,Primary,COUNTY CLERK,County,Clark,ocd-division/country:us/state:wa/county:clark,Gerald E. Gray,,,https://voter.votewa.gov/elections/voterguide.ashx?e=898&la=en&c=&p=
WA,2026-08-04,Primary,COUNTY CLERK,County,Garfield,ocd-division/country:us/state:wa/county:garfield,Marie Gormsen,Republican Party,,https://voter.votewa.gov/elections/voterguide.ashx?e=898&la=en&c=&p=
WA,2026-08-04,Primary,COUNTY CLERK,County,Clark,ocd-division/country:us/state:wa/county:clark,Rachel Shapiro,,,https://voter.votewa.gov/elections/voterguide.ashx?e=898&la=en&c=&p=
WA,2026-08-04,Primary,COUNTY CLERK,County,Clark,ocd-division/country:us/state:wa/county:clark,Scott G Weber,,,https://voter.votewa.gov/elections/voterguide.ashx?e=898&la=en&c=&p=
WA,2026-08-04,Primary,COUNTY CLERK,County,Pend Oreille,ocd-division/country:us/state:wa/county:pend_oreille,Tammie Ownbey,Republican Party,,https://voter.votewa.gov/elections/voterguide.ashx?e=898&la=en&c=&p=
WA,2026-08-04,Primary,COUNTY COMMISSIONER #03,County Commissioner #3,Pacific,ocd-division/country:us/state:wa/county:pacific,Jerry Doyle,Independent Party,,https://voter.votewa.gov/elections/voterguide.ashx?e=898&la=en&c=&p=
WA,2026-08-04,Primary,COUNTY COMMISSIONER #03,County Commissioner #3,Pacific,ocd-division/country:us/state:wa/county:pacific,"Michael ""Hawk"" Runyon",No Party Preference,,https://voter.votewa.gov/elections/voterguide.ashx?e=898&la=en&c=&p=
WA,2026-08-04,Primary,COUNTY COMMISSIONER #03,County Commissioner #3,Pacific,ocd-division/country:us/state:wa/county:pacific,Pattie Gray,Republican Party,,https://voter.votewa.gov/elections/voterguide.ashx?e=898&la=en&c=&p=
WA,2026-08-04,Primary,COUNTY COMMISSIONER #03,County Commissioner #3,Pacific,ocd-division/country:us/state:wa/county:pacific,Ron A. Mullins,Democrat Party,,https://voter.votewa.gov/elections/voterguide.ashx?e=898&la=en&c=&p=
WA,2026-08-04,Primary,COUNTY COMMISSIONER #03,County Commissioner #3,Pacific,ocd-division/country:us/state:wa/county:pacific,Ron Black,Independent Party,,https://voter.votewa.gov/elections/voterguide.ashx?e=898&la=en&c=&p=
WA,2026-08-04,Primary,COUNTY COMMISSIONER 1,Commissioner District 1,Garfield,ocd-division/country:us/state:wa/county:garfield,Beau Blachly,No Party Preference,,https://voter.votewa.gov/elections/voterguide.ashx?e=898&la=en&c=&p=
WA,2026-08-04,Primary,COUNTY COMMISSIONER 1,Commissioner District 1,Garfield,ocd-division/country:us/state:wa/county:garfield,Vonda (Vonni) Mulrony,Republican Party,,https://voter.votewa.gov/elections/voterguide.ashx?e=898&la=en&c=&p=
WA,2026-08-04,Primary,COUNTY COMMISSIONER 2,Commissioner  - 02,Pend Oreille,ocd-division/country:us/state:wa/county:pend_oreille,Brandy Parker Warren,Republican Party,,https://voter.votewa.gov/elections/voterguide.ashx?e=898&la=en&c=&p=
WA,2026-08-04,Primary,COUNTY COMMISSIONER 2,Commissioner  - 02,Pend Oreille,ocd-division/country:us/state:wa/county:pend_oreille,Robert Rosencrantz,REPUBLICAN Party,,https://voter.votewa.gov/elections/voterguide.ashx?e=898&la=en&c=&p=
WA,2026-08-04,Primary,COUNTY COMMISSIONER 3,Commissioner District 3,Garfield,ocd-division/country:us/state:wa/county:garfield,Gary W. Bowles,No Party Preference,,https://voter.votewa.gov/elections/voterguide.ashx?e=898&la=en&c=&p=
WA,2026-08-04,Primary,COUNTY COMMISSIONER 3,Commissioner District 3,Garfield,ocd-division/country:us/state:wa/county:garfield,Justin E. Dixon,Republican Party,,https://voter.votewa.gov/elections/voterguide.ashx?e=898&la=en&c=&p=
WA,2026-08-04,Primary,COUNTY PROSECUTING ATTORNEY,County,Clark,ocd-division/country:us/state:wa/county:clark,Laurel Smith,,,https://voter.votewa.gov/elections/voterguide.ashx?e=898&la=en&c=&p=
WA,2026-08-04,Primary,COUNTY PROSECUTOR,County,Pend Oreille,ocd-division/country:us/state:wa/county:pend_oreille,Dolly Hunt,Republican Party,,https://voter.votewa.gov/elections/voterguide.ashx?e=898&la=en&c=&p=
WA,2026-08-04,Primary,COUNTY PROSECUTOR,County,Garfield,ocd-division/country:us/state:wa/county:garfield,Matt L. Newberg,REPUBLICAN Party,,https://voter.votewa.gov/elections/voterguide.ashx?e=898&la=en&c=&p=
WA,2026-08-04,Primary,COUNTY SHERIFF,County,Garfield,ocd-division/country:us/state:wa/county:garfield,Calvin Dansereau,No Party Preference,,https://voter.votewa.gov/elections/voterguide.ashx?e=898&la=en&c=&p=
WA,2026-08-04,Primary,COUNTY SHERIFF,County,Pacific,ocd-division/country:us/state:wa/county:pacific,Daniel C. Garcia,Republican Party,,https://voter.votewa.gov/elections/voterguide.ashx?e=898&la=en&c=&p=
WA,2026-08-04,Primary,COUNTY SHERIFF,County,Pacific,ocd-division/country:us/state:wa/county:pacific,David Podesta,Republican Party,,https://voter.votewa.gov/elections/voterguide.ashx?e=898&la=en&c=&p=
WA,2026-08-04,Primary,COUNTY SHERIFF,County,Pend Oreille,ocd-division/country:us/state:wa/county:pend_oreille,Glenn Blakeslee,Republican Party,,https://voter.votewa.gov/elections/voterguide.ashx?e=898&la=en&c=&p=
WA,2026-08-04,Primary,COUNTY SHERIFF,County,Clark,ocd-division/country:us/state:wa/county:clark,John Horch,,,https://voter.votewa.gov/elections/voterguide.ashx?e=898&la=en&c=&p=
WA,2026-08-04,Primary,COUNTY SHERIFF,County,Garfield,ocd-division/country:us/state:wa/county:garfield,Kristopher Lee Taylor,No Party Preference,,https://voter.votewa.gov/elections/voterguide.ashx?e=898&la=en&c=&p=
WA,2026-08-04,Primary,COUNTY SHERIFF,County,Pacific,ocd-division/country:us/state:wa/county:pacific,Rich Byrd,Independent Party,,https://voter.votewa.gov/elections/voterguide.ashx?e=898&la=en&c=&p=
WA,2026-08-04,Primary,COUNTY SHERIFF,County,Pacific,ocd-division/country:us/state:wa/county:pacific,Sean K. Eastham,Independent Party,,https://voter.votewa.gov/elections/voterguide.ashx?e=898&la=en&c=&p=
WA,2026-08-04,Primary,COUNTY TREASURER,County,Clark,ocd-division/country:us/state:wa/county:clark,Alishia Topper,,,https://voter.votewa.gov/elections/voterguide.ashx?e=898&la=en&c=&p=
WA,2026-08-04,Primary,COUNTY TREASURER,County,Pend Oreille,ocd-division/country:us/state:wa/county:pend_oreille,Nicole Dice,Republican Party,,https://voter.votewa.gov/elections/voterguide.ashx?e=898&la=en&c=&p=
WA,2026-08-04,Primary,COUNTY TREASURER,County,Pacific,ocd-division/country:us/state:wa/county:pacific,Sheila Didion,Independent Party,,https://voter.votewa.gov/elections/voterguide.ashx?e=898&la=en&c=&p=
WA,2026-08-04,Primary,COUNTY TREASURER,County,Garfield,ocd-division/country:us/state:wa/county:garfield,Tereasa Summers,Democratic Party,,https://voter.votewa.gov/elections/voterguide.ashx?e=898&la=en&c=&p=
WA,2026-08-04,Primary,Clerk,County,Jefferson,ocd-division/country:us/state:wa/county:jefferson,Amanda Hamilton,Democratic Party,,https://voter.votewa.gov/elections/voterguide.ashx?e=898&la=en&c=&p=
WA,2026-08-04,Primary,Clerk,County,Cowlitz,ocd-division/country:us/state:wa/county:cowlitz,Ashley White,Independent Party,,https://voter.votewa.gov/elections/voterguide.ashx?e=898&la=en&c=&p=
WA,2026-08-04,Primary,Clerk,County,Walla Walla,ocd-division/country:us/state:wa/county:walla_walla,Becky Renwick,Republican Party,,https://voter.votewa.gov/elections/voterguide.ashx?e=898&la=en&c=&p=
WA,2026-08-04,Primary,Clerk,County,Yakima,ocd-division/country:us/state:wa/county:yakima,Billie A. Maggard,Republican Party,,https://voter.votewa.gov/elections/voterguide.ashx?e=898&la=en&c=&p=
WA,2026-08-04,Primary,Clerk,County,Kitsap,ocd-division/country:us/state:wa/county:kitsap,Brien Kennedy,Democratic Party,,https://voter.votewa.gov/elections/voterguide.ashx?e=898&la=en&c=&p=
WA,2026-08-04,Primary,Clerk,County,Adams,ocd-division/country:us/state:wa/county:adams,Catherine R. Sloan,Republican Party,,https://voter.votewa.gov/elections/voterguide.ashx?e=898&la=en&c=&p=
WA,2026-08-04,Primary,Clerk,County,Mason,ocd-division/country:us/state:wa/county:mason,Charles G. Rhodes,Republican Party,,https://voter.votewa.gov/elections/voterguide.ashx?e=898&la=en&c=&p=
WA,2026-08-04,Primary,Clerk,County,Spokane,ocd-division/country:us/state:wa/county:spokane,Dave Lucas,Republican Party,,https://voter.votewa.gov/elections/voterguide.ashx?e=898&la=en&c=&p=
WA,2026-08-04,Primary,Clerk,County,Kitsap,ocd-division/country:us/state:wa/county:kitsap,David T Lewis III,Democratic Party,,https://voter.votewa.gov/elections/voterguide.ashx?e=898&la=en&c=&p=
WA,2026-08-04,Primary,Clerk,County,Spokane,ocd-division/country:us/state:wa/county:spokane,Elliot Robison,Democratic Party,,https://voter.votewa.gov/elections/voterguide.ashx?e=898&la=en&c=&p=
WA,2026-08-04,Primary,Clerk,County,Thurston,ocd-division/country:us/state:wa/county:thurston,Garrett Cady,Independent Party,,https://voter.votewa.gov/elections/voterguide.ashx?e=898&la=en&c=&p=
WA,2026-08-04,Primary,Clerk,County,Skamania,ocd-division/country:us/state:wa/county:skamania,Grace D. Cross,Democratic Party,,https://voter.votewa.gov/elections/voterguide.ashx?e=898&la=en&c=&p=
WA,2026-08-04,Primary,Clerk,County,Whitman,ocd-division/country:us/state:wa/county:whitman,Jill Whelchel,No Party Preference,,https://voter.votewa.gov/elections/voterguide.ashx?e=898&la=en&c=&p=
WA,2026-08-04,Primary,Clerk,County,Benton,ocd-division/country:us/state:wa/county:benton,Josie Delvin,Republican Party,,https://voter.votewa.gov/elections/voterguide.ashx?e=898&la=en&c=&p=
WA,2026-08-04,Primary,Clerk,County,Grays Harbor,ocd-division/country:us/state:wa/county:grays_harbor,Kym Foster,Practical Democrat Party,,https://voter.votewa.gov/elections/voterguide.ashx?e=898&la=en&c=&p=
WA,2026-08-04,Primary,Clerk,County,Skagit,ocd-division/country:us/state:wa/county:skagit,Melissa Beaton,Democratic Party,,https://voter.votewa.gov/elections/voterguide.ashx?e=898&la=en&c=&p=
WA,2026-08-04,Primary,Clerk,County,Stevens,ocd-division/country:us/state:wa/county:stevens,Michelle Enright,Republican Party,,https://voter.votewa.gov/elections/voterguide.ashx?e=898&la=en&c=&p=
WA,2026-08-04,Primary,Clerk,County,Thurston,ocd-division/country:us/state:wa/county:thurston,Nicole Miller,Democratic Party,,https://voter.votewa.gov/elections/voterguide.ashx?e=898&la=en&c=&p=
WA,2026-08-04,Primary,Clerk,County,Skamania,ocd-division/country:us/state:wa/county:skamania,Olivia D. Munsch,Republican Party,,https://voter.votewa.gov/elections/voterguide.ashx?e=898&la=en&c=&p=
WA,2026-08-04,Primary,Clerk,County,Franklin,ocd-division/country:us/state:wa/county:franklin,Ruby Ochoa,Republican Party,,https://voter.votewa.gov/elections/voterguide.ashx?e=898&la=en&c=&p=
WA,2026-08-04,Primary,Clerk,County,Lewis,ocd-division/country:us/state:wa/county:lewis,Scott Tinney,Republican Party,,https://voter.votewa.gov/elections/voterguide.ashx?e=898&la=en&c=&p=
WA,2026-08-04,Primary,Clerk,County,Cowlitz,ocd-division/country:us/state:wa/county:cowlitz,Staci Myklebust,Independant Party,,https://voter.votewa.gov/elections/voterguide.ashx?e=898&la=en&c=&p=
WA,2026-08-04,Primary,Clerk,County,Kittitas,ocd-division/country:us/state:wa/county:kittitas,Stephanie George,Republican Party,,https://voter.votewa.gov/elections/voterguide.ashx?e=898&la=en&c=&p=
WA,2026-08-04,Primary,Clerk,County,Okanogan,ocd-division/country:us/state:wa/county:okanogan,Susan Speiker,Republican Party,,https://voter.votewa.gov/elections/voterguide.ashx?e=898&la=en&c=&p=
WA,2026-08-04,Primary,Clerk,County,Mason,ocd-division/country:us/state:wa/county:mason,Tammy Clark,Republican Party,,https://voter.votewa.gov/elections/voterguide.ashx?e=898&la=en&c=&p=
WA,2026-08-04,Primary,Clerk of Superior Court,County,Douglas,ocd-division/country:us/state:wa/county:douglas,Andrea Jester,Republican Party,,https://voter.votewa.gov/elections/voterguide.ashx?e=898&la=en&c=&p=
WA,2026-08-04,Primary,Clerk of Superior Court,County,Douglas,ocd-division/country:us/state:wa/county:douglas,Jenn Biggar,Republican Party,,https://voter.votewa.gov/elections/voterguide.ashx?e=898&la=en&c=&p=
WA,2026-08-04,Primary,Columbia County  Assessor,County,Columbia,ocd-division/country:us/state:wa/county:columbia,Tammy Groom Ketterman,Republican Party,,https://voter.votewa.gov/elections/voterguide.ashx?e=898&la=en&c=&p=
WA,2026-08-04,Primary,Columbia County Auditor,County,Columbia,ocd-division/country:us/state:wa/county:columbia,Will Hutchens,No Party Preference,,https://voter.votewa.gov/elections/voterguide.ashx?e=898&la=en&c=&p=
WA,2026-08-04,Primary,Columbia County Clerk,County,Columbia,ocd-division/country:us/state:wa/county:columbia,Kriston Chapman,Republican Party,,https://voter.votewa.gov/elections/voterguide.ashx?e=898&la=en&c=&p=
WA,2026-08-04,Primary,Columbia County Commissioner No. 3,Commissioner District 3,Columbia,ocd-division/country:us/state:wa/county:columbia,Bill Warren,Republican Party,,https://voter.votewa.gov/elections/voterguide.ashx?e=898&la=en&c=&p=
WA,2026-08-04,Primary,Columbia County Commissioner No. 3,Commissioner District 3,Columbia,ocd-division/country:us/state:wa/county:columbia,Jack Miller,Republican Party,,https://voter.votewa.gov/elections/voterguide.ashx?e=898&la=en&c=&p=
WA,2026-08-04,Primary,Columbia County Prosecutor,County,Columbia,ocd-division/country:us/state:wa/county:columbia,Nickolas J. Ward,No Party Preference,,https://voter.votewa.gov/elections/voterguide.ashx?e=898&la=en&c=&p=
WA,2026-08-04,Primary,Columbia County Sheriff,County,Columbia,ocd-division/country:us/state:wa/county:columbia,Joe Helm,Republican Party,,https://voter.votewa.gov/elections/voterguide.ashx?e=898&la=en&c=&p=
WA,2026-08-04,Primary,Columbia County Treasurer,County,Columbia,ocd-division/country:us/state:wa/county:columbia,Carla Rowe,No Party Preference,,https://voter.votewa.gov/elections/voterguide.ashx?e=898&la=en&c=&p=
WA,2026-08-04,Primary,Commissioner #2,Commissioner District - 002,Stevens,ocd-division/country:us/state:wa/county:stevens,Jack Griffin Jr,No Party Preference,,https://voter.votewa.gov/elections/voterguide.ashx?e=898&la=en&c=&p=
WA,2026-08-04,Primary,Commissioner #2,Commissioner District - 002,Stevens,ocd-division/country:us/state:wa/county:stevens,Mark Burrows,Republican Party,,https://voter.votewa.gov/elections/voterguide.ashx?e=898&la=en&c=&p=
WA,2026-08-04,Primary,Commissioner #3,Commissioner District 3,Grays Harbor,ocd-division/country:us/state:wa/county:grays_harbor,Gordon E. Mitchell,Republican Party,,https://voter.votewa.gov/elections/voterguide.ashx?e=898&la=en&c=&p=
WA,2026-08-04,Primary,Commissioner #3,Commissioner District 3,Grays Harbor,ocd-division/country:us/state:wa/county:grays_harbor,JR Streifel,Republican Party,,https://voter.votewa.gov/elections/voterguide.ashx?e=898&la=en&c=&p=
WA,2026-08-04,Primary,Commissioner #3,Commissioner District 3,Grays Harbor,ocd-division/country:us/state:wa/county:grays_harbor,Stan Sturgeon,No Party Preference,,https://voter.votewa.gov/elections/voterguide.ashx?e=898&la=en&c=&p=
WA,2026-08-04,Primary,Commissioner #3,Commrs District 3,Wahkiakum,ocd-division/country:us/state:wa/county:wahkiakum,Mark D. Letham,IND Party,,https://voter.votewa.gov/elections/voterguide.ashx?e=898&la=en&c=&p=
WA,2026-08-04,Primary,Commissioner 3,Commissioner District - 3,Whitman,ocd-division/country:us/state:wa/county:whitman,Chad Whetzel,Republican Party,,https://voter.votewa.gov/elections/voterguide.ashx?e=898&la=en&c=&p=
WA,2026-08-04,Primary,Commissioner 3,County Commissioner District 3,Kittitas,ocd-division/country:us/state:wa/county:kittitas,Brett Wachsmith,GOP Party,,https://voter.votewa.gov/elections/voterguide.ashx?e=898&la=en&c=&p=
WA,2026-08-04,Primary,Commissioner District #2,Commissioner Dist #2,Benton,ocd-division/country:us/state:wa/county:benton,Michael Alvarez,Republican Party,,https://voter.votewa.gov/elections/voterguide.ashx?e=898&la=en&c=&p=
WA,2026-08-04,Primary,Commissioner District #3,Commissioner Dist #3,Grant,ocd-division/country:us/state:wa/county:grant,Janice Flynn,Republican Party,,https://voter.votewa.gov/elections/voterguide.ashx?e=898&la=en&c=&p=
WA,2026-08-04,Primary,Commissioner District #3,Commissioner Dist #3,Grant,ocd-division/country:us/state:wa/county:grant,Kelly Raap,Republican Party,,https://voter.votewa.gov/elections/voterguide.ashx?e=898&la=en&c=&p=
WA,2026-08-04,Primary,Commissioner District #3,Commissioner Dist #3,Grant,ocd-division/country:us/state:wa/county:grant,Seth Weeks,Republican Party,,https://voter.votewa.gov/elections/voterguide.ashx?e=898&la=en&c=&p=
WA,2026-08-04,Primary,Commissioner District #3,Commissioner Dist #3,Grant,ocd-division/country:us/state:wa/county:grant,Shannon Durfee,Republican Party,,https://voter.votewa.gov/elections/voterguide.ashx?e=898&la=en&c=&p=
WA,2026-08-04,Primary,Commissioner District 1,Pud Commissioner District 1,Island; Snohomish,,Bruce King,,,https://voter.votewa.gov/elections/voterguide.ashx?e=898&la=en&c=&p=
WA,2026-08-04,Primary,Commissioner District 1,Pud Commissioner District 1,Island; Snohomish,,Janet St Clair,,,https://voter.votewa.gov/elections/voterguide.ashx?e=898&la=en&c=&p=
WA,2026-08-04,Primary,Commissioner District 1,Pud Commissioner District 1,Island; Snohomish,,Sid Logan,,,https://voter.votewa.gov/elections/voterguide.ashx?e=898&la=en&c=&p=
WA,2026-08-04,Primary,Commissioner District 2,County Commissioner District No. 2,Spokane,ocd-division/country:us/state:wa/county:spokane,Amber Waldref,Democratic Party,,https://voter.votewa.gov/elections/voterguide.ashx?e=898&la=en&c=&p=
WA,2026-08-04,Primary,Commissioner District 3,Commissioner District 3,Cowlitz,ocd-division/country:us/state:wa/county:cowlitz,Chelsea Chandler,Democratic Party,,https://voter.votewa.gov/elections/voterguide.ashx?e=898&la=en&c=&p=
WA,2026-08-04,Primary,Commissioner District 3,Commissioner District 3,Skagit,ocd-division/country:us/state:wa/county:skagit,Connie Krier,Independent Party,,https://voter.votewa.gov/elections/voterguide.ashx?e=898&la=en&c=&p=
WA,2026-08-04,Primary,Commissioner District 3,Commissioner District 3,Skagit,ocd-division/country:us/state:wa/county:skagit,Joe Burns,Democratic Party,,https://voter.votewa.gov/elections/voterguide.ashx?e=898&la=en&c=&p=
WA,2026-08-04,Primary,Commissioner District 3,Commissioner District 3,Okanogan,ocd-division/country:us/state:wa/county:okanogan,Jon R Neal,Republican Party,,https://voter.votewa.gov/elections/voterguide.ashx?e=898&la=en&c=&p=
WA,2026-08-04,Primary,Commissioner District 3,Commissioner District 3,Skagit,ocd-division/country:us/state:wa/county:skagit,Keith L. Wagoner,Republican Party,,https://voter.votewa.gov/elections/voterguide.ashx?e=898&la=en&c=&p=
WA,2026-08-04,Primary,Commissioner District 3,Commissioner District 3,Cowlitz,ocd-division/country:us/state:wa/county:cowlitz,Richard Dahl,Republican Party,,https://voter.votewa.gov/elections/voterguide.ashx?e=898&la=en&c=&p=
WA,2026-08-04,Primary,Commissioner District 3,Commissioner District 3,Okanogan,ocd-division/country:us/state:wa/county:okanogan,Trinity Hightower Stucker,Republican Party,,https://voter.votewa.gov/elections/voterguide.ashx?e=898&la=en&c=&p=
WA,2026-08-04,Primary,Commissioner District 3,County Commission District 3,Franklin,ocd-division/country:us/state:wa/county:franklin,Clint Didier,Republican Party,,https://voter.votewa.gov/elections/voterguide.ashx?e=898&la=en&c=&p=
WA,2026-08-04,Primary,Commissioner District 3,County Commission District 3,Franklin,ocd-division/country:us/state:wa/county:franklin,Joel Prantle,Republican Party,,https://voter.votewa.gov/elections/voterguide.ashx?e=898&la=en&c=&p=
WA,2026-08-04,Primary,Commissioner District 3,County Commissioner District 3,Kitsap,ocd-division/country:us/state:wa/county:kitsap,Katie Walters,Democratic Party,,https://voter.votewa.gov/elections/voterguide.ashx?e=898&la=en&c=&p=
WA,2026-08-04,Primary,Commissioner District 3,County Commissioner District 3,Kitsap,ocd-division/country:us/state:wa/county:kitsap,Kevin Tisdel,Republican Party,,https://voter.votewa.gov/elections/voterguide.ashx?e=898&la=en&c=&p=
WA,2026-08-04,Primary,Commissioner District 4,County Commissioner District No. 4,Spokane,ocd-division/country:us/state:wa/county:spokane,Suzanne Schmidt,Republican Party,,https://voter.votewa.gov/elections/voterguide.ashx?e=898&la=en&c=&p=
WA,2026-08-04,Primary,Commissioner District 4,Port Of Bellingham Commissioner District 4,Whatcom,ocd-division/country:us/state:wa/county:whatcom,Dean Berkeley,,,https://voter.votewa.gov/elections/voterguide.ashx?e=898&la=en&c=&p=
WA,2026-08-04,Primary,Commissioner District 4,Port Of Bellingham Commissioner District 4,Whatcom,ocd-division/country:us/state:wa/county:whatcom,Jaden McConnell,,,https://voter.votewa.gov/elections/voterguide.ashx?e=898&la=en&c=&p=
WA,2026-08-04,Primary,Commissioner District 4,Port Of Bellingham Commissioner District 4,Whatcom,ocd-division/country:us/state:wa/county:whatcom,Paul Burrill,,,https://voter.votewa.gov/elections/voterguide.ashx?e=898&la=en&c=&p=
WA,2026-08-04,Primary,Commissioner District 4,Port Of Bellingham Commissioner District 4,Whatcom,ocd-division/country:us/state:wa/county:whatcom,Samantha Cruz-Mendoza,,,https://voter.votewa.gov/elections/voterguide.ashx?e=898&la=en&c=&p=
WA,2026-08-04,Primary,Commissioner District 4,Port Of Bellingham Commissioner District 4,Whatcom,ocd-division/country:us/state:wa/county:whatcom,Tim Chartier,,,https://voter.votewa.gov/elections/voterguide.ashx?e=898&la=en&c=&p=
WA,2026-08-04,Primary,Commissioner District 4,Port Of Bellingham Commissioner District 4,Whatcom,ocd-division/country:us/state:wa/county:whatcom,Tor Benson,,,https://voter.votewa.gov/elections/voterguide.ashx?e=898&la=en&c=&p=
WA,2026-08-04,Primary,Commissioner District 5,Port Of Bellingham Commissioner District 5,Whatcom,ocd-division/country:us/state:wa/county:whatcom,Chris Elder,,,https://voter.votewa.gov/elections/voterguide.ashx?e=898&la=en&c=&p=
WA,2026-08-04,Primary,Commissioner District 5,Port Of Bellingham Commissioner District 5,Whatcom,ocd-division/country:us/state:wa/county:whatcom,Jerry Burns,,,https://voter.votewa.gov/elections/voterguide.ashx?e=898&la=en&c=&p=
WA,2026-08-04,Primary,Commissioner District 5,Port Of Bellingham Commissioner District 5,Whatcom,ocd-division/country:us/state:wa/county:whatcom,Randall Wood,,,https://voter.votewa.gov/elections/voterguide.ashx?e=898&la=en&c=&p=
WA,2026-08-04,Primary,Commissioner District 5,Port Of Bellingham Commissioner District 5,Whatcom,ocd-division/country:us/state:wa/county:whatcom,Shawn Ensley,,,https://voter.votewa.gov/elections/voterguide.ashx?e=898&la=en&c=&p=
WA,2026-08-04,Primary,Commissioner District 5,Port Of Bellingham Commissioner District 5,Whatcom,ocd-division/country:us/state:wa/county:whatcom,Spenser R. New,,,https://voter.votewa.gov/elections/voterguide.ashx?e=898&la=en&c=&p=
WA,2026-08-04,Primary,Commissioner District 5,Port Of Bellingham Commissioner District 5,Whatcom,ocd-division/country:us/state:wa/county:whatcom,Todd Lagestee,,,https://voter.votewa.gov/elections/voterguide.ashx?e=898&la=en&c=&p=
WA,2026-08-04,Primary,Commissioner District No. 2,Pud 1 Commissioner Dist 2,Clallam,ocd-division/country:us/state:wa/county:clallam,John W “Jack” Smith,,,https://voter.votewa.gov/elections/voterguide.ashx?e=898&la=en&c=&p=
WA,2026-08-04,Primary,Commissioner District No. 2,Pud 1 Commissioner Dist 2,Clallam,ocd-division/country:us/state:wa/county:clallam,Missi Baker,,,https://voter.votewa.gov/elections/voterguide.ashx?e=898&la=en&c=&p=
WA,2026-08-04,Primary,Commissioner District No. 2,Pud 1 Commissioner Dist 2,Clallam,ocd-division/country:us/state:wa/county:clallam,Randy Brackett,,,https://voter.votewa.gov/elections/voterguide.ashx?e=898&la=en&c=&p=
WA,2026-08-04,Primary,Commissioner District No. 2,Pud 1 Commissioner Dist 2,Clallam,ocd-division/country:us/state:wa/county:clallam,Rick Paschall,,,https://voter.votewa.gov/elections/voterguide.ashx?e=898&la=en&c=&p=
WA,2026-08-04,Primary,Commissioner District No. 2,Pud 1 Commissioner Dist 2,Clallam,ocd-division/country:us/state:wa/county:clallam,Timothy Dalton,,,https://voter.votewa.gov/elections/voterguide.ashx?e=898&la=en&c=&p=
WA,2026-08-04,Primary,Commissioner District No. 3,Commissioner District #3,Douglas,ocd-division/country:us/state:wa/county:douglas,MARC S. STRAUB,REPUBLICAN Party,,https://voter.votewa.gov/elections/voterguide.ashx?e=898&la=en&c=&p=
WA,2026-08-04,Primary,Commissioner District No. 3,Commissioner District #3,Douglas,ocd-division/country:us/state:wa/county:douglas,Michael S. Lesky,Independent Party,,https://voter.votewa.gov/elections/voterguide.ashx?e=898&la=en&c=&p=
WA,2026-08-04,Primary,Commissioner No. 3,Commissioner District No. 3,Skamania,ocd-division/country:us/state:wa/county:skamania,Asa Leckie,Republican Party,,https://voter.votewa.gov/elections/voterguide.ashx?e=898&la=en&c=&p=
WA,2026-08-04,Primary,Commissioner No. 3,Commissioner District No. 3,Skamania,ocd-division/country:us/state:wa/county:skamania,Paul H. Mosbrucker,Democratic Party,,https://voter.votewa.gov/elections/voterguide.ashx?e=898&la=en&c=&p=
WA,2026-08-04,Primary,"Commissioner, District No. 1",Pud Commissioner District No. 1,Thurston,ocd-division/country:us/state:wa/county:thurston,"Bruce D. Wilkinson, Jr.",,,https://voter.votewa.gov/elections/voterguide.ashx?e=898&la=en&c=&p=
WA,2026-08-04,Primary,"Commissioner, District No. 1",Pud Commissioner District No. 1,Thurston,ocd-division/country:us/state:wa/county:thurston,Jim Campbell,,,https://voter.votewa.gov/elections/voterguide.ashx?e=898&la=en&c=&p=
WA,2026-08-04,Primary,"Commissioner, District No. 1",Pud Commissioner District No. 1,Thurston,ocd-division/country:us/state:wa/county:thurston,Troy Kirby,,,https://voter.votewa.gov/elections/voterguide.ashx?e=898&la=en&c=&p=
WA,2026-08-04,Primary,"Commissioner, District No. 3",Commissioner District No. 3,Thurston,ocd-division/country:us/state:wa/county:thurston,Tye Menser,Democratic Party,,https://voter.votewa.gov/elections/voterguide.ashx?e=898&la=en&c=&p=
WA,2026-08-04,Primary,"Commissioner, District No. 5",Commissioner District No. 5,Thurston,ocd-division/country:us/state:wa/county:thurston,Emily Clouse,Democratic Party,,https://voter.votewa.gov/elections/voterguide.ashx?e=898&la=en&c=&p=
WA,2026-08-04,Primary,"Commissioner, District No. 5",Commissioner District No. 5,Thurston,ocd-division/country:us/state:wa/county:thurston,Michelle Gipson,Democratic Party,,https://voter.votewa.gov/elections/voterguide.ashx?e=898&la=en&c=&p=
WA,2026-08-04,Primary,"Commissioner, District No. 5",Commissioner District No. 5,Thurston,ocd-division/country:us/state:wa/county:thurston,Nicolas Martinez-Dunning,Moderate Democrat Party,,https://voter.votewa.gov/elections/voterguide.ashx?e=898&la=en&c=&p=
WA,2026-08-04,Primary,Coroner,County,Skagit,ocd-division/country:us/state:wa/county:skagit,Alex Lathum,Democratic Party,,https://voter.votewa.gov/elections/voterguide.ashx?e=898&la=en&c=&p=
WA,2026-08-04,Primary,Coroner,County,Whitman,ocd-division/country:us/state:wa/county:whitman,Cassie Richardson,Democrat Party,,https://voter.votewa.gov/elections/voterguide.ashx?e=898&la=en&c=&p=
WA,2026-08-04,Primary,Coroner,County,Kittitas,ocd-division/country:us/state:wa/county:kittitas,Charlie Divine,No Party Preference,,https://voter.votewa.gov/elections/voterguide.ashx?e=898&la=en&c=&p=
WA,2026-08-04,Primary,Coroner,County,Lewis,ocd-division/country:us/state:wa/county:lewis,Chelsie Niemcziek,Independent Party,,https://voter.votewa.gov/elections/voterguide.ashx?e=898&la=en&c=&p=
WA,2026-08-04,Primary,Coroner,County,Okanogan,ocd-division/country:us/state:wa/county:okanogan,Cindy Jensen,INDEPENDENT Party,,https://voter.votewa.gov/elections/voterguide.ashx?e=898&la=en&c=&p=
WA,2026-08-04,Primary,Coroner,County,Kittitas,ocd-division/country:us/state:wa/county:kittitas,Cori McKean,Republican Party,,https://voter.votewa.gov/elections/voterguide.ashx?e=898&la=en&c=&p=
WA,2026-08-04,Primary,Coroner,County,Franklin,ocd-division/country:us/state:wa/county:franklin,Curtis McGary,Republican Party,,https://voter.votewa.gov/elections/voterguide.ashx?e=898&la=en&c=&p=
WA,2026-08-04,Primary,Coroner,County,Cowlitz,ocd-division/country:us/state:wa/county:cowlitz,Dana M. Tucker,Republican Party,,https://voter.votewa.gov/elections/voterguide.ashx?e=898&la=en&c=&p=
WA,2026-08-04,Primary,Coroner,County,Thurston,ocd-division/country:us/state:wa/county:thurston,Gary Warnock,Democratic Party,,https://voter.votewa.gov/elections/voterguide.ashx?e=898&la=en&c=&p=
WA,2026-08-04,Primary,Coroner,County,Okanogan,ocd-division/country:us/state:wa/county:okanogan,Gene Davis,Republican Party,,https://voter.votewa.gov/elections/voterguide.ashx?e=898&la=en&c=&p=
WA,2026-08-04,Primary,Coroner,County,Grays Harbor,ocd-division/country:us/state:wa/county:grays_harbor,George J Kelley,No Party Preference,,https://voter.votewa.gov/elections/voterguide.ashx?e=898&la=en&c=&p=
WA,2026-08-04,Primary,Coroner,County,Mason,ocd-division/country:us/state:wa/county:mason,Jaime Taylor,Democratic Party,,https://voter.votewa.gov/elections/voterguide.ashx?e=898&la=en&c=&p=
WA,2026-08-04,Primary,Coroner,County,Lewis,ocd-division/country:us/state:wa/county:lewis,Jessica Stickley,Independent Party,,https://voter.votewa.gov/elections/voterguide.ashx?e=898&la=en&c=&p=
WA,2026-08-04,Primary,Coroner,County,Stevens,ocd-division/country:us/state:wa/county:stevens,Johnathan Waldrop,Republican Party,,https://voter.votewa.gov/elections/voterguide.ashx?e=898&la=en&c=&p=
WA,2026-08-04,Primary,Coroner,County,Yakima,ocd-division/country:us/state:wa/county:yakima,Marshall Slight,Republican Party,,https://voter.votewa.gov/elections/voterguide.ashx?e=898&la=en&c=&p=
WA,2026-08-04,Primary,Coroner,County,Walla Walla,ocd-division/country:us/state:wa/county:walla_walla,Richard Greenwood,Republican Party,,https://voter.votewa.gov/elections/voterguide.ashx?e=898&la=en&c=&p=
WA,2026-08-04,Primary,Coroner,County,Stevens,ocd-division/country:us/state:wa/county:stevens,Roseanne Ennis Jezerinac,Republican Party,,https://voter.votewa.gov/elections/voterguide.ashx?e=898&la=en&c=&p=
WA,2026-08-04,Primary,Coroner,County,Douglas,ocd-division/country:us/state:wa/county:douglas,Tanner Bateman,REPUBLICAN Party,,https://voter.votewa.gov/elections/voterguide.ashx?e=898&la=en&c=&p=
WA,2026-08-04,Primary,Coroner,County,Lewis,ocd-division/country:us/state:wa/county:lewis,Warren McLeod,Republican Party,,https://voter.votewa.gov/elections/voterguide.ashx?e=898&la=en&c=&p=
WA,2026-08-04,Primary,Coroner,County,Benton,ocd-division/country:us/state:wa/county:benton,"William ""Bill"" Leach",Republican Party,,https://voter.votewa.gov/elections/voterguide.ashx?e=898&la=en&c=&p=
WA,2026-08-04,Primary,Council - District No. 1,County Council District No. 1,Pierce,ocd-division/country:us/state:wa/county:pierce,Jerome O'Leary,Republican Party,,https://voter.votewa.gov/elections/voterguide.ashx?e=898&la=en&c=&p=
WA,2026-08-04,Primary,Council - District No. 1,County Council District No. 1,Pierce,ocd-division/country:us/state:wa/county:pierce,Kelsey Barrans,Democratic Party,,https://voter.votewa.gov/elections/voterguide.ashx?e=898&la=en&c=&p=
WA,2026-08-04,Primary,Council - District No. 1,County Council District No. 1,Pierce,ocd-division/country:us/state:wa/county:pierce,Kenneth King,Democratic Party,,https://voter.votewa.gov/elections/voterguide.ashx?e=898&la=en&c=&p=
WA,2026-08-04,Primary,Council - District No. 1,County Council District No. 1,Pierce,ocd-division/country:us/state:wa/county:pierce,Terrance Mayers,Democratic Party,,https://voter.votewa.gov/elections/voterguide.ashx?e=898&la=en&c=&p=
WA,2026-08-04,Primary,Council - District No. 5,County Council District No. 5,Pierce,ocd-division/country:us/state:wa/county:pierce,Bettina Gese,Republican Party,,https://voter.votewa.gov/elections/voterguide.ashx?e=898&la=en&c=&p=
WA,2026-08-04,Primary,Council - District No. 5,County Council District No. 5,Pierce,ocd-division/country:us/state:wa/county:pierce,Bryan Yambe,Democratic Party,,https://voter.votewa.gov/elections/voterguide.ashx?e=898&la=en&c=&p=
WA,2026-08-04,Primary,Council - District No. 7,County Council District No. 7,Pierce,ocd-division/country:us/state:wa/county:pierce,Ann E. Jolie,Republican Party,,https://voter.votewa.gov/elections/voterguide.ashx?e=898&la=en&c=&p=
WA,2026-08-04,Primary,Council - District No. 7,County Council District No. 7,Pierce,ocd-division/country:us/state:wa/county:pierce,Brenda Lykins,Democratic Party,,https://voter.votewa.gov/elections/voterguide.ashx?e=898&la=en&c=&p=
WA,2026-08-04,Primary,Council - District No. 7,County Council District No. 7,Pierce,ocd-division/country:us/state:wa/county:pierce,Chuck West,nonpartisan Party,,https://voter.votewa.gov/elections/voterguide.ashx?e=898&la=en&c=&p=
WA,2026-08-04,Primary,Council - District No. 7,County Council District No. 7,Pierce,ocd-division/country:us/state:wa/county:pierce,Mike Solan,Republican Party,,https://voter.votewa.gov/elections/voterguide.ashx?e=898&la=en&c=&p=
WA,2026-08-04,Primary,Council District No. 5,Seattle City Council District 5,King,ocd-division/country:us/state:wa/county:king,Dimitri Georgakopoulos,,,https://voter.votewa.gov/elections/voterguide.ashx?e=898&la=en&c=&p=
WA,2026-08-04,Primary,Council District No. 5,Seattle City Council District 5,King,ocd-division/country:us/state:wa/county:king,Julie Kang,,,https://voter.votewa.gov/elections/voterguide.ashx?e=898&la=en&c=&p=
WA,2026-08-04,Primary,Council District No. 5,Seattle City Council District 5,King,ocd-division/country:us/state:wa/county:king,Nilu Jenks,,,https://voter.votewa.gov/elections/voterguide.ashx?e=898&la=en&c=&p=
WA,2026-08-04,Primary,Council District No. 5,Seattle City Council District 5,King,ocd-division/country:us/state:wa/county:king,Silas James,,,https://voter.votewa.gov/elections/voterguide.ashx?e=898&la=en&c=&p=
WA,2026-08-04,Primary,Council Pos. 4,City Of Richland,Benton,ocd-division/country:us/state:wa/county:benton,David Tveraas,,,https://voter.votewa.gov/elections/voterguide.ashx?e=898&la=en&c=&p=
WA,2026-08-04,Primary,Council Pos. 4,City Of Richland,Benton,ocd-division/country:us/state:wa/county:benton,Kyle Saltz,,,https://voter.votewa.gov/elections/voterguide.ashx?e=898&la=en&c=&p=
WA,2026-08-04,Primary,Council Pos. 4,City Of Richland,Benton,ocd-division/country:us/state:wa/county:benton,Mary S. Lipton,,,https://voter.votewa.gov/elections/voterguide.ashx?e=898&la=en&c=&p=
WA,2026-08-04,Primary,Council Pos. 4,City Of Richland,Benton,ocd-division/country:us/state:wa/county:benton,Ragan Faylor,,,https://voter.votewa.gov/elections/voterguide.ashx?e=898&la=en&c=&p=
WA,2026-08-04,Primary,Council Pos. 4,City Of Richland,Benton,ocd-division/country:us/state:wa/county:benton,Todd Samuel,,,https://voter.votewa.gov/elections/voterguide.ashx?e=898&la=en&c=&p=
WA,2026-08-04,Primary,Council Residency District 3,County,San Juan,ocd-division/country:us/state:wa/county:san_juan,Jennifer Swanson,,,https://voter.votewa.gov/elections/voterguide.ashx?e=898&la=en&c=&p=
WA,2026-08-04,Primary,Council Residency District 3,County,San Juan,ocd-division/country:us/state:wa/county:san_juan,Katherine Bryant Ingman,,,https://voter.votewa.gov/elections/voterguide.ashx?e=898&la=en&c=&p=
WA,2026-08-04,Primary,Council Residency District 3,County,San Juan,ocd-division/country:us/state:wa/county:san_juan,Renee J Koplan,,,https://voter.votewa.gov/elections/voterguide.ashx?e=898&la=en&c=&p=
WA,2026-08-04,Primary,County Assessor,County,Klickitat,ocd-division/country:us/state:wa/county:klickitat,Billi Jean Bare,Republican Party,,https://voter.votewa.gov/elections/voterguide.ashx?e=898&la=en&c=&p=
WA,2026-08-04,Primary,County Assessor,County,Grant,ocd-division/country:us/state:wa/county:grant,Clayton Johnson,No Party Preference,,https://voter.votewa.gov/elections/voterguide.ashx?e=898&la=en&c=&p=
WA,2026-08-04,Primary,County Assessor,County,Island,ocd-division/country:us/state:wa/county:island,Doug Stults,Democratic Party,,https://voter.votewa.gov/elections/voterguide.ashx?e=898&la=en&c=&p=
WA,2026-08-04,Primary,County Assessor,County,Wahkiakum,ocd-division/country:us/state:wa/county:wahkiakum,Drew Jenkins,Independent Party,,https://voter.votewa.gov/elections/voterguide.ashx?e=898&la=en&c=&p=
WA,2026-08-04,Primary,County Assessor,County,Wahkiakum,ocd-division/country:us/state:wa/county:wahkiakum,Justin Moriarty,Independent Party,,https://voter.votewa.gov/elections/voterguide.ashx?e=898&la=en&c=&p=
WA,2026-08-04,Primary,County Assessor,County,Island,ocd-division/country:us/state:wa/county:island,Kelly Todd Mauck,No Party Preference,,https://voter.votewa.gov/elections/voterguide.ashx?e=898&la=en&c=&p=
WA,2026-08-04,Primary,County Auditor,County,Island,ocd-division/country:us/state:wa/county:island,Andrea Downs,Democratic Party,,https://voter.votewa.gov/elections/voterguide.ashx?e=898&la=en&c=&p=
WA,2026-08-04,Primary,County Auditor,County,Grant,ocd-division/country:us/state:wa/county:grant,Andrew Koeppen,Republican Party,,https://voter.votewa.gov/elections/voterguide.ashx?e=898&la=en&c=&p=
WA,2026-08-04,Primary,County Auditor,County,Island,ocd-division/country:us/state:wa/county:island,Barbara Fuller,Democratic Party,,https://voter.votewa.gov/elections/voterguide.ashx?e=898&la=en&c=&p=
WA,2026-08-04,Primary,County Auditor,County,Grant,ocd-division/country:us/state:wa/county:grant,Darci Homesley,Republican Party,,https://voter.votewa.gov/elections/voterguide.ashx?e=898&la=en&c=&p=
WA,2026-08-04,Primary,County Auditor,County,Wahkiakum,ocd-division/country:us/state:wa/county:wahkiakum,Nicci Bergseng,Independent Party,,https://voter.votewa.gov/elections/voterguide.ashx?e=898&la=en&c=&p=
WA,2026-08-04,Primary,County Auditor,County,Grant,ocd-division/country:us/state:wa/county:grant,Shannon Falstad,Republican Party,,https://voter.votewa.gov/elections/voterguide.ashx?e=898&la=en&c=&p=
WA,2026-08-04,Primary,County Auditor,County,Island,ocd-division/country:us/state:wa/county:island,Sheilah Crider,Independent Party,,https://voter.votewa.gov/elections/voterguide.ashx?e=898&la=en&c=&p=
WA,2026-08-04,Primary,County Auditor,County,Island,ocd-division/country:us/state:wa/county:island,Terry Lacey,No Party Preference,,https://voter.votewa.gov/elections/voterguide.ashx?e=898&la=en&c=&p=
WA,2026-08-04,Primary,County Clerk,County,Island,ocd-division/country:us/state:wa/county:island,Amber Sewell,Democrat Party,,https://voter.votewa.gov/elections/voterguide.ashx?e=898&la=en&c=&p=
WA,2026-08-04,Primary,County Clerk,County,Island,ocd-division/country:us/state:wa/county:island,Dierdre Butler,Democratic Party,,https://voter.votewa.gov/elections/voterguide.ashx?e=898&la=en&c=&p=
WA,2026-08-04,Primary,County Clerk,County,Wahkiakum,ocd-division/country:us/state:wa/county:wahkiakum,Jess Reddon,Independent Party,,https://voter.votewa.gov/elections/voterguide.ashx?e=898&la=en&c=&p=
WA,2026-08-04,Primary,County Clerk,County,Grant,ocd-division/country:us/state:wa/county:grant,Kimberly A. Allen,Republican Party,,https://voter.votewa.gov/elections/voterguide.ashx?e=898&la=en&c=&p=
WA,2026-08-04,Primary,County Clerk,County,Island,ocd-division/country:us/state:wa/county:island,Maria Hazelo,Republican Party,,https://voter.votewa.gov/elections/voterguide.ashx?e=898&la=en&c=&p=
WA,2026-08-04,Primary,County Clerk,County,Island,ocd-division/country:us/state:wa/county:island,Toni Adams,Republican Party,,https://voter.votewa.gov/elections/voterguide.ashx?e=898&la=en&c=&p=
WA,2026-08-04,Primary,County Commissioner 2,County Commissioner Dist. #2,Klickitat,ocd-division/country:us/state:wa/county:klickitat,Andy Kallinen,Republican Party,,https://voter.votewa.gov/elections/voterguide.ashx?e=898&la=en&c=&p=
WA,2026-08-04,Primary,County Commissioner 2,County Commissioner Dist. #2,Klickitat,ocd-division/country:us/state:wa/county:klickitat,Gene Klejeski,Republican Party,,https://voter.votewa.gov/elections/voterguide.ashx?e=898&la=en&c=&p=
WA,2026-08-04,Primary,County Commissioner 2,County Commissioner Dist. #2,Klickitat,ocd-division/country:us/state:wa/county:klickitat,Lori Zoller,Republican Party,,https://voter.votewa.gov/elections/voterguide.ashx?e=898&la=en&c=&p=
WA,2026-08-04,Primary,County Commissioner Dist. No. 3,County Commissioner District No. 3,Clallam,ocd-division/country:us/state:wa/county:clallam,Jake Seegers,Independent Party,,https://voter.votewa.gov/elections/voterguide.ashx?e=898&la=en&c=&p=
WA,2026-08-04,Primary,County Commissioner Dist. No. 3,County Commissioner District No. 3,Clallam,ocd-division/country:us/state:wa/county:clallam,Mike French,Democratic Party,,https://voter.votewa.gov/elections/voterguide.ashx?e=898&la=en&c=&p=
WA,2026-08-04,Primary,County Commissioner District 3,Commissioner District 3,Adams,ocd-division/country:us/state:wa/county:adams,Eleanor Brodahl,Democrat Party,,https://voter.votewa.gov/elections/voterguide.ashx?e=898&la=en&c=&p=
WA,2026-08-04,Primary,County Commissioner District 3,Commissioner District 3,Walla Walla,ocd-division/country:us/state:wa/county:walla_walla,Gunner Fulmer,Republican Party,,https://voter.votewa.gov/elections/voterguide.ashx?e=898&la=en&c=&p=
WA,2026-08-04,Primary,County Commissioner District 3,Commissioner District 3,Adams,ocd-division/country:us/state:wa/county:adams,"Miguel A.""Mike"" Garza",Republican Party,,https://voter.votewa.gov/elections/voterguide.ashx?e=898&la=en&c=&p=
WA,2026-08-04,Primary,County Commissioner District 3,Commissioner District 3,Walla Walla,ocd-division/country:us/state:wa/county:walla_walla,Rikki P Wescott,No Party Preference,,https://voter.votewa.gov/elections/voterguide.ashx?e=898&la=en&c=&p=
WA,2026-08-04,Primary,County Commissioner District 3,Commissioner District 3,Walla Walla,ocd-division/country:us/state:wa/county:walla_walla,Troy Woody,Republican Party,,https://voter.votewa.gov/elections/voterguide.ashx?e=898&la=en&c=&p=
WA,2026-08-04,Primary,County Commissioner District No. 3,Commissioner 3,Lincoln,ocd-division/country:us/state:wa/county:lincoln,Rob Coffman,Republican Party,,https://voter.votewa.gov/elections/voterguide.ashx?e=898&la=en&c=&p=
WA,2026-08-04,Primary,County Commissioner District No. 3,County Commissioner Dist 3,Mason,ocd-division/country:us/state:wa/county:mason,Daniel Cameron,Republican Party,,https://voter.votewa.gov/elections/voterguide.ashx?e=898&la=en&c=&p=
WA,2026-08-04,Primary,County Commissioner District No. 3,County Commissioner Dist 3,Mason,ocd-division/country:us/state:wa/county:mason,Eric Onisko,GOP Party,,https://voter.votewa.gov/elections/voterguide.ashx?e=898&la=en&c=&p=
WA,2026-08-04,Primary,County Commissioner District No. 3,County Commissioner Dist 3,Mason,ocd-division/country:us/state:wa/county:mason,George Blush,Republican Party,,https://voter.votewa.gov/elections/voterguide.ashx?e=898&la=en&c=&p=
WA,2026-08-04,Primary,County Commissioner District No. 3,County Commissioner Dist 3,Mason,ocd-division/country:us/state:wa/county:mason,Karen (Schade) Sullivan,Republican Party,,https://voter.votewa.gov/elections/voterguide.ashx?e=898&la=en&c=&p=
WA,2026-08-04,Primary,County Commissioner District No. 3,County Commissioner Dist 3,Mason,ocd-division/country:us/state:wa/county:mason,Lovejoy Schaefer,Independent Party,,https://voter.votewa.gov/elections/voterguide.ashx?e=898&la=en&c=&p=
WA,2026-08-04,Primary,County Commissioner District No. 3,County Commissioner Dist 3,Mason,ocd-division/country:us/state:wa/county:mason,Miguel Gutierrez,Labor Democrat Party,,https://voter.votewa.gov/elections/voterguide.ashx?e=898&la=en&c=&p=
WA,2026-08-04,Primary,County Commissioner District No. 3,County Commissioner Dist 3,Mason,ocd-division/country:us/state:wa/county:mason,Rick Lee,Republican Party,,https://voter.votewa.gov/elections/voterguide.ashx?e=898&la=en&c=&p=
WA,2026-08-04,Primary,"County Commissioner, District 3",County Commissioner District #3,Lewis,ocd-division/country:us/state:wa/county:lewis,Kyle Wheeler,Independent Party,,https://voter.votewa.gov/elections/voterguide.ashx?e=898&la=en&c=&p=
WA,2026-08-04,Primary,"County Commissioner, District 3",County Commissioner District #3,Lewis,ocd-division/country:us/state:wa/county:lewis,Michael Hadaller,Republican Party,,https://voter.votewa.gov/elections/voterguide.ashx?e=898&la=en&c=&p=
WA,2026-08-04,Primary,"County Commissioner, District 3",County Commissioner District #3,Lewis,ocd-division/country:us/state:wa/county:lewis,Scott Brummer,Republican Party,,https://voter.votewa.gov/elections/voterguide.ashx?e=898&la=en&c=&p=
WA,2026-08-04,Primary,"County Commissioner, District 3",County Commissioner District #3,Lewis,ocd-division/country:us/state:wa/county:lewis,Tim Toerber,Republican Party,,https://voter.votewa.gov/elections/voterguide.ashx?e=898&la=en&c=&p=
WA,2026-08-04,Primary,"County Commissioner, District 3",County Commissioner District #3,Lewis,ocd-division/country:us/state:wa/county:lewis,Zac Eckstein,Democratic Party,,https://voter.votewa.gov/elections/voterguide.ashx?e=898&la=en&c=&p=
WA,2026-08-04,Primary,"County Commissioner, District 3",Comm Dist Three,Island,ocd-division/country:us/state:wa/county:island,Grant Shaw,Democratic Party,,https://voter.votewa.gov/elections/voterguide.ashx?e=898&la=en&c=&p=
WA,2026-08-04,Primary,"County Commissioner, District 3",Comm Dist Three,Island,ocd-division/country:us/state:wa/county:island,Matthew Van Pelt,Republican Party,,https://voter.votewa.gov/elections/voterguide.ashx?e=898&la=en&c=&p=
WA,2026-08-04,Primary,"County Commissioner, District 3",Comm Dist Three,Island,ocd-division/country:us/state:wa/county:island,Satin Arnett,Democratic Party,,https://voter.votewa.gov/elections/voterguide.ashx?e=898&la=en&c=&p=
WA,2026-08-04,Primary,County Commissioner; District 1,Commissioner District #1,Yakima,ocd-division/country:us/state:wa/county:yakima,Dave Mullen,Republican Party,,https://voter.votewa.gov/elections/voterguide.ashx?e=898&la=en&c=&p=
WA,2026-08-04,Primary,County Commissioner; District 1,Commissioner District #1,Yakima,ocd-division/country:us/state:wa/county:yakima,Kristoffer Strutner,Republican Party,,https://voter.votewa.gov/elections/voterguide.ashx?e=898&la=en&c=&p=
WA,2026-08-04,Primary,County Commissioner; District 1,Commissioner District #1,Yakima,ocd-division/country:us/state:wa/county:yakima,Robert Udell,Republican Party,,https://voter.votewa.gov/elections/voterguide.ashx?e=898&la=en&c=&p=
WA,2026-08-04,Primary,County Commissioner; District 1,Commissioner District #1,Yakima,ocd-division/country:us/state:wa/county:yakima,Roman Buermann,Tea Party,,https://voter.votewa.gov/elections/voterguide.ashx?e=898&la=en&c=&p=
WA,2026-08-04,Primary,County Coroner,County,Grant,ocd-division/country:us/state:wa/county:grant,Craig Morrison,Republican Party,,https://voter.votewa.gov/elections/voterguide.ashx?e=898&la=en&c=&p=
WA,2026-08-04,Primary,County Coroner,County,Island,ocd-division/country:us/state:wa/county:island,Shantel Porter,Independent Party,,https://voter.votewa.gov/elections/voterguide.ashx?e=898&la=en&c=&p=
WA,2026-08-04,Primary,County Prosecutor,County,Grant,ocd-division/country:us/state:wa/county:grant,Brandon K. Guernsey,Republican Party,,https://voter.votewa.gov/elections/voterguide.ashx?e=898&la=en&c=&p=
WA,2026-08-04,Primary,County Prosecutor,County,Island,ocd-division/country:us/state:wa/county:island,Greg Banks,No Party Preference,,https://voter.votewa.gov/elections/voterguide.ashx?e=898&la=en&c=&p=
WA,2026-08-04,Primary,County Sheriff,County,Grant,ocd-division/country:us/state:wa/county:grant,Darrik Gregg,Republican Party,,https://voter.votewa.gov/elections/voterguide.ashx?e=898&la=en&c=&p=
WA,2026-08-04,Primary,County Sheriff,County,Grant,ocd-division/country:us/state:wa/county:grant,Joey Kriete,Republican Party,,https://voter.votewa.gov/elections/voterguide.ashx?e=898&la=en&c=&p=
WA,2026-08-04,Primary,County Sheriff,County,Wahkiakum,ocd-division/country:us/state:wa/county:wahkiakum,John Mason,No Party Preference,,https://voter.votewa.gov/elections/voterguide.ashx?e=898&la=en&c=&p=
WA,2026-08-04,Primary,County Sheriff,County,Grant,ocd-division/country:us/state:wa/county:grant,Josh Sainsbury,Republican Party,,https://voter.votewa.gov/elections/voterguide.ashx?e=898&la=en&c=&p=
WA,2026-08-04,Primary,County Sheriff,County,Island,ocd-division/country:us/state:wa/county:island,Rick Felici,Independent Party,,https://voter.votewa.gov/elections/voterguide.ashx?e=898&la=en&c=&p=
WA,2026-08-04,Primary,County Sheriff,County,Island,ocd-division/country:us/state:wa/county:island,Tavier Wasser,Democratic Party,,https://voter.votewa.gov/elections/voterguide.ashx?e=898&la=en&c=&p=
WA,2026-08-04,Primary,County Treasurer,County,Grant,ocd-division/country:us/state:wa/county:grant,Carrie Heston,No Party Preference,,https://voter.votewa.gov/elections/voterguide.ashx?e=898&la=en&c=&p=
WA,2026-08-04,Primary,County Treasurer,County,Wahkiakum,ocd-division/country:us/state:wa/county:wahkiakum,Marissa Longtain,Independent Party,,https://voter.votewa.gov/elections/voterguide.ashx?e=898&la=en&c=&p=
WA,2026-08-04,Primary,County Treasurer,County,Island,ocd-division/country:us/state:wa/county:island,Tony Lam,INDEPENDENT Party,,https://voter.votewa.gov/elections/voterguide.ashx?e=898&la=en&c=&p=
WA,2026-08-04,Primary,Democrat Precinct Committee Officer,Centralia #13,Lewis,ocd-division/country:us/state:wa/county:lewis,Heather Mullins,,,https://voter.votewa.gov/elections/voterguide.ashx?e=898&la=en&c=&p=
WA,2026-08-04,Primary,Democrat Precinct Committee Officer,Centralia #13,Lewis,ocd-division/country:us/state:wa/county:lewis,Sean Wills,,,https://voter.votewa.gov/elections/voterguide.ashx?e=898&la=en&c=&p=
WA,2026-08-04,Primary,District 3,County Commissioner District No. 3,Jefferson,ocd-division/country:us/state:wa/county:jefferson,Anji Scalf,Democratic Party,,https://voter.votewa.gov/elections/voterguide.ashx?e=898&la=en&c=&p=
WA,2026-08-04,Primary,District 3,County Commissioner District No. 3,Jefferson,ocd-division/country:us/state:wa/county:jefferson,Christopher Hannon,Democratic Party,,https://voter.votewa.gov/elections/voterguide.ashx?e=898&la=en&c=&p=
WA,2026-08-04,Primary,District 3,County Commissioner District No. 3,Jefferson,ocd-division/country:us/state:wa/county:jefferson,Jean Ball,Democratic Party,,https://voter.votewa.gov/elections/voterguide.ashx?e=898&la=en&c=&p=
WA,2026-08-04,Primary,District 3,County Commissioner District No. 3,Jefferson,ocd-division/country:us/state:wa/county:jefferson,Stephen T. Nieman,Republican Party,,https://voter.votewa.gov/elections/voterguide.ashx?e=898&la=en&c=&p=
WA,2026-08-04,Primary,District Court No. 7,District Court,,ocd-division/country:us/state:wa,Eric J. Lawless,,,https://voter.votewa.gov/elections/voterguide.ashx?e=898&la=en&c=&p=
WA,2026-08-04,Primary,District Court No. 7,District Court,,ocd-division/country:us/state:wa,Mike Sommerfeld,,,https://voter.votewa.gov/elections/voterguide.ashx?e=898&la=en&c=&p=
WA,2026-08-04,Primary,District Court No. 7,District Court,,ocd-division/country:us/state:wa,Pam Nogueira,,,https://voter.votewa.gov/elections/voterguide.ashx?e=898&la=en&c=&p=
WA,2026-08-04,Primary,Judge Position #03,Grant Superior Court,,ocd-division/country:us/state:wa,Jennifer Richardson,,,https://voter.votewa.gov/elections/voterguide.ashx?e=898&la=en&c=&p=
WA,2026-08-04,Primary,Judge Position #03,Grant Superior Court,,ocd-division/country:us/state:wa,"Kenneth ""Ken"" Chadwick",,,https://voter.votewa.gov/elections/voterguide.ashx?e=898&la=en&c=&p=
WA,2026-08-04,Primary,Judge Position #03,Grant Superior Court,,ocd-division/country:us/state:wa,Trevor Bevier,,,https://voter.votewa.gov/elections/voterguide.ashx?e=898&la=en&c=&p=
WA,2026-08-04,Primary,Judge Position No. 1,Northeast Electoral District,King,ocd-division/country:us/state:wa/county:king,Bianca Tse,,,https://voter.votewa.gov/elections/voterguide.ashx?e=898&la=en&c=&p=
WA,2026-08-04,Primary,Judge Position No. 1,Northeast Electoral District,King,ocd-division/country:us/state:wa/county:king,Jan Trasen,,,https://voter.votewa.gov/elections/voterguide.ashx?e=898&la=en&c=&p=
WA,2026-08-04,Primary,Judge Position No. 1,Northeast Electoral District,King,ocd-division/country:us/state:wa/county:king,Josh Schaer,,,https://voter.votewa.gov/elections/voterguide.ashx?e=898&la=en&c=&p=
WA,2026-08-04,Primary,Justice Position #01,Supreme Court,,ocd-division/country:us/state:wa,Colleen Melody,,,https://voter.votewa.gov/elections/voterguide.ashx?e=898&la=en&c=&p=
WA,2026-08-04,Primary,Justice Position #01,Supreme Court,,ocd-division/country:us/state:wa,Laura Christensen Colberg,,,https://voter.votewa.gov/elections/voterguide.ashx?e=898&la=en&c=&p=
WA,2026-08-04,Primary,Justice Position #01,Supreme Court,,ocd-division/country:us/state:wa,Scott Edwards,,,https://voter.votewa.gov/elections/voterguide.ashx?e=898&la=en&c=&p=
WA,2026-08-04,Primary,Justice Position #03,Supreme Court,,ocd-division/country:us/state:wa,David Stevens,,,https://voter.votewa.gov/elections/voterguide.ashx?e=898&la=en&c=&p=
WA,2026-08-04,Primary,Justice Position #03,Supreme Court,,ocd-division/country:us/state:wa,Jaime Michelle Hawk,,,https://voter.votewa.gov/elections/voterguide.ashx?e=898&la=en&c=&p=
WA,2026-08-04,Primary,Justice Position #03,Supreme Court,,ocd-division/country:us/state:wa,Mike Diaz,,,https://voter.votewa.gov/elections/voterguide.ashx?e=898&la=en&c=&p=
WA,2026-08-04,Primary,Justice Position #05,Supreme Court,,ocd-division/country:us/state:wa,Dave Larson,,,https://voter.votewa.gov/elections/voterguide.ashx?e=898&la=en&c=&p=
WA,2026-08-04,Primary,Justice Position #05,Supreme Court,,ocd-division/country:us/state:wa,Greg Miller,,,https://voter.votewa.gov/elections/voterguide.ashx?e=898&la=en&c=&p=
WA,2026-08-04,Primary,Justice Position #05,Supreme Court,,ocd-division/country:us/state:wa,Sharonda Amamilo,,,https://voter.votewa.gov/elections/voterguide.ashx?e=898&la=en&c=&p=
WA,2026-08-04,Primary,Justice Position #05,Supreme Court,,ocd-division/country:us/state:wa,Theo Angelis,,,https://voter.votewa.gov/elections/voterguide.ashx?e=898&la=en&c=&p=
WA,2026-08-04,Primary,Justice Position #07,Supreme Court,,ocd-division/country:us/state:wa,David R Shelvey,,,https://voter.votewa.gov/elections/voterguide.ashx?e=898&la=en&c=&p=
WA,2026-08-04,Primary,Justice Position #07,Supreme Court,,ocd-division/country:us/state:wa,Debra L. Stephens,,,https://voter.votewa.gov/elections/voterguide.ashx?e=898&la=en&c=&p=
WA,2026-08-04,Primary,Justice Position #07,Supreme Court,,ocd-division/country:us/state:wa,Karim A. Merchant,,,https://voter.votewa.gov/elections/voterguide.ashx?e=898&la=en&c=&p=
WA,2026-08-04,Primary,Justice Position #07,Supreme Court,,ocd-division/country:us/state:wa,Todd A. Bloom,,,https://voter.votewa.gov/elections/voterguide.ashx?e=898&la=en&c=&p=
WA,2026-08-04,Primary,Klickitat County Auditor,County,Klickitat,ocd-division/country:us/state:wa/county:klickitat,Heather Jobe,Republican Party,,https://voter.votewa.gov/elections/voterguide.ashx?e=898&la=en&c=&p=
WA,2026-08-04,Primary,Klickitat County Clerk,County,Klickitat,ocd-division/country:us/state:wa/county:klickitat,Renea Campbell,Republican Party,,https://voter.votewa.gov/elections/voterguide.ashx?e=898&la=en&c=&p=
WA,2026-08-04,Primary,Klickitat County Prosecuting Attorney,County,Klickitat,ocd-division/country:us/state:wa/county:klickitat,Rebecca Cranston,No Party Preference,,https://voter.votewa.gov/elections/voterguide.ashx?e=898&la=en&c=&p=
WA,2026-08-04,Primary,Klickitat County Sheriff,County,Klickitat,ocd-division/country:us/state:wa/county:klickitat,Dwayne T. Matulovich,Independent Party,,https://voter.votewa.gov/elections/voterguide.ashx?e=898&la=en&c=&p=
WA,2026-08-04,Primary,Klickitat County Sheriff,County,Klickitat,ocd-division/country:us/state:wa/county:klickitat,John Bruce,Republican Party,,https://voter.votewa.gov/elections/voterguide.ashx?e=898&la=en&c=&p=
WA,2026-08-04,Primary,Klickitat County Sheriff,County,Klickitat,ocd-division/country:us/state:wa/county:klickitat,Tony Warren,Republican Party,,https://voter.votewa.gov/elections/voterguide.ashx?e=898&la=en&c=&p=
WA,2026-08-04,Primary,Klickitat County Treasurer,County,Klickitat,ocd-division/country:us/state:wa/county:klickitat,Greg Gallagher,Republican Party,,https://voter.votewa.gov/elections/voterguide.ashx?e=898&la=en&c=&p=
WA,2026-08-04,Primary,Metropolitan King County Council District No. 2,County Council District No. 2,King,ocd-division/country:us/state:wa/county:king,Miriam Mboya,,,https://voter.votewa.gov/elections/voterguide.ashx?e=898&la=en&c=&p=
WA,2026-08-04,Primary,Metropolitan King County Council District No. 2,County Council District No. 2,King,ocd-division/country:us/state:wa/county:king,Rebecca Saldaña,,,https://voter.votewa.gov/elections/voterguide.ashx?e=898&la=en&c=&p=
WA,2026-08-04,Primary,Metropolitan King County Council District No. 2,County Council District No. 2,King,ocd-division/country:us/state:wa/county:king,Toshiko Grace Hasegawa,,,https://voter.votewa.gov/elections/voterguide.ashx?e=898&la=en&c=&p=
WA,2026-08-04,Primary,Metropolitan King County Council District No. 8,County Council District No. 8,King,ocd-division/country:us/state:wa/county:king,Mia Jacobson,,,https://voter.votewa.gov/elections/voterguide.ashx?e=898&la=en&c=&p=
WA,2026-08-04,Primary,Metropolitan King County Council District No. 8,County Council District No. 8,King,ocd-division/country:us/state:wa/county:king,Nick Duda,,,https://voter.votewa.gov/elections/voterguide.ashx?e=898&la=en&c=&p=
WA,2026-08-04,Primary,Metropolitan King County Council District No. 8,County Council District No. 8,King,ocd-division/country:us/state:wa/county:king,Teresa Mosqueda,,,https://voter.votewa.gov/elections/voterguide.ashx?e=898&la=en&c=&p=
WA,2026-08-04,Primary,Municipal Court Judge Position No. 5,City Of Seattle,King,ocd-division/country:us/state:wa/county:king,Gabe Rothstein,,,https://voter.votewa.gov/elections/voterguide.ashx?e=898&la=en&c=&p=
WA,2026-08-04,Primary,Municipal Court Judge Position No. 5,City Of Seattle,King,ocd-division/country:us/state:wa/county:king,Garmon Newsom,,,https://voter.votewa.gov/elections/voterguide.ashx?e=898&la=en&c=&p=
WA,2026-08-04,Primary,Municipal Court Judge Position No. 5,City Of Seattle,King,ocd-division/country:us/state:wa/county:king,Lindsay Calkins,,,https://voter.votewa.gov/elections/voterguide.ashx?e=898&la=en&c=&p=
WA,2026-08-04,Primary,PROSECUTING ATTORNEY,Chelan County,Chelan,ocd-division/country:us/state:wa/county:chelan,Robert W. Sealby,Republican Party,,https://voter.votewa.gov/elections/voterguide.ashx?e=898&la=en&c=&p=
WA,2026-08-04,Primary,PROSECUTING ATTORNEY,County,Pacific,ocd-division/country:us/state:wa/county:pacific,Jennifer Zorn,Independent Party,,https://voter.votewa.gov/elections/voterguide.ashx?e=898&la=en&c=&p=
WA,2026-08-04,Primary,PROSECUTING ATTORNEY,County,Pacific,ocd-division/country:us/state:wa/county:pacific,Michael S. Turner,No Party Preference,,https://voter.votewa.gov/elections/voterguide.ashx?e=898&la=en&c=&p=
WA,2026-08-04,Primary,PROSECUTING ATTORNEY,County,Lincoln,ocd-division/country:us/state:wa/county:lincoln,Ty Albertson,Republican Party,,https://voter.votewa.gov/elections/voterguide.ashx?e=898&la=en&c=&p=
WA,2026-08-04,Primary,PUBLIC UTILITY COMMISSIONER #2,Public Comm District - 02,Pend Oreille,ocd-division/country:us/state:wa/county:pend_oreille,Ernie Hood,,,https://voter.votewa.gov/elections/voterguide.ashx?e=898&la=en&c=&p=
WA,2026-08-04,Primary,PUBLIC UTILITY COMMISSIONER #2,Public Comm District - 02,Pend Oreille,ocd-division/country:us/state:wa/county:pend_oreille,Gerry David Bradbury,,,https://voter.votewa.gov/elections/voterguide.ashx?e=898&la=en&c=&p=
WA,2026-08-04,Primary,PUBLIC UTILITY COMMISSIONER #2,Public Comm District - 02,Pend Oreille,ocd-division/country:us/state:wa/county:pend_oreille,Tracy Rutt,,,https://voter.votewa.gov/elections/voterguide.ashx?e=898&la=en&c=&p=
WA,2026-08-04,Primary,Precinct Committee Officer - Democratic,Kmr 01-0677,King,ocd-division/country:us/state:wa/county:king,Jack Jensen,,,https://voter.votewa.gov/elections/voterguide.ashx?e=898&la=en&c=&p=
WA,2026-08-04,Primary,Precinct Committee Officer - Democratic,Kmr 01-0677,King,ocd-division/country:us/state:wa/county:king,Madison Long,,,https://voter.votewa.gov/elections/voterguide.ashx?e=898&la=en&c=&p=
WA,2026-08-04,Primary,Precinct Committee Officer - Democratic,Tumwater 01,Thurston,ocd-division/country:us/state:wa/county:thurston,Meghan Lazelle,,,https://voter.votewa.gov/elections/voterguide.ashx?e=898&la=en&c=&p=
WA,2026-08-04,Primary,Precinct Committee Officer - Democratic,Tumwater 01,Thurston,ocd-division/country:us/state:wa/county:thurston,Tracey Carlos,,,https://voter.votewa.gov/elections/voterguide.ashx?e=898&la=en&c=&p=
WA,2026-08-04,Primary,Precinct Committee Officer - Democratic,Wod 01-3193,King,ocd-division/country:us/state:wa/county:king,Dominik Faunce,,,https://voter.votewa.gov/elections/voterguide.ashx?e=898&la=en&c=&p=
WA,2026-08-04,Primary,Precinct Committee Officer - Democratic,Wod 01-3193,King,ocd-division/country:us/state:wa/county:king,Lloyd T Spencer,,,https://voter.votewa.gov/elections/voterguide.ashx?e=898&la=en&c=&p=
WA,2026-08-04,Primary,Precinct Committee Officer - Democratic,College Place 4 66,Walla Walla,ocd-division/country:us/state:wa/county:walla_walla,David M. Elliott,,,https://voter.votewa.gov/elections/voterguide.ashx?e=898&la=en&c=&p=
WA,2026-08-04,Primary,Precinct Committee Officer - Democratic,College Place 4 66,Walla Walla,ocd-division/country:us/state:wa/county:walla_walla,Janet Adams,,,https://voter.votewa.gov/elections/voterguide.ashx?e=898&la=en&c=&p=
WA,2026-08-04,Primary,Precinct Committee Officer - Democratic,Iss 05-2806,King,ocd-division/country:us/state:wa/county:king,Lamir Magus,,,https://voter.votewa.gov/elections/voterguide.ashx?e=898&la=en&c=&p=
WA,2026-08-04,Primary,Precinct Committee Officer - Democratic,Iss 05-2806,King,ocd-division/country:us/state:wa/county:king,Marion Palo,,,https://voter.votewa.gov/elections/voterguide.ashx?e=898&la=en&c=&p=
WA,2026-08-04,Primary,Precinct Committee Officer - Democratic,Olympia 08,Thurston,ocd-division/country:us/state:wa/county:thurston,Alyssa Humbert,,,https://voter.votewa.gov/elections/voterguide.ashx?e=898&la=en&c=&p=
WA,2026-08-04,Primary,Precinct Committee Officer - Democratic,Olympia 08,Thurston,ocd-division/country:us/state:wa/county:thurston,Joe Nilsson,,,https://voter.votewa.gov/elections/voterguide.ashx?e=898&la=en&c=&p=
WA,2026-08-04,Primary,Precinct Committee Officer - Democratic,Mountlake Terrace  9,Snohomish,ocd-division/country:us/state:wa/county:snohomish,Daniel Dilling,,,https://voter.votewa.gov/elections/voterguide.ashx?e=898&la=en&c=&p=
WA,2026-08-04,Primary,Precinct Committee Officer - Democratic,Mountlake Terrace  9,Snohomish,ocd-division/country:us/state:wa/county:snohomish,George Stanton,,,https://voter.votewa.gov/elections/voterguide.ashx?e=898&la=en&c=&p=
WA,2026-08-04,Primary,Precinct Committee Officer - Democratic,Ellensburg 10,Kittitas,ocd-division/country:us/state:wa/county:kittitas,Ann George,,,https://voter.votewa.gov/elections/voterguide.ashx?e=898&la=en&c=&p=
WA,2026-08-04,Primary,Precinct Committee Officer - Democratic,Ellensburg 10,Kittitas,ocd-division/country:us/state:wa/county:kittitas,Susan Waddle,,,https://voter.votewa.gov/elections/voterguide.ashx?e=898&la=en&c=&p=
WA,2026-08-04,Primary,Precinct Committee Officer - Democratic,Henderson 11,Walla Walla,ocd-division/country:us/state:wa/county:walla_walla,Kristine Hammar,,,https://voter.votewa.gov/elections/voterguide.ashx?e=898&la=en&c=&p=
WA,2026-08-04,Primary,Precinct Committee Officer - Democratic,Henderson 11,Walla Walla,ocd-division/country:us/state:wa/county:walla_walla,Melissa Shumake,,,https://voter.votewa.gov/elections/voterguide.ashx?e=898&la=en&c=&p=
WA,2026-08-04,Primary,Precinct Committee Officer - Democratic,Rnt 11-0988,King,ocd-division/country:us/state:wa/county:king,Patricia Ogunmola,,,https://voter.votewa.gov/elections/voterguide.ashx?e=898&la=en&c=&p=
WA,2026-08-04,Primary,Precinct Committee Officer - Democratic,Rnt 11-0988,King,ocd-division/country:us/state:wa/county:king,Richard Dustin Wight,,,https://voter.votewa.gov/elections/voterguide.ashx?e=898&la=en&c=&p=
WA,2026-08-04,Primary,Precinct Committee Officer - Democratic,Rnt 11-0991,King,ocd-division/country:us/state:wa/county:king,Gina Fuentevilla,,,https://voter.votewa.gov/elections/voterguide.ashx?e=898&la=en&c=&p=
WA,2026-08-04,Primary,Precinct Committee Officer - Democratic,Rnt 11-0991,King,ocd-division/country:us/state:wa/county:king,Rachel Segerhammar,,,https://voter.votewa.gov/elections/voterguide.ashx?e=898&la=en&c=&p=
WA,2026-08-04,Primary,Precinct Committee Officer - Democratic,Rnt 11-3222,King,ocd-division/country:us/state:wa/county:king,Laura Cain-Harris,,,https://voter.votewa.gov/elections/voterguide.ashx?e=898&la=en&c=&p=
WA,2026-08-04,Primary,Precinct Committee Officer - Democratic,Rnt 11-3222,King,ocd-division/country:us/state:wa/county:king,Livey Beha,,,https://voter.votewa.gov/elections/voterguide.ashx?e=898&la=en&c=&p=
WA,2026-08-04,Primary,Precinct Committee Officer - Democratic,Tuk 11-2751,King,ocd-division/country:us/state:wa/county:king,Dennis Martinez,,,https://voter.votewa.gov/elections/voterguide.ashx?e=898&la=en&c=&p=
WA,2026-08-04,Primary,Precinct Committee Officer - Democratic,Tuk 11-2751,King,ocd-division/country:us/state:wa/county:king,Dian Ferguson,,,https://voter.votewa.gov/elections/voterguide.ashx?e=898&la=en&c=&p=
WA,2026-08-04,Primary,Precinct Committee Officer - Democratic,Tuk 11-3128,King,ocd-division/country:us/state:wa/county:king,Kate Kruller,,,https://voter.votewa.gov/elections/voterguide.ashx?e=898&la=en&c=&p=
WA,2026-08-04,Primary,Precinct Committee Officer - Democratic,Tuk 11-3128,King,ocd-division/country:us/state:wa/county:king,Tamara M Bauman,,,https://voter.votewa.gov/elections/voterguide.ashx?e=898&la=en&c=&p=
WA,2026-08-04,Primary,Precinct Committee Officer - Democratic,Camano 13,Island,ocd-division/country:us/state:wa/county:island,John Amell,,,https://voter.votewa.gov/elections/voterguide.ashx?e=898&la=en&c=&p=
WA,2026-08-04,Primary,Precinct Committee Officer - Democratic,Camano 13,Island,ocd-division/country:us/state:wa/county:island,Ranae York,,,https://voter.votewa.gov/elections/voterguide.ashx?e=898&la=en&c=&p=
WA,2026-08-04,Primary,Precinct Committee Officer - Democratic,Lynnwood 13,Snohomish,ocd-division/country:us/state:wa/county:snohomish,Marylou Eckart,,,https://voter.votewa.gov/elections/voterguide.ashx?e=898&la=en&c=&p=
WA,2026-08-04,Primary,Precinct Committee Officer - Democratic,Lynnwood 13,Snohomish,ocd-division/country:us/state:wa/county:snohomish,Mike Eckart,,,https://voter.votewa.gov/elections/voterguide.ashx?e=898&la=en&c=&p=
WA,2026-08-04,Primary,Precinct Committee Officer - Democratic,Lynnwood 17,Snohomish,ocd-division/country:us/state:wa/county:snohomish,Bryce Carl Owings,,,https://voter.votewa.gov/elections/voterguide.ashx?e=898&la=en&c=&p=
WA,2026-08-04,Primary,Precinct Committee Officer - Democratic,Lynnwood 17,Snohomish,ocd-division/country:us/state:wa/county:snohomish,Hannah Owings,,,https://voter.votewa.gov/elections/voterguide.ashx?e=898&la=en&c=&p=
WA,2026-08-04,Primary,Precinct Committee Officer - Democratic,Olympia 19,Thurston,ocd-division/country:us/state:wa/county:thurston,Rory Summerson,,,https://voter.votewa.gov/elections/voterguide.ashx?e=898&la=en&c=&p=
WA,2026-08-04,Primary,Precinct Committee Officer - Democratic,Olympia 19,Thurston,ocd-division/country:us/state:wa/county:thurston,Shabina Hussain,,,https://voter.votewa.gov/elections/voterguide.ashx?e=898&la=en&c=&p=
WA,2026-08-04,Primary,Precinct Committee Officer - Democratic,25-165,Pierce,ocd-division/country:us/state:wa/county:pierce,Ayanna Colman,,,https://voter.votewa.gov/elections/voterguide.ashx?e=898&la=en&c=&p=
WA,2026-08-04,Primary,Precinct Committee Officer - Democratic,25-165,Pierce,ocd-division/country:us/state:wa/county:pierce,McClira (MC) Jackson Jr.,,,https://voter.votewa.gov/elections/voterguide.ashx?e=898&la=en&c=&p=
WA,2026-08-04,Primary,Precinct Committee Officer - Democratic,25-165,Pierce,ocd-division/country:us/state:wa/county:pierce,Theresa Wilcox,,,https://voter.votewa.gov/elections/voterguide.ashx?e=898&la=en&c=&p=
WA,2026-08-04,Primary,Precinct Committee Officer - Democratic,25-203,Pierce,ocd-division/country:us/state:wa/county:pierce,Jeff Beaulac,,,https://voter.votewa.gov/elections/voterguide.ashx?e=898&la=en&c=&p=
WA,2026-08-04,Primary,Precinct Committee Officer - Democratic,25-203,Pierce,ocd-division/country:us/state:wa/county:pierce,Matthew Selfors,,,https://voter.votewa.gov/elections/voterguide.ashx?e=898&la=en&c=&p=
WA,2026-08-04,Primary,Precinct Committee Officer - Democratic,25-204,Pierce,ocd-division/country:us/state:wa/county:pierce,Billy Jo Hetherington,,,https://voter.votewa.gov/elections/voterguide.ashx?e=898&la=en&c=&p=
WA,2026-08-04,Primary,Precinct Committee Officer - Democratic,25-204,Pierce,ocd-division/country:us/state:wa/county:pierce,Jeff Bennett,,,https://voter.votewa.gov/elections/voterguide.ashx?e=898&la=en&c=&p=
WA,2026-08-04,Primary,Precinct Committee Officer - Democratic,25-208,Pierce,ocd-division/country:us/state:wa/county:pierce,Heather Schiller,,,https://voter.votewa.gov/elections/voterguide.ashx?e=898&la=en&c=&p=
WA,2026-08-04,Primary,Precinct Committee Officer - Democratic,25-208,Pierce,ocd-division/country:us/state:wa/county:pierce,Kimberlie A. Field,,,https://voter.votewa.gov/elections/voterguide.ashx?e=898&la=en&c=&p=
WA,2026-08-04,Primary,Precinct Committee Officer - Democratic,25-213,Pierce,ocd-division/country:us/state:wa/county:pierce,Ed Beck,,,https://voter.votewa.gov/elections/voterguide.ashx?e=898&la=en&c=&p=
WA,2026-08-04,Primary,Precinct Committee Officer - Democratic,25-213,Pierce,ocd-division/country:us/state:wa/county:pierce,Steven D. Jovanovich,,,https://voter.votewa.gov/elections/voterguide.ashx?e=898&la=en&c=&p=
WA,2026-08-04,Primary,Precinct Committee Officer - Democratic,25-218,Pierce,ocd-division/country:us/state:wa/county:pierce,Beverly Fox-Showacy,,,https://voter.votewa.gov/elections/voterguide.ashx?e=898&la=en&c=&p=
WA,2026-08-04,Primary,Precinct Committee Officer - Democratic,25-218,Pierce,ocd-division/country:us/state:wa/county:pierce,Kathleen Macleod,,,https://voter.votewa.gov/elections/voterguide.ashx?e=898&la=en&c=&p=
WA,2026-08-04,Primary,Precinct Committee Officer - Democratic,25-218,Pierce,ocd-division/country:us/state:wa/county:pierce,Lindsay Smolko,,,https://voter.votewa.gov/elections/voterguide.ashx?e=898&la=en&c=&p=
WA,2026-08-04,Primary,Precinct Committee Officer - Democratic,25-218,Pierce,ocd-division/country:us/state:wa/county:pierce,Penni Thorpe,,,https://voter.votewa.gov/elections/voterguide.ashx?e=898&la=en&c=&p=
WA,2026-08-04,Primary,Precinct Committee Officer - Democratic,25-219,Pierce,ocd-division/country:us/state:wa/county:pierce,Alexander Hagel,,,https://voter.votewa.gov/elections/voterguide.ashx?e=898&la=en&c=&p=
WA,2026-08-04,Primary,Precinct Committee Officer - Democratic,25-219,Pierce,ocd-division/country:us/state:wa/county:pierce,Chris Young,,,https://voter.votewa.gov/elections/voterguide.ashx?e=898&la=en&c=&p=
WA,2026-08-04,Primary,Precinct Committee Officer - Democratic,25-364,Pierce,ocd-division/country:us/state:wa/county:pierce,Christian Hansen,,,https://voter.votewa.gov/elections/voterguide.ashx?e=898&la=en&c=&p=
WA,2026-08-04,Primary,Precinct Committee Officer - Democratic,25-364,Pierce,ocd-division/country:us/state:wa/county:pierce,Melissa Marie Shapel Hansen,,,https://voter.votewa.gov/elections/voterguide.ashx?e=898&la=en&c=&p=
WA,2026-08-04,Primary,Precinct Committee Officer - Democratic,26-304,Pierce,ocd-division/country:us/state:wa/county:pierce,Em Stone,,,https://voter.votewa.gov/elections/voterguide.ashx?e=898&la=en&c=&p=
WA,2026-08-04,Primary,Precinct Committee Officer - Democratic,26-304,Pierce,ocd-division/country:us/state:wa/county:pierce,Stephen McDuffie,,,https://voter.votewa.gov/elections/voterguide.ashx?e=898&la=en&c=&p=
WA,2026-08-04,Primary,Precinct Committee Officer - Democratic,26-315,Pierce,ocd-division/country:us/state:wa/county:pierce,Alex Davidson,,,https://voter.votewa.gov/elections/voterguide.ashx?e=898&la=en&c=&p=
WA,2026-08-04,Primary,Precinct Committee Officer - Democratic,26-315,Pierce,ocd-division/country:us/state:wa/county:pierce,Juliet Brown,,,https://voter.votewa.gov/elections/voterguide.ashx?e=898&la=en&c=&p=
WA,2026-08-04,Primary,Precinct Committee Officer - Democratic,27-412,Pierce,ocd-division/country:us/state:wa/county:pierce,Jordan Burney,,,https://voter.votewa.gov/elections/voterguide.ashx?e=898&la=en&c=&p=
WA,2026-08-04,Primary,Precinct Committee Officer - Democratic,27-412,Pierce,ocd-division/country:us/state:wa/county:pierce,Paul Chapman,,,https://voter.votewa.gov/elections/voterguide.ashx?e=898&la=en&c=&p=
WA,2026-08-04,Primary,Precinct Committee Officer - Democratic,27-419,Pierce,ocd-division/country:us/state:wa/county:pierce,John Hines,,,https://voter.votewa.gov/elections/voterguide.ashx?e=898&la=en&c=&p=
WA,2026-08-04,Primary,Precinct Committee Officer - Democratic,27-419,Pierce,ocd-division/country:us/state:wa/county:pierce,Linda Fry,,,https://voter.votewa.gov/elections/voterguide.ashx?e=898&la=en&c=&p=
WA,2026-08-04,Primary,Precinct Committee Officer - Democratic,27-420,Pierce,ocd-division/country:us/state:wa/county:pierce,Courtney Love,,,https://voter.votewa.gov/elections/voterguide.ashx?e=898&la=en&c=&p=
WA,2026-08-04,Primary,Precinct Committee Officer - Democratic,27-420,Pierce,ocd-division/country:us/state:wa/county:pierce,Janet Thiessen,,,https://voter.votewa.gov/elections/voterguide.ashx?e=898&la=en&c=&p=
WA,2026-08-04,Primary,Precinct Committee Officer - Democratic,27-427,Pierce,ocd-division/country:us/state:wa/county:pierce,Peter Bennett,,,https://voter.votewa.gov/elections/voterguide.ashx?e=898&la=en&c=&p=
WA,2026-08-04,Primary,Precinct Committee Officer - Democratic,27-427,Pierce,ocd-division/country:us/state:wa/county:pierce,William F. (Bill) Johnston,,,https://voter.votewa.gov/elections/voterguide.ashx?e=898&la=en&c=&p=
WA,2026-08-04,Primary,Precinct Committee Officer - Democratic,27-480,Pierce,ocd-division/country:us/state:wa/county:pierce,Justin Leighton,,,https://voter.votewa.gov/elections/voterguide.ashx?e=898&la=en&c=&p=
WA,2026-08-04,Primary,Precinct Committee Officer - Democratic,27-480,Pierce,ocd-division/country:us/state:wa/county:pierce,Tim Farrell,,,https://voter.votewa.gov/elections/voterguide.ashx?e=898&la=en&c=&p=
WA,2026-08-04,Primary,Precinct Committee Officer - Democratic,27-481,Pierce,ocd-division/country:us/state:wa/county:pierce,Ryan Mello,,,https://voter.votewa.gov/elections/voterguide.ashx?e=898&la=en&c=&p=
WA,2026-08-04,Primary,Precinct Committee Officer - Democratic,27-481,Pierce,ocd-division/country:us/state:wa/county:pierce,Sol Jesus Ozuna,,,https://voter.votewa.gov/elections/voterguide.ashx?e=898&la=en&c=&p=
WA,2026-08-04,Primary,Precinct Committee Officer - Democratic,27-483,Pierce,ocd-division/country:us/state:wa/county:pierce,Destinee Moliga,,,https://voter.votewa.gov/elections/voterguide.ashx?e=898&la=en&c=&p=
WA,2026-08-04,Primary,Precinct Committee Officer - Democratic,27-483,Pierce,ocd-division/country:us/state:wa/county:pierce,Jessica Gavre,,,https://voter.votewa.gov/elections/voterguide.ashx?e=898&la=en&c=&p=
WA,2026-08-04,Primary,Precinct Committee Officer - Democratic,27-486,Pierce,ocd-division/country:us/state:wa/county:pierce,Jeannine C. Mitchell,,,https://voter.votewa.gov/elections/voterguide.ashx?e=898&la=en&c=&p=
WA,2026-08-04,Primary,Precinct Committee Officer - Democratic,27-486,Pierce,ocd-division/country:us/state:wa/county:pierce,Justin Rush,,,https://voter.votewa.gov/elections/voterguide.ashx?e=898&la=en&c=&p=
WA,2026-08-04,Primary,Precinct Committee Officer - Democratic,27-490,Pierce,ocd-division/country:us/state:wa/county:pierce,Chris Karnes,,,https://voter.votewa.gov/elections/voterguide.ashx?e=898&la=en&c=&p=
WA,2026-08-04,Primary,Precinct Committee Officer - Democratic,27-490,Pierce,ocd-division/country:us/state:wa/county:pierce,Devin Rydel Kelly,,,https://voter.votewa.gov/elections/voterguide.ashx?e=898&la=en&c=&p=
WA,2026-08-04,Primary,Precinct Committee Officer - Democratic,27-491,Pierce,ocd-division/country:us/state:wa/county:pierce,Kate Ginn,,,https://voter.votewa.gov/elections/voterguide.ashx?e=898&la=en&c=&p=
WA,2026-08-04,Primary,Precinct Committee Officer - Democratic,27-491,Pierce,ocd-division/country:us/state:wa/county:pierce,Melissa McBurney,,,https://voter.votewa.gov/elections/voterguide.ashx?e=898&la=en&c=&p=
WA,2026-08-04,Primary,Precinct Committee Officer - Democratic,27-502,Pierce,ocd-division/country:us/state:wa/county:pierce,Jim Pickering,,,https://voter.votewa.gov/elections/voterguide.ashx?e=898&la=en&c=&p=
WA,2026-08-04,Primary,Precinct Committee Officer - Democratic,27-502,Pierce,ocd-division/country:us/state:wa/county:pierce,Ron Stone,,,https://voter.votewa.gov/elections/voterguide.ashx?e=898&la=en&c=&p=
WA,2026-08-04,Primary,Precinct Committee Officer - Democratic,27-508,Pierce,ocd-division/country:us/state:wa/county:pierce,Danella S. Frerichs,,,https://voter.votewa.gov/elections/voterguide.ashx?e=898&la=en&c=&p=
WA,2026-08-04,Primary,Precinct Committee Officer - Democratic,27-508,Pierce,ocd-division/country:us/state:wa/county:pierce,Theresa Bridgid Wheaton,,,https://voter.votewa.gov/elections/voterguide.ashx?e=898&la=en&c=&p=
WA,2026-08-04,Primary,Precinct Committee Officer - Democratic,27-629,Pierce,ocd-division/country:us/state:wa/county:pierce,Christopher Demele,,,https://voter.votewa.gov/elections/voterguide.ashx?e=898&la=en&c=&p=
WA,2026-08-04,Primary,Precinct Committee Officer - Democratic,27-629,Pierce,ocd-division/country:us/state:wa/county:pierce,Dale Porter,,,https://voter.votewa.gov/elections/voterguide.ashx?e=898&la=en&c=&p=
WA,2026-08-04,Primary,Precinct Committee Officer - Democratic,28-535,Pierce,ocd-division/country:us/state:wa/county:pierce,Melisa Ziegler,,,https://voter.votewa.gov/elections/voterguide.ashx?e=898&la=en&c=&p=
WA,2026-08-04,Primary,Precinct Committee Officer - Democratic,28-535,Pierce,ocd-division/country:us/state:wa/county:pierce,Tamsen Spengler,,,https://voter.votewa.gov/elections/voterguide.ashx?e=898&la=en&c=&p=
WA,2026-08-04,Primary,Precinct Committee Officer - Democratic,28-548,Pierce,ocd-division/country:us/state:wa/county:pierce,Dan Bronoske,,,https://voter.votewa.gov/elections/voterguide.ashx?e=898&la=en&c=&p=
WA,2026-08-04,Primary,Precinct Committee Officer - Democratic,28-548,Pierce,ocd-division/country:us/state:wa/county:pierce,James Woodward,,,https://voter.votewa.gov/elections/voterguide.ashx?e=898&la=en&c=&p=
WA,2026-08-04,Primary,Precinct Committee Officer - Democratic,29-447,Pierce,ocd-division/country:us/state:wa/county:pierce,Margo Megan Skrzypek,,,https://voter.votewa.gov/elections/voterguide.ashx?e=898&la=en&c=&p=
WA,2026-08-04,Primary,Precinct Committee Officer - Democratic,29-447,Pierce,ocd-division/country:us/state:wa/county:pierce,Suzanne Skaar,,,https://voter.votewa.gov/elections/voterguide.ashx?e=898&la=en&c=&p=
WA,2026-08-04,Primary,Precinct Committee Officer - Democratic,29-453,Pierce,ocd-division/country:us/state:wa/county:pierce,Colleen Perseo,,,https://voter.votewa.gov/elections/voterguide.ashx?e=898&la=en&c=&p=
WA,2026-08-04,Primary,Precinct Committee Officer - Democratic,29-453,Pierce,ocd-division/country:us/state:wa/county:pierce,Nicollette Roe,,,https://voter.votewa.gov/elections/voterguide.ashx?e=898&la=en&c=&p=
WA,2026-08-04,Primary,Precinct Committee Officer - Democratic,29-459,Pierce,ocd-division/country:us/state:wa/county:pierce,Kimber Starr,,,https://voter.votewa.gov/elections/voterguide.ashx?e=898&la=en&c=&p=
WA,2026-08-04,Primary,Precinct Committee Officer - Democratic,29-459,Pierce,ocd-division/country:us/state:wa/county:pierce,Michelle Pigott,,,https://voter.votewa.gov/elections/voterguide.ashx?e=898&la=en&c=&p=
WA,2026-08-04,Primary,Precinct Committee Officer - Democratic,29-604,Pierce,ocd-division/country:us/state:wa/county:pierce,Dawn Blomquist,,,https://voter.votewa.gov/elections/voterguide.ashx?e=898&la=en&c=&p=
WA,2026-08-04,Primary,Precinct Committee Officer - Democratic,29-604,Pierce,ocd-division/country:us/state:wa/county:pierce,Peregrine Bailey,,,https://voter.votewa.gov/elections/voterguide.ashx?e=898&la=en&c=&p=
WA,2026-08-04,Primary,Precinct Committee Officer - Democratic,29-615,Pierce,ocd-division/country:us/state:wa/county:pierce,Aaron Johnson,,,https://voter.votewa.gov/elections/voterguide.ashx?e=898&la=en&c=&p=
WA,2026-08-04,Primary,Precinct Committee Officer - Democratic,29-615,Pierce,ocd-division/country:us/state:wa/county:pierce,Ralph K. Rodriguez,,,https://voter.votewa.gov/elections/voterguide.ashx?e=898&la=en&c=&p=
WA,2026-08-04,Primary,Precinct Committee Officer - Democratic,29-625,Pierce,ocd-division/country:us/state:wa/county:pierce,Catherine Lee,,,https://voter.votewa.gov/elections/voterguide.ashx?e=898&la=en&c=&p=
WA,2026-08-04,Primary,Precinct Committee Officer - Democratic,29-625,Pierce,ocd-division/country:us/state:wa/county:pierce,Derek Shin Martinez,,,https://voter.votewa.gov/elections/voterguide.ashx?e=898&la=en&c=&p=
WA,2026-08-04,Primary,Precinct Committee Officer - Democratic,29-656,Pierce,ocd-division/country:us/state:wa/county:pierce,Jasmin Washington,,,https://voter.votewa.gov/elections/voterguide.ashx?e=898&la=en&c=&p=
WA,2026-08-04,Primary,Precinct Committee Officer - Democratic,29-656,Pierce,ocd-division/country:us/state:wa/county:pierce,Jennifer Newman,,,https://voter.votewa.gov/elections/voterguide.ashx?e=898&la=en&c=&p=
WA,2026-08-04,Primary,Precinct Committee Officer - Democratic,29-668,Pierce,ocd-division/country:us/state:wa/county:pierce,Joseph W. Tirado,,,https://voter.votewa.gov/elections/voterguide.ashx?e=898&la=en&c=&p=
WA,2026-08-04,Primary,Precinct Committee Officer - Democratic,29-668,Pierce,ocd-division/country:us/state:wa/county:pierce,Samantha A. Miller,,,https://voter.votewa.gov/elections/voterguide.ashx?e=898&la=en&c=&p=
WA,2026-08-04,Primary,Precinct Committee Officer - Democratic,31-708,Pierce,ocd-division/country:us/state:wa/county:pierce,Jill Gilliom,,,https://voter.votewa.gov/elections/voterguide.ashx?e=898&la=en&c=&p=
WA,2026-08-04,Primary,Precinct Committee Officer - Democratic,31-708,Pierce,ocd-division/country:us/state:wa/county:pierce,Sammy Jo Conde,,,https://voter.votewa.gov/elections/voterguide.ashx?e=898&la=en&c=&p=
WA,2026-08-04,Primary,Precinct Committee Officer - Democratic,Shl 32-0423,King,ocd-division/country:us/state:wa/county:king,Candy Wilson,,,https://voter.votewa.gov/elections/voterguide.ashx?e=898&la=en&c=&p=
WA,2026-08-04,Primary,Precinct Committee Officer - Democratic,Shl 32-0423,King,ocd-division/country:us/state:wa/county:king,Janet M  Way,,,https://voter.votewa.gov/elections/voterguide.ashx?e=898&la=en&c=&p=
WA,2026-08-04,Primary,Precinct Committee Officer - Democratic,Shl 32-0802,King,ocd-division/country:us/state:wa/county:king,Andrew Holt,,,https://voter.votewa.gov/elections/voterguide.ashx?e=898&la=en&c=&p=
WA,2026-08-04,Primary,Precinct Committee Officer - Democratic,Shl 32-0802,King,ocd-division/country:us/state:wa/county:king,Norbert Steele,,,https://voter.votewa.gov/elections/voterguide.ashx?e=898&la=en&c=&p=
WA,2026-08-04,Primary,Precinct Committee Officer - Democratic,Shl 32-0875,King,ocd-division/country:us/state:wa/county:king,Allison Luzader,,,https://voter.votewa.gov/elections/voterguide.ashx?e=898&la=en&c=&p=
WA,2026-08-04,Primary,Precinct Committee Officer - Democratic,Shl 32-0875,King,ocd-division/country:us/state:wa/county:king,Bettelinn Brown,,,https://voter.votewa.gov/elections/voterguide.ashx?e=898&la=en&c=&p=
WA,2026-08-04,Primary,Precinct Committee Officer - Democratic,Shl 32-0875,King,ocd-division/country:us/state:wa/county:king,Desiree Moore,,,https://voter.votewa.gov/elections/voterguide.ashx?e=898&la=en&c=&p=
WA,2026-08-04,Primary,Precinct Committee Officer - Democratic,Shl 32-0897,King,ocd-division/country:us/state:wa/county:king,Lauri DeVore,,,https://voter.votewa.gov/elections/voterguide.ashx?e=898&la=en&c=&p=
WA,2026-08-04,Primary,Precinct Committee Officer - Democratic,Shl 32-0897,King,ocd-division/country:us/state:wa/county:king,Tom Fitzpatrick,,,https://voter.votewa.gov/elections/voterguide.ashx?e=898&la=en&c=&p=
WA,2026-08-04,Primary,Precinct Committee Officer - Democratic,Shl 32-1210,King,ocd-division/country:us/state:wa/county:king,Eric Scheir,,,https://voter.votewa.gov/elections/voterguide.ashx?e=898&la=en&c=&p=
WA,2026-08-04,Primary,Precinct Committee Officer - Democratic,Shl 32-1210,King,ocd-division/country:us/state:wa/county:king,Hammad Ali Hashmi,,,https://voter.votewa.gov/elections/voterguide.ashx?e=898&la=en&c=&p=
WA,2026-08-04,Primary,Precinct Committee Officer - Democratic,Shl 32-1228,King,ocd-division/country:us/state:wa/county:king,Christine Ann Pinto,,,https://voter.votewa.gov/elections/voterguide.ashx?e=898&la=en&c=&p=
WA,2026-08-04,Primary,Precinct Committee Officer - Democratic,Shl 32-1228,King,ocd-division/country:us/state:wa/county:king,Janice Gedlund,,,https://voter.votewa.gov/elections/voterguide.ashx?e=898&la=en&c=&p=
WA,2026-08-04,Primary,Precinct Committee Officer - Democratic,Ken 33-0576,King,ocd-division/country:us/state:wa/county:king,Lionel Forde,,,https://voter.votewa.gov/elections/voterguide.ashx?e=898&la=en&c=&p=
WA,2026-08-04,Primary,Precinct Committee Officer - Democratic,Ken 33-0576,King,ocd-division/country:us/state:wa/county:king,Michael Neher,,,https://voter.votewa.gov/elections/voterguide.ashx?e=898&la=en&c=&p=
WA,2026-08-04,Primary,Precinct Committee Officer - Democratic,Ken 33-0595,King,ocd-division/country:us/state:wa/county:king,Daniel Schirmer,,,https://voter.votewa.gov/elections/voterguide.ashx?e=898&la=en&c=&p=
WA,2026-08-04,Primary,Precinct Committee Officer - Democratic,Ken 33-0595,King,ocd-division/country:us/state:wa/county:king,Fanny Pacheco,,,https://voter.votewa.gov/elections/voterguide.ashx?e=898&la=en&c=&p=
WA,2026-08-04,Primary,Precinct Committee Officer - Democratic,Ken 33-2567,King,ocd-division/country:us/state:wa/county:king,Brittany Nicole Furgason,,,https://voter.votewa.gov/elections/voterguide.ashx?e=898&la=en&c=&p=
WA,2026-08-04,Primary,Precinct Committee Officer - Democratic,Ken 33-2567,King,ocd-division/country:us/state:wa/county:king,Elizabeth A. Watson,,,https://voter.votewa.gov/elections/voterguide.ashx?e=898&la=en&c=&p=
WA,2026-08-04,Primary,Precinct Committee Officer - Democratic,Sea 34-1247,King,ocd-division/country:us/state:wa/county:king,Hudayfa Ismail,,,https://voter.votewa.gov/elections/voterguide.ashx?e=898&la=en&c=&p=
WA,2026-08-04,Primary,Precinct Committee Officer - Democratic,Sea 34-1247,King,ocd-division/country:us/state:wa/county:king,Leslie S Harris,,,https://voter.votewa.gov/elections/voterguide.ashx?e=898&la=en&c=&p=
WA,2026-08-04,Primary,Precinct Committee Officer - Democratic,Sea 34-1466,King,ocd-division/country:us/state:wa/county:king,Nicole Frickle,,,https://voter.votewa.gov/elections/voterguide.ashx?e=898&la=en&c=&p=
WA,2026-08-04,Primary,Precinct Committee Officer - Democratic,Sea 34-1466,King,ocd-division/country:us/state:wa/county:king,Patrick McKee,,,https://voter.votewa.gov/elections/voterguide.ashx?e=898&la=en&c=&p=
WA,2026-08-04,Primary,Precinct Committee Officer - Democratic,Sea 34-1487,King,ocd-division/country:us/state:wa/county:king,Helen Sernett,,,https://voter.votewa.gov/elections/voterguide.ashx?e=898&la=en&c=&p=
WA,2026-08-04,Primary,Precinct Committee Officer - Democratic,Sea 34-1487,King,ocd-division/country:us/state:wa/county:king,Jesse Scott-Kandoll,,,https://voter.votewa.gov/elections/voterguide.ashx?e=898&la=en&c=&p=
WA,2026-08-04,Primary,Precinct Committee Officer - Democratic,Everett  35,Snohomish,ocd-division/country:us/state:wa/county:snohomish,Christopher McBride,,,https://voter.votewa.gov/elections/voterguide.ashx?e=898&la=en&c=&p=
WA,2026-08-04,Primary,Precinct Committee Officer - Democratic,Everett  35,Snohomish,ocd-division/country:us/state:wa/county:snohomish,Richard McManus,,,https://voter.votewa.gov/elections/voterguide.ashx?e=898&la=en&c=&p=
WA,2026-08-04,Primary,Precinct Committee Officer - Democratic,Sea 36-1345,King,ocd-division/country:us/state:wa/county:king,James Apa,,,https://voter.votewa.gov/elections/voterguide.ashx?e=898&la=en&c=&p=
WA,2026-08-04,Primary,Precinct Committee Officer - Democratic,Sea 36-1345,King,ocd-division/country:us/state:wa/county:king,Joanna Grist,,,https://voter.votewa.gov/elections/voterguide.ashx?e=898&la=en&c=&p=
WA,2026-08-04,Primary,Precinct Committee Officer - Democratic,Sea 36-1743,King,ocd-division/country:us/state:wa/county:king,Claire Ramos,,,https://voter.votewa.gov/elections/voterguide.ashx?e=898&la=en&c=&p=
WA,2026-08-04,Primary,Precinct Committee Officer - Democratic,Sea 36-1743,King,ocd-division/country:us/state:wa/county:king,Laura Marie Rivera,,,https://voter.votewa.gov/elections/voterguide.ashx?e=898&la=en&c=&p=
WA,2026-08-04,Primary,Precinct Committee Officer - Democratic,Sea 36-2166,King,ocd-division/country:us/state:wa/county:king,Brad Nelson,,,https://voter.votewa.gov/elections/voterguide.ashx?e=898&la=en&c=&p=
WA,2026-08-04,Primary,Precinct Committee Officer - Democratic,Sea 36-2166,King,ocd-division/country:us/state:wa/county:king,Etan Berkowitz,,,https://voter.votewa.gov/elections/voterguide.ashx?e=898&la=en&c=&p=
WA,2026-08-04,Primary,Precinct Committee Officer - Democratic,Sea 36-2170,King,ocd-division/country:us/state:wa/county:king,Kiana Scott,,,https://voter.votewa.gov/elections/voterguide.ashx?e=898&la=en&c=&p=
WA,2026-08-04,Primary,Precinct Committee Officer - Democratic,Sea 36-2170,King,ocd-division/country:us/state:wa/county:king,Sue Moser,,,https://voter.votewa.gov/elections/voterguide.ashx?e=898&la=en&c=&p=
WA,2026-08-04,Primary,Precinct Committee Officer - Democratic,Olympia 37,Thurston,ocd-division/country:us/state:wa/county:thurston,John Newman,,,https://voter.votewa.gov/elections/voterguide.ashx?e=898&la=en&c=&p=
WA,2026-08-04,Primary,Precinct Committee Officer - Democratic,Olympia 37,Thurston,ocd-division/country:us/state:wa/county:thurston,Pam Lovinger,,,https://voter.votewa.gov/elections/voterguide.ashx?e=898&la=en&c=&p=
WA,2026-08-04,Primary,Precinct Committee Officer - Democratic,Sea 37-1555,King,ocd-division/country:us/state:wa/county:king,Greg Thiessen,,,https://voter.votewa.gov/elections/voterguide.ashx?e=898&la=en&c=&p=
WA,2026-08-04,Primary,Precinct Committee Officer - Democratic,Sea 37-1555,King,ocd-division/country:us/state:wa/county:king,Kendall Oehler,,,https://voter.votewa.gov/elections/voterguide.ashx?e=898&la=en&c=&p=
WA,2026-08-04,Primary,Precinct Committee Officer - Democratic,Sea 37-1608,King,ocd-division/country:us/state:wa/county:king,E. Bailey Medilo,,,https://voter.votewa.gov/elections/voterguide.ashx?e=898&la=en&c=&p=
WA,2026-08-04,Primary,Precinct Committee Officer - Democratic,Sea 37-1608,King,ocd-division/country:us/state:wa/county:king,Joe Harrington,,,https://voter.votewa.gov/elections/voterguide.ashx?e=898&la=en&c=&p=
WA,2026-08-04,Primary,Precinct Committee Officer - Democratic,Sea 37-1608,King,ocd-division/country:us/state:wa/county:king,Melissa Falcone,,,https://voter.votewa.gov/elections/voterguide.ashx?e=898&la=en&c=&p=
WA,2026-08-04,Primary,Precinct Committee Officer - Democratic,Sea 37-1617,King,ocd-division/country:us/state:wa/county:king,Carla McLean,,,https://voter.votewa.gov/elections/voterguide.ashx?e=898&la=en&c=&p=
WA,2026-08-04,Primary,Precinct Committee Officer - Democratic,Sea 37-1617,King,ocd-division/country:us/state:wa/county:king,Scott Winn,,,https://voter.votewa.gov/elections/voterguide.ashx?e=898&la=en&c=&p=
WA,2026-08-04,Primary,Precinct Committee Officer - Democratic,Sea 37-1636,King,ocd-division/country:us/state:wa/county:king,Chukundi Salisbury Sr,,,https://voter.votewa.gov/elections/voterguide.ashx?e=898&la=en&c=&p=
WA,2026-08-04,Primary,Precinct Committee Officer - Democratic,Sea 37-1636,King,ocd-division/country:us/state:wa/county:king,Daniel Escapa,,,https://voter.votewa.gov/elections/voterguide.ashx?e=898&la=en&c=&p=
WA,2026-08-04,Primary,Precinct Committee Officer - Democratic,Sea 37-1838,King,ocd-division/country:us/state:wa/county:king,Bridgette Maryman,,,https://voter.votewa.gov/elections/voterguide.ashx?e=898&la=en&c=&p=
WA,2026-08-04,Primary,Precinct Committee Officer - Democratic,Sea 37-1838,King,ocd-division/country:us/state:wa/county:king,Jamie Fackler,,,https://voter.votewa.gov/elections/voterguide.ashx?e=898&la=en&c=&p=
WA,2026-08-04,Primary,Precinct Committee Officer - Democratic,Sea 37-1871,King,ocd-division/country:us/state:wa/county:king,April Vian,,,https://voter.votewa.gov/elections/voterguide.ashx?e=898&la=en&c=&p=
WA,2026-08-04,Primary,Precinct Committee Officer - Democratic,Sea 37-1871,King,ocd-division/country:us/state:wa/county:king,Beth Brunton,,,https://voter.votewa.gov/elections/voterguide.ashx?e=898&la=en&c=&p=
WA,2026-08-04,Primary,Precinct Committee Officer - Democratic,Sea 37-1882,King,ocd-division/country:us/state:wa/county:king,Casey Smith,,,https://voter.votewa.gov/elections/voterguide.ashx?e=898&la=en&c=&p=
WA,2026-08-04,Primary,Precinct Committee Officer - Democratic,Sea 37-1882,King,ocd-division/country:us/state:wa/county:king,Jennifer Parada,,,https://voter.votewa.gov/elections/voterguide.ashx?e=898&la=en&c=&p=
WA,2026-08-04,Primary,Precinct Committee Officer - Democratic,Sea 37-1898,King,ocd-division/country:us/state:wa/county:king,Carla Curio,,,https://voter.votewa.gov/elections/voterguide.ashx?e=898&la=en&c=&p=
WA,2026-08-04,Primary,Precinct Committee Officer - Democratic,Sea 37-1898,King,ocd-division/country:us/state:wa/county:king,Robert Stephens Jr,,,https://voter.votewa.gov/elections/voterguide.ashx?e=898&la=en&c=&p=
WA,2026-08-04,Primary,Precinct Committee Officer - Democratic,Sea 37-1900,King,ocd-division/country:us/state:wa/county:king,Heather Hess,,,https://voter.votewa.gov/elections/voterguide.ashx?e=898&la=en&c=&p=
WA,2026-08-04,Primary,Precinct Committee Officer - Democratic,Sea 37-1900,King,ocd-division/country:us/state:wa/county:king,Megan Riel-Mehan,,,https://voter.votewa.gov/elections/voterguide.ashx?e=898&la=en&c=&p=
WA,2026-08-04,Primary,Precinct Committee Officer - Democratic,Sea 37-1919,King,ocd-division/country:us/state:wa/county:king,Kirky Hanson,,,https://voter.votewa.gov/elections/voterguide.ashx?e=898&la=en&c=&p=
WA,2026-08-04,Primary,Precinct Committee Officer - Democratic,Sea 37-1919,King,ocd-division/country:us/state:wa/county:king,Maya Cutforth,,,https://voter.votewa.gov/elections/voterguide.ashx?e=898&la=en&c=&p=
WA,2026-08-04,Primary,Precinct Committee Officer - Democratic,Sea 37-1938,King,ocd-division/country:us/state:wa/county:king,Ian Mosher,,,https://voter.votewa.gov/elections/voterguide.ashx?e=898&la=en&c=&p=
WA,2026-08-04,Primary,Precinct Committee Officer - Democratic,Sea 37-1938,King,ocd-division/country:us/state:wa/county:king,Marietta Zintak,,,https://voter.votewa.gov/elections/voterguide.ashx?e=898&la=en&c=&p=
WA,2026-08-04,Primary,Precinct Committee Officer - Democratic,Sea 37-3729,King,ocd-division/country:us/state:wa/county:king,Chio Saeteurn,,,https://voter.votewa.gov/elections/voterguide.ashx?e=898&la=en&c=&p=
WA,2026-08-04,Primary,Precinct Committee Officer - Democratic,Sea 37-3729,King,ocd-division/country:us/state:wa/county:king,Eric Buley,,,https://voter.votewa.gov/elections/voterguide.ashx?e=898&la=en&c=&p=
WA,2026-08-04,Primary,Precinct Committee Officer - Democratic,Sea 37-3729,King,ocd-division/country:us/state:wa/county:king,Suresh Chanmugam,,,https://voter.votewa.gov/elections/voterguide.ashx?e=898&la=en&c=&p=
WA,2026-08-04,Primary,Precinct Committee Officer - Democratic,Sea 37-3802,King,ocd-division/country:us/state:wa/county:king,Brandon Heechan Gim,,,https://voter.votewa.gov/elections/voterguide.ashx?e=898&la=en&c=&p=
WA,2026-08-04,Primary,Precinct Committee Officer - Democratic,Sea 37-3802,King,ocd-division/country:us/state:wa/county:king,Fernando Medina Corey,,,https://voter.votewa.gov/elections/voterguide.ashx?e=898&la=en&c=&p=
WA,2026-08-04,Primary,Precinct Committee Officer - Democratic,Bel 41-2943,King,ocd-division/country:us/state:wa/county:king,Janice Bristol,,,https://voter.votewa.gov/elections/voterguide.ashx?e=898&la=en&c=&p=
WA,2026-08-04,Primary,Precinct Committee Officer - Democratic,Bel 41-2943,King,ocd-division/country:us/state:wa/county:king,Tracey Cook-Lee,,,https://voter.votewa.gov/elections/voterguide.ashx?e=898&la=en&c=&p=
WA,2026-08-04,Primary,Precinct Committee Officer - Democratic,Bel 41-3371,King,ocd-division/country:us/state:wa/county:king,Clarence Gunn,,,https://voter.votewa.gov/elections/voterguide.ashx?e=898&la=en&c=&p=
WA,2026-08-04,Primary,Precinct Committee Officer - Democratic,Bel 41-3371,King,ocd-division/country:us/state:wa/county:king,Orna Berryman,,,https://voter.votewa.gov/elections/voterguide.ashx?e=898&la=en&c=&p=
WA,2026-08-04,Primary,Precinct Committee Officer - Democratic,Sea 43-1359,King,ocd-division/country:us/state:wa/county:king,Linda J Clifton,,,https://voter.votewa.gov/elections/voterguide.ashx?e=898&la=en&c=&p=
WA,2026-08-04,Primary,Precinct Committee Officer - Democratic,Sea 43-1359,King,ocd-division/country:us/state:wa/county:king,Tim Gould,,,https://voter.votewa.gov/elections/voterguide.ashx?e=898&la=en&c=&p=
WA,2026-08-04,Primary,Precinct Committee Officer - Democratic,Sea 43-1373,King,ocd-division/country:us/state:wa/county:king,Aaron Wheeler,,,https://voter.votewa.gov/elections/voterguide.ashx?e=898&la=en&c=&p=
WA,2026-08-04,Primary,Precinct Committee Officer - Democratic,Sea 43-1373,King,ocd-division/country:us/state:wa/county:king,Carl Slater,,,https://voter.votewa.gov/elections/voterguide.ashx?e=898&la=en&c=&p=
WA,2026-08-04,Primary,Precinct Committee Officer - Democratic,Sea 43-1851,King,ocd-division/country:us/state:wa/county:king,Bryce Kolton,,,https://voter.votewa.gov/elections/voterguide.ashx?e=898&la=en&c=&p=
WA,2026-08-04,Primary,Precinct Committee Officer - Democratic,Sea 43-1851,King,ocd-division/country:us/state:wa/county:king,Daniel Heppner,,,https://voter.votewa.gov/elections/voterguide.ashx?e=898&la=en&c=&p=
WA,2026-08-04,Primary,Precinct Committee Officer - Democratic,Sea 43-1859,King,ocd-division/country:us/state:wa/county:king,Aaron McCloud,,,https://voter.votewa.gov/elections/voterguide.ashx?e=898&la=en&c=&p=
WA,2026-08-04,Primary,Precinct Committee Officer - Democratic,Sea 43-1859,King,ocd-division/country:us/state:wa/county:king,Adora Blue,,,https://voter.votewa.gov/elections/voterguide.ashx?e=898&la=en&c=&p=
WA,2026-08-04,Primary,Precinct Committee Officer - Democratic,Sea 43-1859,King,ocd-division/country:us/state:wa/county:king,Erik Wren,,,https://voter.votewa.gov/elections/voterguide.ashx?e=898&la=en&c=&p=
WA,2026-08-04,Primary,Precinct Committee Officer - Democratic,Sea 43-1860,King,ocd-division/country:us/state:wa/county:king,Emeka Alozie,,,https://voter.votewa.gov/elections/voterguide.ashx?e=898&la=en&c=&p=
WA,2026-08-04,Primary,Precinct Committee Officer - Democratic,Sea 43-1860,King,ocd-division/country:us/state:wa/county:king,Leonard Harrison Jerome,,,https://voter.votewa.gov/elections/voterguide.ashx?e=898&la=en&c=&p=
WA,2026-08-04,Primary,Precinct Committee Officer - Democratic,Sea 43-1870,King,ocd-division/country:us/state:wa/county:king,Jase Pickering,,,https://voter.votewa.gov/elections/voterguide.ashx?e=898&la=en&c=&p=
WA,2026-08-04,Primary,Precinct Committee Officer - Democratic,Sea 43-1870,King,ocd-division/country:us/state:wa/county:king,Sean Butterfield,,,https://voter.votewa.gov/elections/voterguide.ashx?e=898&la=en&c=&p=
WA,2026-08-04,Primary,Precinct Committee Officer - Democratic,Sea 43-1976,King,ocd-division/country:us/state:wa/county:king,Amy Madden,,,https://voter.votewa.gov/elections/voterguide.ashx?e=898&la=en&c=&p=
WA,2026-08-04,Primary,Precinct Committee Officer - Democratic,Sea 43-1976,King,ocd-division/country:us/state:wa/county:king,Matthew Epshtein,,,https://voter.votewa.gov/elections/voterguide.ashx?e=898&la=en&c=&p=
WA,2026-08-04,Primary,Precinct Committee Officer - Democratic,Sea 43-1993,King,ocd-division/country:us/state:wa/county:king,Anne Purcell,,,https://voter.votewa.gov/elections/voterguide.ashx?e=898&la=en&c=&p=
WA,2026-08-04,Primary,Precinct Committee Officer - Democratic,Sea 43-1993,King,ocd-division/country:us/state:wa/county:king,Bob Mahon,,,https://voter.votewa.gov/elections/voterguide.ashx?e=898&la=en&c=&p=
WA,2026-08-04,Primary,Precinct Committee Officer - Democratic,Sea 43-2040,King,ocd-division/country:us/state:wa/county:king,Jeremy Erdman,,,https://voter.votewa.gov/elections/voterguide.ashx?e=898&la=en&c=&p=
WA,2026-08-04,Primary,Precinct Committee Officer - Democratic,Sea 43-2040,King,ocd-division/country:us/state:wa/county:king,Seth May,,,https://voter.votewa.gov/elections/voterguide.ashx?e=898&la=en&c=&p=
WA,2026-08-04,Primary,Precinct Committee Officer - Democratic,Sea 43-2542,King,ocd-division/country:us/state:wa/county:king,Aspen Coyle,,,https://voter.votewa.gov/elections/voterguide.ashx?e=898&la=en&c=&p=
WA,2026-08-04,Primary,Precinct Committee Officer - Democratic,Sea 43-2542,King,ocd-division/country:us/state:wa/county:king,Paul Lee,,,https://voter.votewa.gov/elections/voterguide.ashx?e=898&la=en&c=&p=
WA,2026-08-04,Primary,Precinct Committee Officer - Democratic,Sea 46-1271,King,ocd-division/country:us/state:wa/county:king,Chanpreet Singh,,,https://voter.votewa.gov/elections/voterguide.ashx?e=898&la=en&c=&p=
WA,2026-08-04,Primary,Precinct Committee Officer - Democratic,Sea 46-1271,King,ocd-division/country:us/state:wa/county:king,Grant Peltier,,,https://voter.votewa.gov/elections/voterguide.ashx?e=898&la=en&c=&p=
WA,2026-08-04,Primary,Precinct Committee Officer - Democratic,Sea 46-1403,King,ocd-division/country:us/state:wa/county:king,Brandon Monson,,,https://voter.votewa.gov/elections/voterguide.ashx?e=898&la=en&c=&p=
WA,2026-08-04,Primary,Precinct Committee Officer - Democratic,Sea 46-1403,King,ocd-division/country:us/state:wa/county:king,Stephen Paolini,,,https://voter.votewa.gov/elections/voterguide.ashx?e=898&la=en&c=&p=
WA,2026-08-04,Primary,Precinct Committee Officer - Democratic,Sea 46-2252,King,ocd-division/country:us/state:wa/county:king,Frank Field,,,https://voter.votewa.gov/elections/voterguide.ashx?e=898&la=en&c=&p=
WA,2026-08-04,Primary,Precinct Committee Officer - Democratic,Sea 46-2252,King,ocd-division/country:us/state:wa/county:king,Paul Nacamuli,,,https://voter.votewa.gov/elections/voterguide.ashx?e=898&la=en&c=&p=
WA,2026-08-04,Primary,Precinct Committee Officer - Democratic,Sea 46-2295,King,ocd-division/country:us/state:wa/county:king,David Lichter,,,https://voter.votewa.gov/elections/voterguide.ashx?e=898&la=en&c=&p=
WA,2026-08-04,Primary,Precinct Committee Officer - Democratic,Sea 46-2295,King,ocd-division/country:us/state:wa/county:king,Sharon London,,,https://voter.votewa.gov/elections/voterguide.ashx?e=898&la=en&c=&p=
WA,2026-08-04,Primary,Precinct Committee Officer - Democratic,Sea 46-2314,King,ocd-division/country:us/state:wa/county:king,Nancy Lichter,,,https://voter.votewa.gov/elections/voterguide.ashx?e=898&la=en&c=&p=
WA,2026-08-04,Primary,Precinct Committee Officer - Democratic,Sea 46-2314,King,ocd-division/country:us/state:wa/county:king,Sylvia Haven,,,https://voter.votewa.gov/elections/voterguide.ashx?e=898&la=en&c=&p=
WA,2026-08-04,Primary,Precinct Committee Officer - Democratic,Sea 46-2323,King,ocd-division/country:us/state:wa/county:king,Ed Freeman,,,https://voter.votewa.gov/elections/voterguide.ashx?e=898&la=en&c=&p=
WA,2026-08-04,Primary,Precinct Committee Officer - Democratic,Sea 46-2323,King,ocd-division/country:us/state:wa/county:king,Matt Weatherford,,,https://voter.votewa.gov/elections/voterguide.ashx?e=898&la=en&c=&p=
WA,2026-08-04,Primary,Precinct Committee Officer - Democratic,Sea 46-2361,King,ocd-division/country:us/state:wa/county:king,Hunter Brown,,,https://voter.votewa.gov/elections/voterguide.ashx?e=898&la=en&c=&p=
WA,2026-08-04,Primary,Precinct Committee Officer - Democratic,Sea 46-2361,King,ocd-division/country:us/state:wa/county:king,Lisa Rivera,,,https://voter.votewa.gov/elections/voterguide.ashx?e=898&la=en&c=&p=
WA,2026-08-04,Primary,Precinct Committee Officer - Democratic,Sea 46-3262,King,ocd-division/country:us/state:wa/county:king,John Luethe,,,https://voter.votewa.gov/elections/voterguide.ashx?e=898&la=en&c=&p=
WA,2026-08-04,Primary,Precinct Committee Officer - Democratic,Sea 46-3262,King,ocd-division/country:us/state:wa/county:king,Tara Gallagher,,,https://voter.votewa.gov/elections/voterguide.ashx?e=898&la=en&c=&p=
WA,2026-08-04,Primary,Precinct Committee Officer - Democratic,Aub 47-2700,King,ocd-division/country:us/state:wa/county:king,Erica Tomas,,,https://voter.votewa.gov/elections/voterguide.ashx?e=898&la=en&c=&p=
WA,2026-08-04,Primary,Precinct Committee Officer - Democratic,Aub 47-2700,King,ocd-division/country:us/state:wa/county:king,Patricia Larson,,,https://voter.votewa.gov/elections/voterguide.ashx?e=898&la=en&c=&p=
WA,2026-08-04,Primary,Precinct Committee Officer - Democratic,Aub 47-2701,King,ocd-division/country:us/state:wa/county:king,Hanan Amer,,,https://voter.votewa.gov/elections/voterguide.ashx?e=898&la=en&c=&p=
WA,2026-08-04,Primary,Precinct Committee Officer - Democratic,Aub 47-2701,King,ocd-division/country:us/state:wa/county:king,Shantell Sanders,,,https://voter.votewa.gov/elections/voterguide.ashx?e=898&la=en&c=&p=
WA,2026-08-04,Primary,Precinct Committee Officer - Democratic,Aub 47-2729,King,ocd-division/country:us/state:wa/county:king,TJ Revely,,,https://voter.votewa.gov/elections/voterguide.ashx?e=898&la=en&c=&p=
WA,2026-08-04,Primary,Precinct Committee Officer - Democratic,Aub 47-2729,King,ocd-division/country:us/state:wa/county:king,Trevon Cooper,,,https://voter.votewa.gov/elections/voterguide.ashx?e=898&la=en&c=&p=
WA,2026-08-04,Primary,Precinct Committee Officer - Democratic,Cov 47-3279,King,ocd-division/country:us/state:wa/county:king,Kimberley Darby,,,https://voter.votewa.gov/elections/voterguide.ashx?e=898&la=en&c=&p=
WA,2026-08-04,Primary,Precinct Committee Officer - Democratic,Cov 47-3279,King,ocd-division/country:us/state:wa/county:king,Sean Smith,,,https://voter.votewa.gov/elections/voterguide.ashx?e=898&la=en&c=&p=
WA,2026-08-04,Primary,Precinct Committee Officer - Democratic,Bel 48-0128,King,ocd-division/country:us/state:wa/county:king,Srikant Vemparala,,,https://voter.votewa.gov/elections/voterguide.ashx?e=898&la=en&c=&p=
WA,2026-08-04,Primary,Precinct Committee Officer - Democratic,Bel 48-0128,King,ocd-division/country:us/state:wa/county:king,Vandana Prashant Mishra,,,https://voter.votewa.gov/elections/voterguide.ashx?e=898&la=en&c=&p=
WA,2026-08-04,Primary,Precinct Committee Officer - Democratic,Bel 48-0217,King,ocd-division/country:us/state:wa/county:king,Alex Marcellus,,,https://voter.votewa.gov/elections/voterguide.ashx?e=898&la=en&c=&p=
WA,2026-08-04,Primary,Precinct Committee Officer - Democratic,Bel 48-0217,King,ocd-division/country:us/state:wa/county:king,Rick Kirkham,,,https://voter.votewa.gov/elections/voterguide.ashx?e=898&la=en&c=&p=
WA,2026-08-04,Primary,Precinct Committee Officer - Democratic,Bel 48-2776,King,ocd-division/country:us/state:wa/county:king,Paul B Neil,,,https://voter.votewa.gov/elections/voterguide.ashx?e=898&la=en&c=&p=
WA,2026-08-04,Primary,Precinct Committee Officer - Democratic,Bel 48-2776,King,ocd-division/country:us/state:wa/county:king,Vikram Modgil,,,https://voter.votewa.gov/elections/voterguide.ashx?e=898&la=en&c=&p=
WA,2026-08-04,Primary,Precinct Committee Officer - Democratic,Kir 48-3401,King,ocd-division/country:us/state:wa/county:king,Bill Cruikshank,,,https://voter.votewa.gov/elections/voterguide.ashx?e=898&la=en&c=&p=
WA,2026-08-04,Primary,Precinct Committee Officer - Democratic,Kir 48-3401,King,ocd-division/country:us/state:wa/county:king,Margit Moore,,,https://voter.votewa.gov/elections/voterguide.ashx?e=898&la=en&c=&p=
WA,2026-08-04,Primary,Precinct Committee Officer - Democratic,Red 48-3208,King,ocd-division/country:us/state:wa/county:king,Aleathea Batchelor,,,https://voter.votewa.gov/elections/voterguide.ashx?e=898&la=en&c=&p=
WA,2026-08-04,Primary,Precinct Committee Officer - Democratic,Red 48-3208,King,ocd-division/country:us/state:wa/county:king,Dawne Adam,,,https://voter.votewa.gov/elections/voterguide.ashx?e=898&la=en&c=&p=
WA,2026-08-04,Primary,Precinct Committee Officer - Democratic,Red 48-4007,King,ocd-division/country:us/state:wa/county:king,Aspen Richter,,,https://voter.votewa.gov/elections/voterguide.ashx?e=898&la=en&c=&p=
WA,2026-08-04,Primary,Precinct Committee Officer - Democratic,Red 48-4007,King,ocd-division/country:us/state:wa/county:king,Srikanth Sundaragopalan,,,https://voter.votewa.gov/elections/voterguide.ashx?e=898&la=en&c=&p=
WA,2026-08-04,Primary,Precinct Committee Officer - Democratic,Edmonds 52,Snohomish,ocd-division/country:us/state:wa/county:snohomish,Rob Gariepy,,,https://voter.votewa.gov/elections/voterguide.ashx?e=898&la=en&c=&p=
WA,2026-08-04,Primary,Precinct Committee Officer - Democratic,Edmonds 52,Snohomish,ocd-division/country:us/state:wa/county:snohomish,Will Chen,,,https://voter.votewa.gov/elections/voterguide.ashx?e=898&la=en&c=&p=
WA,2026-08-04,Primary,Precinct Committee Officer - Democratic,Olympia 59,Thurston,ocd-division/country:us/state:wa/county:thurston,Daniel Decker,,,https://voter.votewa.gov/elections/voterguide.ashx?e=898&la=en&c=&p=
WA,2026-08-04,Primary,Precinct Committee Officer - Democratic,Olympia 59,Thurston,ocd-division/country:us/state:wa/county:thurston,Richard Williams,,,https://voter.votewa.gov/elections/voterguide.ashx?e=898&la=en&c=&p=
WA,2026-08-04,Primary,Precinct Committee Officer - Democratic,Melbourne 072,Grays Harbor,ocd-division/country:us/state:wa/county:grays_harbor,Jamie Nichols,,,https://voter.votewa.gov/elections/voterguide.ashx?e=898&la=en&c=&p=
WA,2026-08-04,Primary,Precinct Committee Officer - Democratic,Melbourne 072,Grays Harbor,ocd-division/country:us/state:wa/county:grays_harbor,Jeff Nichols,,,https://voter.votewa.gov/elections/voterguide.ashx?e=898&la=en&c=&p=
WA,2026-08-04,Primary,Precinct Committee Officer - Democratic,Melbourne 072,Grays Harbor,ocd-division/country:us/state:wa/county:grays_harbor,Riviera Nichols,,,https://voter.votewa.gov/elections/voterguide.ashx?e=898&la=en&c=&p=
WA,2026-08-04,Primary,Precinct Committee Officer - Democratic,Everett  80,Snohomish,ocd-division/country:us/state:wa/county:snohomish,Derek Held,,,https://voter.votewa.gov/elections/voterguide.ashx?e=898&la=en&c=&p=
WA,2026-08-04,Primary,Precinct Committee Officer - Democratic,Everett  80,Snohomish,ocd-division/country:us/state:wa/county:snohomish,Paul Benz,,,https://voter.votewa.gov/elections/voterguide.ashx?e=898&la=en&c=&p=
WA,2026-08-04,Primary,Precinct Committee Officer - Democratic,Everett  90,Snohomish,ocd-division/country:us/state:wa/county:snohomish,Kelli Allred,,,https://voter.votewa.gov/elections/voterguide.ashx?e=898&la=en&c=&p=
WA,2026-08-04,Primary,Precinct Committee Officer - Democratic,Everett  90,Snohomish,ocd-division/country:us/state:wa/county:snohomish,Larry Allred,,,https://voter.votewa.gov/elections/voterguide.ashx?e=898&la=en&c=&p=
WA,2026-08-04,Primary,Precinct Committee Officer - Democratic,Port Angeles 101,Clallam,ocd-division/country:us/state:wa/county:clallam,Bradley Nemo Callaway,,,https://voter.votewa.gov/elections/voterguide.ashx?e=898&la=en&c=&p=
WA,2026-08-04,Primary,Precinct Committee Officer - Democratic,Port Angeles 101,Clallam,ocd-division/country:us/state:wa/county:clallam,Judith M Morris,,,https://voter.votewa.gov/elections/voterguide.ashx?e=898&la=en&c=&p=
WA,2026-08-04,Primary,Precinct Committee Officer - Democratic,0115,Yakima,ocd-division/country:us/state:wa/county:yakima,L. Karina Solorio,,,https://voter.votewa.gov/elections/voterguide.ashx?e=898&la=en&c=&p=
WA,2026-08-04,Primary,Precinct Committee Officer - Democratic,0115,Yakima,ocd-division/country:us/state:wa/county:yakima,Xander Deccio,,,https://voter.votewa.gov/elections/voterguide.ashx?e=898&la=en&c=&p=
WA,2026-08-04,Primary,Precinct Committee Officer - Democratic,135,Whatcom,ocd-division/country:us/state:wa/county:whatcom,Debra Covert-Bowlds,,,https://voter.votewa.gov/elections/voterguide.ashx?e=898&la=en&c=&p=
WA,2026-08-04,Primary,Precinct Committee Officer - Democratic,135,Whatcom,ocd-division/country:us/state:wa/county:whatcom,Samantha Cruz-Mendoza,,,https://voter.votewa.gov/elections/voterguide.ashx?e=898&la=en&c=&p=
WA,2026-08-04,Primary,Precinct Committee Officer - Democratic,137,Whatcom,ocd-division/country:us/state:wa/county:whatcom,Atul Deshmane,,,https://voter.votewa.gov/elections/voterguide.ashx?e=898&la=en&c=&p=
WA,2026-08-04,Primary,Precinct Committee Officer - Democratic,137,Whatcom,ocd-division/country:us/state:wa/county:whatcom,William Todd,,,https://voter.votewa.gov/elections/voterguide.ashx?e=898&la=en&c=&p=
WA,2026-08-04,Primary,Precinct Committee Officer - Democratic,0140,Yakima,ocd-division/country:us/state:wa/county:yakima,Erik J Smestad,,,https://voter.votewa.gov/elections/voterguide.ashx?e=898&la=en&c=&p=
WA,2026-08-04,Primary,Precinct Committee Officer - Democratic,0140,Yakima,ocd-division/country:us/state:wa/county:yakima,Naomi Whitmore,,,https://voter.votewa.gov/elections/voterguide.ashx?e=898&la=en&c=&p=
WA,2026-08-04,Primary,Precinct Committee Officer - Democratic,150,Clark,ocd-division/country:us/state:wa/county:clark,Monica Zazueta Tabor,,,https://voter.votewa.gov/elections/voterguide.ashx?e=898&la=en&c=&p=
WA,2026-08-04,Primary,Precinct Committee Officer - Democratic,150,Clark,ocd-division/country:us/state:wa/county:clark,Patrick Adigweme,,,https://voter.votewa.gov/elections/voterguide.ashx?e=898&la=en&c=&p=
WA,2026-08-04,Primary,Precinct Committee Officer - Democratic,170,Clark,ocd-division/country:us/state:wa/county:clark,Joe Maldonado,,,https://voter.votewa.gov/elections/voterguide.ashx?e=898&la=en&c=&p=
WA,2026-08-04,Primary,Precinct Committee Officer - Democratic,170,Clark,ocd-division/country:us/state:wa/county:clark,Stephanie VanVolkinburg,,,https://voter.votewa.gov/elections/voterguide.ashx?e=898&la=en&c=&p=
WA,2026-08-04,Primary,Precinct Committee Officer - Democratic,201,Whatcom,ocd-division/country:us/state:wa/county:whatcom,Brian Estes,,,https://voter.votewa.gov/elections/voterguide.ashx?e=898&la=en&c=&p=
WA,2026-08-04,Primary,Precinct Committee Officer - Democratic,201,Whatcom,ocd-division/country:us/state:wa/county:whatcom,Lee Kirk,,,https://voter.votewa.gov/elections/voterguide.ashx?e=898&la=en&c=&p=
WA,2026-08-04,Primary,Precinct Committee Officer - Democratic,207,Whatcom,ocd-division/country:us/state:wa/county:whatcom,Janna Grigorjev,,,https://voter.votewa.gov/elections/voterguide.ashx?e=898&la=en&c=&p=
WA,2026-08-04,Primary,Precinct Committee Officer - Democratic,207,Whatcom,ocd-division/country:us/state:wa/county:whatcom,Michael Carnahan,,,https://voter.votewa.gov/elections/voterguide.ashx?e=898&la=en&c=&p=
WA,2026-08-04,Primary,Precinct Committee Officer - Democratic,Blue Mountain 209,Clallam,ocd-division/country:us/state:wa/county:clallam,Brenda S Carpenter,,,https://voter.votewa.gov/elections/voterguide.ashx?e=898&la=en&c=&p=
WA,2026-08-04,Primary,Precinct Committee Officer - Democratic,Blue Mountain 209,Clallam,ocd-division/country:us/state:wa/county:clallam,Brian Pruiett,,,https://voter.votewa.gov/elections/voterguide.ashx?e=898&la=en&c=&p=
WA,2026-08-04,Primary,Precinct Committee Officer - Democratic,222,Whatcom,ocd-division/country:us/state:wa/county:whatcom,Elizabeth (Beth) Hartsoch,,,https://voter.votewa.gov/elections/voterguide.ashx?e=898&la=en&c=&p=
WA,2026-08-04,Primary,Precinct Committee Officer - Democratic,222,Whatcom,ocd-division/country:us/state:wa/county:whatcom,Susan Ryan,,,https://voter.votewa.gov/elections/voterguide.ashx?e=898&la=en&c=&p=
WA,2026-08-04,Primary,Precinct Committee Officer - Democratic,224,Whatcom,ocd-division/country:us/state:wa/county:whatcom,Alan McConchie,,,https://voter.votewa.gov/elections/voterguide.ashx?e=898&la=en&c=&p=
WA,2026-08-04,Primary,Precinct Committee Officer - Democratic,224,Whatcom,ocd-division/country:us/state:wa/county:whatcom,Patrick McGarrity,,,https://voter.votewa.gov/elections/voterguide.ashx?e=898&la=en&c=&p=
WA,2026-08-04,Primary,Precinct Committee Officer - Democratic,225,Clark,ocd-division/country:us/state:wa/county:clark,Anne Wiley,,,https://voter.votewa.gov/elections/voterguide.ashx?e=898&la=en&c=&p=
WA,2026-08-04,Primary,Precinct Committee Officer - Democratic,225,Clark,ocd-division/country:us/state:wa/county:clark,Jim Luce,,,https://voter.votewa.gov/elections/voterguide.ashx?e=898&la=en&c=&p=
WA,2026-08-04,Primary,Precinct Committee Officer - Democratic,225,Whatcom,ocd-division/country:us/state:wa/county:whatcom,Maya Morales,,,https://voter.votewa.gov/elections/voterguide.ashx?e=898&la=en&c=&p=
WA,2026-08-04,Primary,Precinct Committee Officer - Democratic,225,Whatcom,ocd-division/country:us/state:wa/county:whatcom,Sharon Shewmake,,,https://voter.votewa.gov/elections/voterguide.ashx?e=898&la=en&c=&p=
WA,2026-08-04,Primary,Precinct Committee Officer - Democratic,229,Whatcom,ocd-division/country:us/state:wa/county:whatcom,Barbara Plaskett,,,https://voter.votewa.gov/elections/voterguide.ashx?e=898&la=en&c=&p=
WA,2026-08-04,Primary,Precinct Committee Officer - Democratic,229,Whatcom,ocd-division/country:us/state:wa/county:whatcom,Slater Meyer,,,https://voter.votewa.gov/elections/voterguide.ashx?e=898&la=en&c=&p=
WA,2026-08-04,Primary,Precinct Committee Officer - Democratic,241,Whatcom,ocd-division/country:us/state:wa/county:whatcom,Andrew Reding,,,https://voter.votewa.gov/elections/voterguide.ashx?e=898&la=en&c=&p=
WA,2026-08-04,Primary,Precinct Committee Officer - Democratic,241,Whatcom,ocd-division/country:us/state:wa/county:whatcom,Andrew Shelton,,,https://voter.votewa.gov/elections/voterguide.ashx?e=898&la=en&c=&p=
WA,2026-08-04,Primary,Precinct Committee Officer - Democratic,243,Whatcom,ocd-division/country:us/state:wa/county:whatcom,David Edelman,,,https://voter.votewa.gov/elections/voterguide.ashx?e=898&la=en&c=&p=
WA,2026-08-04,Primary,Precinct Committee Officer - Democratic,243,Whatcom,ocd-division/country:us/state:wa/county:whatcom,Gwennan Pritchard,,,https://voter.votewa.gov/elections/voterguide.ashx?e=898&la=en&c=&p=
WA,2026-08-04,Primary,Precinct Committee Officer - Democratic,245,Clark,ocd-division/country:us/state:wa/county:clark,Emily Crowe,,,https://voter.votewa.gov/elections/voterguide.ashx?e=898&la=en&c=&p=
WA,2026-08-04,Primary,Precinct Committee Officer - Democratic,245,Clark,ocd-division/country:us/state:wa/county:clark,Will Hesselgrave,,,https://voter.votewa.gov/elections/voterguide.ashx?e=898&la=en&c=&p=
WA,2026-08-04,Primary,Precinct Committee Officer - Democratic,325,Clark,ocd-division/country:us/state:wa/county:clark,James Watson-Hughes,,,https://voter.votewa.gov/elections/voterguide.ashx?e=898&la=en&c=&p=
WA,2026-08-04,Primary,Precinct Committee Officer - Democratic,325,Clark,ocd-division/country:us/state:wa/county:clark,John M. Acken,,,https://voter.votewa.gov/elections/voterguide.ashx?e=898&la=en&c=&p=
WA,2026-08-04,Primary,Precinct Committee Officer - Democratic,330,Clark,ocd-division/country:us/state:wa/county:clark,Candice Schafer,,,https://voter.votewa.gov/elections/voterguide.ashx?e=898&la=en&c=&p=
WA,2026-08-04,Primary,Precinct Committee Officer - Democratic,330,Clark,ocd-division/country:us/state:wa/county:clark,Justin Chance Allen,,,https://voter.votewa.gov/elections/voterguide.ashx?e=898&la=en&c=&p=
WA,2026-08-04,Primary,Precinct Committee Officer - Democratic,410  Cp8,Kitsap,ocd-division/country:us/state:wa/county:kitsap,Terri Schumacher,,,https://voter.votewa.gov/elections/voterguide.ashx?e=898&la=en&c=&p=
WA,2026-08-04,Primary,Precinct Committee Officer - Democratic,410  Cp8,Kitsap,ocd-division/country:us/state:wa/county:kitsap,Val Torrens,,,https://voter.votewa.gov/elections/voterguide.ashx?e=898&la=en&c=&p=
WA,2026-08-04,Primary,Precinct Committee Officer - Democratic,415  Cp6,Kitsap,ocd-division/country:us/state:wa/county:kitsap,Jesse H. Cockerham,,,https://voter.votewa.gov/elections/voterguide.ashx?e=898&la=en&c=&p=
WA,2026-08-04,Primary,Precinct Committee Officer - Democratic,415  Cp6,Kitsap,ocd-division/country:us/state:wa/county:kitsap,Jessica Woolhether,,,https://voter.votewa.gov/elections/voterguide.ashx?e=898&la=en&c=&p=
WA,2026-08-04,Primary,Precinct Committee Officer - Democratic,Montesano 602,Grays Harbor,ocd-division/country:us/state:wa/county:grays_harbor,Ann Pelo,,,https://voter.votewa.gov/elections/voterguide.ashx?e=898&la=en&c=&p=
WA,2026-08-04,Primary,Precinct Committee Officer - Democratic,Montesano 602,Grays Harbor,ocd-division/country:us/state:wa/county:grays_harbor,Tiffany Schwalb,,,https://voter.votewa.gov/elections/voterguide.ashx?e=898&la=en&c=&p=
WA,2026-08-04,Primary,Precinct Committee Officer - Democratic,Pullman 1146,Whitman,ocd-division/country:us/state:wa/county:whitman,Brad Wilson,,,https://voter.votewa.gov/elections/voterguide.ashx?e=898&la=en&c=&p=
WA,2026-08-04,Primary,Precinct Committee Officer - Democratic,Pullman 1146,Whitman,ocd-division/country:us/state:wa/county:whitman,Elizabeth Siler,,,https://voter.votewa.gov/elections/voterguide.ashx?e=898&la=en&c=&p=
WA,2026-08-04,Primary,Precinct Committee Officer - Democratic,3102,Yakima,ocd-division/country:us/state:wa/county:yakima,Daniel Jacob Koenig,,,https://voter.votewa.gov/elections/voterguide.ashx?e=898&la=en&c=&p=
WA,2026-08-04,Primary,Precinct Committee Officer - Democratic,3102,Yakima,ocd-division/country:us/state:wa/county:yakima,Kenton Gartrell,,,https://voter.votewa.gov/elections/voterguide.ashx?e=898&la=en&c=&p=
WA,2026-08-04,Primary,Precinct Committee Officer - Democratic,3212,Spokane,ocd-division/country:us/state:wa/county:spokane,Bryce Regian,,,https://voter.votewa.gov/elections/voterguide.ashx?e=898&la=en&c=&p=
WA,2026-08-04,Primary,Precinct Committee Officer - Democratic,3212,Spokane,ocd-division/country:us/state:wa/county:spokane,Renee M Cebula,,,https://voter.votewa.gov/elections/voterguide.ashx?e=898&la=en&c=&p=
WA,2026-08-04,Primary,Precinct Committee Officer - Democratic,3214,Spokane,ocd-division/country:us/state:wa/county:spokane,Lindsey Kornowske,,,https://voter.votewa.gov/elections/voterguide.ashx?e=898&la=en&c=&p=
WA,2026-08-04,Primary,Precinct Committee Officer - Democratic,3214,Spokane,ocd-division/country:us/state:wa/county:spokane,Rick Galloway,,,https://voter.votewa.gov/elections/voterguide.ashx?e=898&la=en&c=&p=
WA,2026-08-04,Primary,Precinct Committee Officer - Democratic,3216,Spokane,ocd-division/country:us/state:wa/county:spokane,Donovan Arnold DeLeon,,,https://voter.votewa.gov/elections/voterguide.ashx?e=898&la=en&c=&p=
WA,2026-08-04,Primary,Precinct Committee Officer - Democratic,3216,Spokane,ocd-division/country:us/state:wa/county:spokane,Riley Brooks Smith,,,https://voter.votewa.gov/elections/voterguide.ashx?e=898&la=en&c=&p=
WA,2026-08-04,Primary,Precinct Committee Officer - Democratic,3228,Spokane,ocd-division/country:us/state:wa/county:spokane,Naghmana Sherazi,,,https://voter.votewa.gov/elections/voterguide.ashx?e=898&la=en&c=&p=
WA,2026-08-04,Primary,Precinct Committee Officer - Democratic,3228,Spokane,ocd-division/country:us/state:wa/county:spokane,Schade Jameson-David Maghan,,,https://voter.votewa.gov/elections/voterguide.ashx?e=898&la=en&c=&p=
WA,2026-08-04,Primary,Precinct Committee Officer - Democratic,3338,Spokane,ocd-division/country:us/state:wa/county:spokane,Caleb McDougall,,,https://voter.votewa.gov/elections/voterguide.ashx?e=898&la=en&c=&p=
WA,2026-08-04,Primary,Precinct Committee Officer - Democratic,3338,Spokane,ocd-division/country:us/state:wa/county:spokane,Jackson Deese,,,https://voter.votewa.gov/elections/voterguide.ashx?e=898&la=en&c=&p=
WA,2026-08-04,Primary,Precinct Committee Officer - Democratic,6100,Spokane,ocd-division/country:us/state:wa/county:spokane,Donna Jean White,,,https://voter.votewa.gov/elections/voterguide.ashx?e=898&la=en&c=&p=
WA,2026-08-04,Primary,Precinct Committee Officer - Democratic,6100,Spokane,ocd-division/country:us/state:wa/county:spokane,Drew Laney,,,https://voter.votewa.gov/elections/voterguide.ashx?e=898&la=en&c=&p=
WA,2026-08-04,Primary,Precinct Committee Officer - Democratic,6306,Spokane,ocd-division/country:us/state:wa/county:spokane,Steve Corker,,,https://voter.votewa.gov/elections/voterguide.ashx?e=898&la=en&c=&p=
WA,2026-08-04,Primary,Precinct Committee Officer - Democratic,6306,Spokane,ocd-division/country:us/state:wa/county:spokane,Veronica English,,,https://voter.votewa.gov/elections/voterguide.ashx?e=898&la=en&c=&p=
WA,2026-08-04,Primary,Precinct Committee Officer - Democratic,Briar,King,ocd-division/country:us/state:wa/county:king,Eric Carlson,,,https://voter.votewa.gov/elections/voterguide.ashx?e=898&la=en&c=&p=
WA,2026-08-04,Primary,Precinct Committee Officer - Democratic,Briar,King,ocd-division/country:us/state:wa/county:king,Gordon Baxter,,,https://voter.votewa.gov/elections/voterguide.ashx?e=898&la=en&c=&p=
WA,2026-08-04,Primary,Precinct Committee Officer - Democratic,Cove,King,ocd-division/country:us/state:wa/county:king,Adrienne Forest,,,https://voter.votewa.gov/elections/voterguide.ashx?e=898&la=en&c=&p=
WA,2026-08-04,Primary,Precinct Committee Officer - Democratic,Cove,King,ocd-division/country:us/state:wa/county:king,Orla Blythe,,,https://voter.votewa.gov/elections/voterguide.ashx?e=898&la=en&c=&p=
WA,2026-08-04,Primary,Precinct Committee Officer - Democratic,Cove,King,ocd-division/country:us/state:wa/county:king,Robert Murano,,,https://voter.votewa.gov/elections/voterguide.ashx?e=898&la=en&c=&p=
WA,2026-08-04,Primary,Precinct Committee Officer - Democratic,Delameter,Cowlitz,ocd-division/country:us/state:wa/county:cowlitz,Meike Weyrauch,,,https://voter.votewa.gov/elections/voterguide.ashx?e=898&la=en&c=&p=
WA,2026-08-04,Primary,Precinct Committee Officer - Democratic,Delameter,Cowlitz,ocd-division/country:us/state:wa/county:cowlitz,Mike Kayser,,,https://voter.votewa.gov/elections/voterguide.ashx?e=898&la=en&c=&p=
WA,2026-08-04,Primary,Precinct Committee Officer - Democratic,Dogwood,Snohomish,ocd-division/country:us/state:wa/county:snohomish,Christian Flynn,,,https://voter.votewa.gov/elections/voterguide.ashx?e=898&la=en&c=&p=
WA,2026-08-04,Primary,Precinct Committee Officer - Democratic,Dogwood,Snohomish,ocd-division/country:us/state:wa/county:snohomish,Jocelyn Smith,,,https://voter.votewa.gov/elections/voterguide.ashx?e=898&la=en&c=&p=
WA,2026-08-04,Primary,Precinct Committee Officer - Democratic,Hoodsport,Mason,ocd-division/country:us/state:wa/county:mason,Janey McGee,,,https://voter.votewa.gov/elections/voterguide.ashx?e=898&la=en&c=&p=
WA,2026-08-04,Primary,Precinct Committee Officer - Democratic,Hoodsport,Mason,ocd-division/country:us/state:wa/county:mason,Vivian Glass,,,https://voter.votewa.gov/elections/voterguide.ashx?e=898&la=en&c=&p=
WA,2026-08-04,Primary,Precinct Committee Officer - Democratic,Ilwaco City,Pacific,ocd-division/country:us/state:wa/county:pacific,Carol Ham,,,https://voter.votewa.gov/elections/voterguide.ashx?e=898&la=en&c=&p=
WA,2026-08-04,Primary,Precinct Committee Officer - Democratic,Ilwaco City,Pacific,ocd-division/country:us/state:wa/county:pacific,Don Berger,,,https://voter.votewa.gov/elections/voterguide.ashx?e=898&la=en&c=&p=
WA,2026-08-04,Primary,Precinct Committee Officer - Democratic,Kingman,Snohomish,ocd-division/country:us/state:wa/county:snohomish,China Subba Rao Malisetti,,,https://voter.votewa.gov/elections/voterguide.ashx?e=898&la=en&c=&p=
WA,2026-08-04,Primary,Precinct Committee Officer - Democratic,Kingman,Snohomish,ocd-division/country:us/state:wa/county:snohomish,Tanya Bhandari,,,https://voter.votewa.gov/elections/voterguide.ashx?e=898&la=en&c=&p=
WA,2026-08-04,Primary,Precinct Committee Officer - Democratic,Meadowbrook,King,ocd-division/country:us/state:wa/county:king,Roger Ledbetter,,,https://voter.votewa.gov/elections/voterguide.ashx?e=898&la=en&c=&p=
WA,2026-08-04,Primary,Precinct Committee Officer - Democratic,Meadowbrook,King,ocd-division/country:us/state:wa/county:king,Tim Noonan,,,https://voter.votewa.gov/elections/voterguide.ashx?e=898&la=en&c=&p=
WA,2026-08-04,Primary,Precinct Committee Officer - Democratic,Oysterville,Pacific,ocd-division/country:us/state:wa/county:pacific,Deborah L Wells,,,https://voter.votewa.gov/elections/voterguide.ashx?e=898&la=en&c=&p=
WA,2026-08-04,Primary,Precinct Committee Officer - Democratic,Oysterville,Pacific,ocd-division/country:us/state:wa/county:pacific,Marlena Trujillo,,,https://voter.votewa.gov/elections/voterguide.ashx?e=898&la=en&c=&p=
WA,2026-08-04,Primary,Precinct Committee Officer - Democratic,Pines,Thurston,ocd-division/country:us/state:wa/county:thurston,Kevin Wallace,,,https://voter.votewa.gov/elections/voterguide.ashx?e=898&la=en&c=&p=
WA,2026-08-04,Primary,Precinct Committee Officer - Democratic,Pines,Thurston,ocd-division/country:us/state:wa/county:thurston,Tammy Sweem,,,https://voter.votewa.gov/elections/voterguide.ashx?e=898&la=en&c=&p=
WA,2026-08-04,Primary,Precinct Committee Officer - Democratic,Pipeline,King,ocd-division/country:us/state:wa/county:king,Bill Cooper,,,https://voter.votewa.gov/elections/voterguide.ashx?e=898&la=en&c=&p=
WA,2026-08-04,Primary,Precinct Committee Officer - Democratic,Pipeline,King,ocd-division/country:us/state:wa/county:king,Laura Billington,,,https://voter.votewa.gov/elections/voterguide.ashx?e=898&la=en&c=&p=
WA,2026-08-04,Primary,Precinct Committee Officer - Democratic,South Union,Thurston,ocd-division/country:us/state:wa/county:thurston,Julie Romett,,,https://voter.votewa.gov/elections/voterguide.ashx?e=898&la=en&c=&p=
WA,2026-08-04,Primary,Precinct Committee Officer - Democratic,South Union,Thurston,ocd-division/country:us/state:wa/county:thurston,Michele Negley,,,https://voter.votewa.gov/elections/voterguide.ashx?e=898&la=en&c=&p=
WA,2026-08-04,Primary,Precinct Committee Officer - Democratic,St Clair,Thurston,ocd-division/country:us/state:wa/county:thurston,Dianna Torres,,,https://voter.votewa.gov/elections/voterguide.ashx?e=898&la=en&c=&p=
WA,2026-08-04,Primary,Precinct Committee Officer - Democratic,St Clair,Thurston,ocd-division/country:us/state:wa/county:thurston,Leslie Connelly,,,https://voter.votewa.gov/elections/voterguide.ashx?e=898&la=en&c=&p=
WA,2026-08-04,Primary,Precinct Committee Officer - Democratic,View,Snohomish,ocd-division/country:us/state:wa/county:snohomish,Carol Ann Foss,,,https://voter.votewa.gov/elections/voterguide.ashx?e=898&la=en&c=&p=
WA,2026-08-04,Primary,Precinct Committee Officer - Democratic,View,Snohomish,ocd-division/country:us/state:wa/county:snohomish,Rick Sowa,,,https://voter.votewa.gov/elections/voterguide.ashx?e=898&la=en&c=&p=
WA,2026-08-04,Primary,Precinct Committee Officer - Republican,Bot 01-0868,King,ocd-division/country:us/state:wa/county:king,Meera Hessami,,,https://voter.votewa.gov/elections/voterguide.ashx?e=898&la=en&c=&p=
WA,2026-08-04,Primary,Precinct Committee Officer - Republican,Bot 01-0868,King,ocd-division/country:us/state:wa/county:king,Ozzie Bagan,,,https://voter.votewa.gov/elections/voterguide.ashx?e=898&la=en&c=&p=
WA,2026-08-04,Primary,Precinct Committee Officer - Republican,Lfp 01-0655,King,ocd-division/country:us/state:wa/county:king,Victoria J Bloom,,,https://voter.votewa.gov/elections/voterguide.ashx?e=898&la=en&c=&p=
WA,2026-08-04,Primary,Precinct Committee Officer - Republican,Lfp 01-0655,King,ocd-division/country:us/state:wa/county:king,Zhulan Li,,,https://voter.votewa.gov/elections/voterguide.ashx?e=898&la=en&c=&p=
WA,2026-08-04,Primary,Precinct Committee Officer - Republican,02-156,Pierce,ocd-division/country:us/state:wa/county:pierce,Michael Lindsay,,,https://voter.votewa.gov/elections/voterguide.ashx?e=898&la=en&c=&p=
WA,2026-08-04,Primary,Precinct Committee Officer - Republican,02-156,Pierce,ocd-division/country:us/state:wa/county:pierce,SammieJo Thirtyacre,,,https://voter.votewa.gov/elections/voterguide.ashx?e=898&la=en&c=&p=
WA,2026-08-04,Primary,Precinct Committee Officer - Republican,C Whidbey 02,Island,ocd-division/country:us/state:wa/county:island,Carrie R. Kennedy,,,https://voter.votewa.gov/elections/voterguide.ashx?e=898&la=en&c=&p=
WA,2026-08-04,Primary,Precinct Committee Officer - Republican,C Whidbey 02,Island,ocd-division/country:us/state:wa/county:island,Dave Smith,,,https://voter.votewa.gov/elections/voterguide.ashx?e=898&la=en&c=&p=
WA,2026-08-04,Primary,Precinct Committee Officer - Republican,Granite Falls 2,Snohomish,ocd-division/country:us/state:wa/county:snohomish,Joseph J. Cassidy,,,https://voter.votewa.gov/elections/voterguide.ashx?e=898&la=en&c=&p=
WA,2026-08-04,Primary,Precinct Committee Officer - Republican,Granite Falls 2,Snohomish,ocd-division/country:us/state:wa/county:snohomish,Russell S. Jacobson,,,https://voter.votewa.gov/elections/voterguide.ashx?e=898&la=en&c=&p=
WA,2026-08-04,Primary,Precinct Committee Officer - Republican,Olympia 02,Thurston,ocd-division/country:us/state:wa/county:thurston,Donald Lewis,,,https://voter.votewa.gov/elections/voterguide.ashx?e=898&la=en&c=&p=
WA,2026-08-04,Primary,Precinct Committee Officer - Republican,Olympia 02,Thurston,ocd-division/country:us/state:wa/county:thurston,Patrick Hanks,,,https://voter.votewa.gov/elections/voterguide.ashx?e=898&la=en&c=&p=
WA,2026-08-04,Primary,Precinct Committee Officer - Republican,Raymond W3,Pacific,ocd-division/country:us/state:wa/county:pacific,Brian Eickhoff,,,https://voter.votewa.gov/elections/voterguide.ashx?e=898&la=en&c=&p=
WA,2026-08-04,Primary,Precinct Committee Officer - Republican,Raymond W3,Pacific,ocd-division/country:us/state:wa/county:pacific,Keith Monsey,,,https://voter.votewa.gov/elections/voterguide.ashx?e=898&la=en&c=&p=
WA,2026-08-04,Primary,Precinct Committee Officer - Republican,M-V 05-3368,King,ocd-division/country:us/state:wa/county:king,Jason Gayler,,,https://voter.votewa.gov/elections/voterguide.ashx?e=898&la=en&c=&p=
WA,2026-08-04,Primary,Precinct Committee Officer - Republican,M-V 05-3368,King,ocd-division/country:us/state:wa/county:king,Michael Tate,,,https://voter.votewa.gov/elections/voterguide.ashx?e=898&la=en&c=&p=
WA,2026-08-04,Primary,Precinct Committee Officer - Republican,Lake Stevens  6,Snohomish,ocd-division/country:us/state:wa/county:snohomish,Alexander C. Schaller,,,https://voter.votewa.gov/elections/voterguide.ashx?e=898&la=en&c=&p=
WA,2026-08-04,Primary,Precinct Committee Officer - Republican,Lake Stevens  6,Snohomish,ocd-division/country:us/state:wa/county:snohomish,Elizabeth Malan,,,https://voter.votewa.gov/elections/voterguide.ashx?e=898&la=en&c=&p=
WA,2026-08-04,Primary,Precinct Committee Officer - Republican,Pacific Beach 008,Grays Harbor,ocd-division/country:us/state:wa/county:grays_harbor,Curt M Maier,,,https://voter.votewa.gov/elections/voterguide.ashx?e=898&la=en&c=&p=
WA,2026-08-04,Primary,Precinct Committee Officer - Republican,Pacific Beach 008,Grays Harbor,ocd-division/country:us/state:wa/county:grays_harbor,Tom  Greisamer,,,https://voter.votewa.gov/elections/voterguide.ashx?e=898&la=en&c=&p=
WA,2026-08-04,Primary,Precinct Committee Officer - Republican,Everett  11,Snohomish,ocd-division/country:us/state:wa/county:snohomish,Dave Mitchell,,,https://voter.votewa.gov/elections/voterguide.ashx?e=898&la=en&c=&p=
WA,2026-08-04,Primary,Precinct Committee Officer - Republican,Everett  11,Snohomish,ocd-division/country:us/state:wa/county:snohomish,Kathleen Fitzpatrick,,,https://voter.votewa.gov/elections/voterguide.ashx?e=898&la=en&c=&p=
WA,2026-08-04,Primary,Precinct Committee Officer - Republican,Rnt 11-3929,King,ocd-division/country:us/state:wa/county:king,Angie Phillips,,,https://voter.votewa.gov/elections/voterguide.ashx?e=898&la=en&c=&p=
WA,2026-08-04,Primary,Precinct Committee Officer - Republican,Rnt 11-3929,King,ocd-division/country:us/state:wa/county:king,Linda Mills,,,https://voter.votewa.gov/elections/voterguide.ashx?e=898&la=en&c=&p=
WA,2026-08-04,Primary,Precinct Committee Officer - Republican,S Whidbey 15,Island,ocd-division/country:us/state:wa/county:island,Jennifer Flores,,,https://voter.votewa.gov/elections/voterguide.ashx?e=898&la=en&c=&p=
WA,2026-08-04,Primary,Precinct Committee Officer - Republican,S Whidbey 15,Island,ocd-division/country:us/state:wa/county:island,Laura Rookstool,,,https://voter.votewa.gov/elections/voterguide.ashx?e=898&la=en&c=&p=
WA,2026-08-04,Primary,Precinct Committee Officer - Republican,Olympia 20,Thurston,ocd-division/country:us/state:wa/county:thurston,C Davis,,,https://voter.votewa.gov/elections/voterguide.ashx?e=898&la=en&c=&p=
WA,2026-08-04,Primary,Precinct Committee Officer - Republican,Olympia 20,Thurston,ocd-division/country:us/state:wa/county:thurston,Terri Henderson,,,https://voter.votewa.gov/elections/voterguide.ashx?e=898&la=en&c=&p=
WA,2026-08-04,Primary,Precinct Committee Officer - Republican,024,Klickitat,ocd-division/country:us/state:wa/county:klickitat,Erin Hartford,,,https://voter.votewa.gov/elections/voterguide.ashx?e=898&la=en&c=&p=
WA,2026-08-04,Primary,Precinct Committee Officer - Republican,024,Klickitat,ocd-division/country:us/state:wa/county:klickitat,Gabriel Stone,,,https://voter.votewa.gov/elections/voterguide.ashx?e=898&la=en&c=&p=
WA,2026-08-04,Primary,Precinct Committee Officer - Republican,26-310,Pierce,ocd-division/country:us/state:wa/county:pierce,Aaron Bonner,,,https://voter.votewa.gov/elections/voterguide.ashx?e=898&la=en&c=&p=
WA,2026-08-04,Primary,Precinct Committee Officer - Republican,26-310,Pierce,ocd-division/country:us/state:wa/county:pierce,Peggy Hutt,,,https://voter.votewa.gov/elections/voterguide.ashx?e=898&la=en&c=&p=
WA,2026-08-04,Primary,Precinct Committee Officer - Republican,26-329,Pierce,ocd-division/country:us/state:wa/county:pierce,John C. Fry,,,https://voter.votewa.gov/elections/voterguide.ashx?e=898&la=en&c=&p=
WA,2026-08-04,Primary,Precinct Committee Officer - Republican,26-329,Pierce,ocd-division/country:us/state:wa/county:pierce,Sonja Carlin,,,https://voter.votewa.gov/elections/voterguide.ashx?e=898&la=en&c=&p=
WA,2026-08-04,Primary,Precinct Committee Officer - Republican,26-341,Pierce,ocd-division/country:us/state:wa/county:pierce,Marc Nance,,,https://voter.votewa.gov/elections/voterguide.ashx?e=898&la=en&c=&p=
WA,2026-08-04,Primary,Precinct Committee Officer - Republican,26-341,Pierce,ocd-division/country:us/state:wa/county:pierce,Randy Boss,,,https://voter.votewa.gov/elections/voterguide.ashx?e=898&la=en&c=&p=
WA,2026-08-04,Primary,Precinct Committee Officer - Republican,26-345,Pierce,ocd-division/country:us/state:wa/county:pierce,Kelly Haughton,,,https://voter.votewa.gov/elections/voterguide.ashx?e=898&la=en&c=&p=
WA,2026-08-04,Primary,Precinct Committee Officer - Republican,26-345,Pierce,ocd-division/country:us/state:wa/county:pierce,Ted Reinhart,,,https://voter.votewa.gov/elections/voterguide.ashx?e=898&la=en&c=&p=
WA,2026-08-04,Primary,Precinct Committee Officer - Republican,27-429,Pierce,ocd-division/country:us/state:wa/county:pierce,Beth Jensen Chew,,,https://voter.votewa.gov/elections/voterguide.ashx?e=898&la=en&c=&p=
WA,2026-08-04,Primary,Precinct Committee Officer - Republican,27-429,Pierce,ocd-division/country:us/state:wa/county:pierce,Luna Eclips,,,https://voter.votewa.gov/elections/voterguide.ashx?e=898&la=en&c=&p=
WA,2026-08-04,Primary,Precinct Committee Officer - Republican,030,Klickitat,ocd-division/country:us/state:wa/county:klickitat,Andrew Smith,,,https://voter.votewa.gov/elections/voterguide.ashx?e=898&la=en&c=&p=
WA,2026-08-04,Primary,Precinct Committee Officer - Republican,030,Klickitat,ocd-division/country:us/state:wa/county:klickitat,Judith Cyrus,,,https://voter.votewa.gov/elections/voterguide.ashx?e=898&la=en&c=&p=
WA,2026-08-04,Primary,Precinct Committee Officer - Republican,Fed 30-3234,King,ocd-division/country:us/state:wa/county:king,Joan Murphy,,,https://voter.votewa.gov/elections/voterguide.ashx?e=898&la=en&c=&p=
WA,2026-08-04,Primary,Precinct Committee Officer - Republican,Fed 30-3234,King,ocd-division/country:us/state:wa/county:king,Yu Sun,,,https://voter.votewa.gov/elections/voterguide.ashx?e=898&la=en&c=&p=
WA,2026-08-04,Primary,Precinct Committee Officer - Republican,31-708,Pierce,ocd-division/country:us/state:wa/county:pierce,Dakotah Misquez,,,https://voter.votewa.gov/elections/voterguide.ashx?e=898&la=en&c=&p=
WA,2026-08-04,Primary,Precinct Committee Officer - Republican,31-708,Pierce,ocd-division/country:us/state:wa/county:pierce,Dawn Land,,,https://voter.votewa.gov/elections/voterguide.ashx?e=898&la=en&c=&p=
WA,2026-08-04,Primary,Precinct Committee Officer - Republican,31-832,Pierce,ocd-division/country:us/state:wa/county:pierce,David Eidsaune,,,https://voter.votewa.gov/elections/voterguide.ashx?e=898&la=en&c=&p=
WA,2026-08-04,Primary,Precinct Committee Officer - Republican,31-832,Pierce,ocd-division/country:us/state:wa/county:pierce,Irene Bieber,,,https://voter.votewa.gov/elections/voterguide.ashx?e=898&la=en&c=&p=
WA,2026-08-04,Primary,Precinct Committee Officer - Republican,Shl 32-1053,King,ocd-division/country:us/state:wa/county:king,Laura Steinmetz,,,https://voter.votewa.gov/elections/voterguide.ashx?e=898&la=en&c=&p=
WA,2026-08-04,Primary,Precinct Committee Officer - Republican,Shl 32-1053,King,ocd-division/country:us/state:wa/county:king,Ping Liu,,,https://voter.votewa.gov/elections/voterguide.ashx?e=898&la=en&c=&p=
WA,2026-08-04,Primary,Precinct Committee Officer - Republican,Coats Landing 034,Grays Harbor,ocd-division/country:us/state:wa/county:grays_harbor,Jr. Streifel,,,https://voter.votewa.gov/elections/voterguide.ashx?e=898&la=en&c=&p=
WA,2026-08-04,Primary,Precinct Committee Officer - Republican,Coats Landing 034,Grays Harbor,ocd-division/country:us/state:wa/county:grays_harbor,Leon Lawson,,,https://voter.votewa.gov/elections/voterguide.ashx?e=898&la=en&c=&p=
WA,2026-08-04,Primary,Precinct Committee Officer - Republican,Derry 40,Walla Walla,ocd-division/country:us/state:wa/county:walla_walla,Jim Mc Claflin,,,https://voter.votewa.gov/elections/voterguide.ashx?e=898&la=en&c=&p=
WA,2026-08-04,Primary,Precinct Committee Officer - Republican,Derry 40,Walla Walla,ocd-division/country:us/state:wa/county:walla_walla,Valerie A. Gentzler,,,https://voter.votewa.gov/elections/voterguide.ashx?e=898&la=en&c=&p=
WA,2026-08-04,Primary,Precinct Committee Officer - Republican,New 41-3529,King,ocd-division/country:us/state:wa/county:king,Chinmay Nagarkar,,,https://voter.votewa.gov/elections/voterguide.ashx?e=898&la=en&c=&p=
WA,2026-08-04,Primary,Precinct Committee Officer - Republican,New 41-3529,King,ocd-division/country:us/state:wa/county:king,Mathew Patrick Thomas,,,https://voter.votewa.gov/elections/voterguide.ashx?e=898&la=en&c=&p=
WA,2026-08-04,Primary,Precinct Committee Officer - Republican,Kir 45-0630,King,ocd-division/country:us/state:wa/county:king,Grace Wong,,,https://voter.votewa.gov/elections/voterguide.ashx?e=898&la=en&c=&p=
WA,2026-08-04,Primary,Precinct Committee Officer - Republican,Kir 45-0630,King,ocd-division/country:us/state:wa/county:king,Ruth-Fiam Nord,,,https://voter.votewa.gov/elections/voterguide.ashx?e=898&la=en&c=&p=
WA,2026-08-04,Primary,Precinct Committee Officer - Republican,Ken 47-0026,King,ocd-division/country:us/state:wa/county:king,Melissa D Ohashi,,,https://voter.votewa.gov/elections/voterguide.ashx?e=898&la=en&c=&p=
WA,2026-08-04,Primary,Precinct Committee Officer - Republican,Ken 47-0026,King,ocd-division/country:us/state:wa/county:king,MyAnn Morrow,,,https://voter.votewa.gov/elections/voterguide.ashx?e=898&la=en&c=&p=
WA,2026-08-04,Primary,Precinct Committee Officer - Republican,Red 48-3208,King,ocd-division/country:us/state:wa/county:king,Michael Scheele,,,https://voter.votewa.gov/elections/voterguide.ashx?e=898&la=en&c=&p=
WA,2026-08-04,Primary,Precinct Committee Officer - Republican,Red 48-3208,King,ocd-division/country:us/state:wa/county:king,Thomas R Caetano,,,https://voter.votewa.gov/elections/voterguide.ashx?e=898&la=en&c=&p=
WA,2026-08-04,Primary,Precinct Committee Officer - Republican,Pct 049,Franklin,ocd-division/country:us/state:wa/county:franklin,Matt Beaton,,,https://voter.votewa.gov/elections/voterguide.ashx?e=898&la=en&c=&p=
WA,2026-08-04,Primary,Precinct Committee Officer - Republican,Pct 049,Franklin,ocd-division/country:us/state:wa/county:franklin,Michelle Andres,,,https://voter.votewa.gov/elections/voterguide.ashx?e=898&la=en&c=&p=
WA,2026-08-04,Primary,Precinct Committee Officer - Republican,Pct 123,Franklin,ocd-division/country:us/state:wa/county:franklin,Joe Cotta,,,https://voter.votewa.gov/elections/voterguide.ashx?e=898&la=en&c=&p=
WA,2026-08-04,Primary,Precinct Committee Officer - Republican,Pct 123,Franklin,ocd-division/country:us/state:wa/county:franklin,Ruslan Stetskiy,,,https://voter.votewa.gov/elections/voterguide.ashx?e=898&la=en&c=&p=
WA,2026-08-04,Primary,Precinct Committee Officer - Republican,Aberdeen 151,Grays Harbor,ocd-division/country:us/state:wa/county:grays_harbor,Jenny Crawford,,,https://voter.votewa.gov/elections/voterguide.ashx?e=898&la=en&c=&p=
WA,2026-08-04,Primary,Precinct Committee Officer - Republican,Aberdeen 151,Grays Harbor,ocd-division/country:us/state:wa/county:grays_harbor,Pete Schave,,,https://voter.votewa.gov/elections/voterguide.ashx?e=898&la=en&c=&p=
WA,2026-08-04,Primary,Precinct Committee Officer - Republican,0177,Yakima,ocd-division/country:us/state:wa/county:yakima,Mario Rodriguez,,,https://voter.votewa.gov/elections/voterguide.ashx?e=898&la=en&c=&p=
WA,2026-08-04,Primary,Precinct Committee Officer - Republican,0177,Yakima,ocd-division/country:us/state:wa/county:yakima,Michael Warren,,,https://voter.votewa.gov/elections/voterguide.ashx?e=898&la=en&c=&p=
WA,2026-08-04,Primary,Precinct Committee Officer - Republican,0193,Yakima,ocd-division/country:us/state:wa/county:yakima,David Edler,,,https://voter.votewa.gov/elections/voterguide.ashx?e=898&la=en&c=&p=
WA,2026-08-04,Primary,Precinct Committee Officer - Republican,0193,Yakima,ocd-division/country:us/state:wa/county:yakima,Jon DeVaney,,,https://voter.votewa.gov/elections/voterguide.ashx?e=898&la=en&c=&p=
WA,2026-08-04,Primary,Precinct Committee Officer - Republican,Precinct 206,Douglas,ocd-division/country:us/state:wa/county:douglas,Gerry Crum,,,https://voter.votewa.gov/elections/voterguide.ashx?e=898&la=en&c=&p=
WA,2026-08-04,Primary,Precinct Committee Officer - Republican,Precinct 206,Douglas,ocd-division/country:us/state:wa/county:douglas,Joe Hinkle,,,https://voter.votewa.gov/elections/voterguide.ashx?e=898&la=en&c=&p=
WA,2026-08-04,Primary,Precinct Committee Officer - Republican,Precinct 209,Douglas,ocd-division/country:us/state:wa/county:douglas,James (Dave) Farley,,,https://voter.votewa.gov/elections/voterguide.ashx?e=898&la=en&c=&p=
WA,2026-08-04,Primary,Precinct Committee Officer - Republican,Precinct 209,Douglas,ocd-division/country:us/state:wa/county:douglas,Mona Guentzel,,,https://voter.votewa.gov/elections/voterguide.ashx?e=898&la=en&c=&p=
WA,2026-08-04,Primary,Precinct Committee Officer - Republican,Precinct 301,Douglas,ocd-division/country:us/state:wa/county:douglas,Cindy Wright,,,https://voter.votewa.gov/elections/voterguide.ashx?e=898&la=en&c=&p=
WA,2026-08-04,Primary,Precinct Committee Officer - Republican,Precinct 301,Douglas,ocd-division/country:us/state:wa/county:douglas,Harvey Gjesdal,,,https://voter.votewa.gov/elections/voterguide.ashx?e=898&la=en&c=&p=
WA,2026-08-04,Primary,Precinct Committee Officer - Republican,452,Clark,ocd-division/country:us/state:wa/county:clark,Joel Mattila,,,https://voter.votewa.gov/elections/voterguide.ashx?e=898&la=en&c=&p=
WA,2026-08-04,Primary,Precinct Committee Officer - Republican,452,Clark,ocd-division/country:us/state:wa/county:clark,Juan Gamboa,,,https://voter.votewa.gov/elections/voterguide.ashx?e=898&la=en&c=&p=
WA,2026-08-04,Primary,Precinct Committee Officer - Republican,570,Clark,ocd-division/country:us/state:wa/county:clark,Joey DeRuntz,,,https://voter.votewa.gov/elections/voterguide.ashx?e=898&la=en&c=&p=
WA,2026-08-04,Primary,Precinct Committee Officer - Republican,570,Clark,ocd-division/country:us/state:wa/county:clark,Olga Fisenko,,,https://voter.votewa.gov/elections/voterguide.ashx?e=898&la=en&c=&p=
WA,2026-08-04,Primary,Precinct Committee Officer - Republican,572,Clark,ocd-division/country:us/state:wa/county:clark,Alex Gardner,,,https://voter.votewa.gov/elections/voterguide.ashx?e=898&la=en&c=&p=
WA,2026-08-04,Primary,Precinct Committee Officer - Republican,572,Clark,ocd-division/country:us/state:wa/county:clark,Bridgette White,,,https://voter.votewa.gov/elections/voterguide.ashx?e=898&la=en&c=&p=
WA,2026-08-04,Primary,Precinct Committee Officer - Republican,607,Clark,ocd-division/country:us/state:wa/county:clark,Philip L. Johnson,,,https://voter.votewa.gov/elections/voterguide.ashx?e=898&la=en&c=&p=
WA,2026-08-04,Primary,Precinct Committee Officer - Republican,607,Clark,ocd-division/country:us/state:wa/county:clark,Vernon B. Jeremica,,,https://voter.votewa.gov/elections/voterguide.ashx?e=898&la=en&c=&p=
WA,2026-08-04,Primary,Precinct Committee Officer - Republican,3109,Spokane,ocd-division/country:us/state:wa/county:spokane,Patricia Kienholz,,,https://voter.votewa.gov/elections/voterguide.ashx?e=898&la=en&c=&p=
WA,2026-08-04,Primary,Precinct Committee Officer - Republican,3109,Spokane,ocd-division/country:us/state:wa/county:spokane,William Hulings,,,https://voter.votewa.gov/elections/voterguide.ashx?e=898&la=en&c=&p=
WA,2026-08-04,Primary,Precinct Committee Officer - Republican,3205,Spokane,ocd-division/country:us/state:wa/county:spokane,Emily McFarland,,,https://voter.votewa.gov/elections/voterguide.ashx?e=898&la=en&c=&p=
WA,2026-08-04,Primary,Precinct Committee Officer - Republican,3205,Spokane,ocd-division/country:us/state:wa/county:spokane,Keri A Munholand,,,https://voter.votewa.gov/elections/voterguide.ashx?e=898&la=en&c=&p=
WA,2026-08-04,Primary,Precinct Committee Officer - Republican,3212,Spokane,ocd-division/country:us/state:wa/county:spokane,Keith Slater,,,https://voter.votewa.gov/elections/voterguide.ashx?e=898&la=en&c=&p=
WA,2026-08-04,Primary,Precinct Committee Officer - Republican,3212,Spokane,ocd-division/country:us/state:wa/county:spokane,Stephanie Orr,,,https://voter.votewa.gov/elections/voterguide.ashx?e=898&la=en&c=&p=
WA,2026-08-04,Primary,Precinct Committee Officer - Republican,3221,Spokane,ocd-division/country:us/state:wa/county:spokane,Daniel Zapotocky,,,https://voter.votewa.gov/elections/voterguide.ashx?e=898&la=en&c=&p=
WA,2026-08-04,Primary,Precinct Committee Officer - Republican,3221,Spokane,ocd-division/country:us/state:wa/county:spokane,Kathryn M. Morris,,,https://voter.votewa.gov/elections/voterguide.ashx?e=898&la=en&c=&p=
WA,2026-08-04,Primary,Precinct Committee Officer - Republican,3234,Spokane,ocd-division/country:us/state:wa/county:spokane,Joe Hollenback,,,https://voter.votewa.gov/elections/voterguide.ashx?e=898&la=en&c=&p=
WA,2026-08-04,Primary,Precinct Committee Officer - Republican,3234,Spokane,ocd-division/country:us/state:wa/county:spokane,Kelly C Bogan,,,https://voter.votewa.gov/elections/voterguide.ashx?e=898&la=en&c=&p=
WA,2026-08-04,Primary,Precinct Committee Officer - Republican,3243,Spokane,ocd-division/country:us/state:wa/county:spokane,Paul Weller,,,https://voter.votewa.gov/elections/voterguide.ashx?e=898&la=en&c=&p=
WA,2026-08-04,Primary,Precinct Committee Officer - Republican,3243,Spokane,ocd-division/country:us/state:wa/county:spokane,Susan Wilmoth,,,https://voter.votewa.gov/elections/voterguide.ashx?e=898&la=en&c=&p=
WA,2026-08-04,Primary,Precinct Committee Officer - Republican,3300,Spokane,ocd-division/country:us/state:wa/county:spokane,Justin Lundgren,,,https://voter.votewa.gov/elections/voterguide.ashx?e=898&la=en&c=&p=
WA,2026-08-04,Primary,Precinct Committee Officer - Republican,3300,Spokane,ocd-division/country:us/state:wa/county:spokane,Scott J McKinnie,,,https://voter.votewa.gov/elections/voterguide.ashx?e=898&la=en&c=&p=
WA,2026-08-04,Primary,Precinct Committee Officer - Republican,3305,Spokane,ocd-division/country:us/state:wa/county:spokane,Joshua White,,,https://voter.votewa.gov/elections/voterguide.ashx?e=898&la=en&c=&p=
WA,2026-08-04,Primary,Precinct Committee Officer - Republican,3305,Spokane,ocd-division/country:us/state:wa/county:spokane,Natalie Poulson,,,https://voter.votewa.gov/elections/voterguide.ashx?e=898&la=en&c=&p=
WA,2026-08-04,Primary,Precinct Committee Officer - Republican,4115,Yakima,ocd-division/country:us/state:wa/county:yakima,David Michael Flippen,,,https://voter.votewa.gov/elections/voterguide.ashx?e=898&la=en&c=&p=
WA,2026-08-04,Primary,Precinct Committee Officer - Republican,4115,Yakima,ocd-division/country:us/state:wa/county:yakima,Mike Rivard,,,https://voter.votewa.gov/elections/voterguide.ashx?e=898&la=en&c=&p=
WA,2026-08-04,Primary,Precinct Committee Officer - Republican,4411,Spokane,ocd-division/country:us/state:wa/county:spokane,Daryl Williams,,,https://voter.votewa.gov/elections/voterguide.ashx?e=898&la=en&c=&p=
WA,2026-08-04,Primary,Precinct Committee Officer - Republican,4411,Spokane,ocd-division/country:us/state:wa/county:spokane,Robert (Bob) McKinley,,,https://voter.votewa.gov/elections/voterguide.ashx?e=898&la=en&c=&p=
WA,2026-08-04,Primary,Precinct Committee Officer - Republican,4425,Spokane,ocd-division/country:us/state:wa/county:spokane,Marian Cochrane,,,https://voter.votewa.gov/elections/voterguide.ashx?e=898&la=en&c=&p=
WA,2026-08-04,Primary,Precinct Committee Officer - Republican,4425,Spokane,ocd-division/country:us/state:wa/county:spokane,Rachel Briscoe,,,https://voter.votewa.gov/elections/voterguide.ashx?e=898&la=en&c=&p=
WA,2026-08-04,Primary,Precinct Committee Officer - Republican,4438,Spokane,ocd-division/country:us/state:wa/county:spokane,Jonathan A. Plumb,,,https://voter.votewa.gov/elections/voterguide.ashx?e=898&la=en&c=&p=
WA,2026-08-04,Primary,Precinct Committee Officer - Republican,4438,Spokane,ocd-division/country:us/state:wa/county:spokane,Matt Shea,,,https://voter.votewa.gov/elections/voterguide.ashx?e=898&la=en&c=&p=
WA,2026-08-04,Primary,Precinct Committee Officer - Republican,4440,Spokane,ocd-division/country:us/state:wa/county:spokane,Brinda DiLulo,,,https://voter.votewa.gov/elections/voterguide.ashx?e=898&la=en&c=&p=
WA,2026-08-04,Primary,Precinct Committee Officer - Republican,4440,Spokane,ocd-division/country:us/state:wa/county:spokane,David Miller,,,https://voter.votewa.gov/elections/voterguide.ashx?e=898&la=en&c=&p=
WA,2026-08-04,Primary,Precinct Committee Officer - Republican,4476,Spokane,ocd-division/country:us/state:wa/county:spokane,Craig L. Cline,,,https://voter.votewa.gov/elections/voterguide.ashx?e=898&la=en&c=&p=
WA,2026-08-04,Primary,Precinct Committee Officer - Republican,4476,Spokane,ocd-division/country:us/state:wa/county:spokane,Matthew Keller,,,https://voter.votewa.gov/elections/voterguide.ashx?e=898&la=en&c=&p=
WA,2026-08-04,Primary,Precinct Committee Officer - Republican,4486,Spokane,ocd-division/country:us/state:wa/county:spokane,Jodie Buehler,,,https://voter.votewa.gov/elections/voterguide.ashx?e=898&la=en&c=&p=
WA,2026-08-04,Primary,Precinct Committee Officer - Republican,4486,Spokane,ocd-division/country:us/state:wa/county:spokane,Laurel Jackson,,,https://voter.votewa.gov/elections/voterguide.ashx?e=898&la=en&c=&p=
WA,2026-08-04,Primary,Precinct Committee Officer - Republican,4504,Yakima,ocd-division/country:us/state:wa/county:yakima,Shan Trick,,,https://voter.votewa.gov/elections/voterguide.ashx?e=898&la=en&c=&p=
WA,2026-08-04,Primary,Precinct Committee Officer - Republican,4504,Yakima,ocd-division/country:us/state:wa/county:yakima,Terri Jackson,,,https://voter.votewa.gov/elections/voterguide.ashx?e=898&la=en&c=&p=
WA,2026-08-04,Primary,Precinct Committee Officer - Republican,4605,Yakima,ocd-division/country:us/state:wa/county:yakima,Jennifer R. Walker,,,https://voter.votewa.gov/elections/voterguide.ashx?e=898&la=en&c=&p=
WA,2026-08-04,Primary,Precinct Committee Officer - Republican,4605,Yakima,ocd-division/country:us/state:wa/county:yakima,Laurence Couette,,,https://voter.votewa.gov/elections/voterguide.ashx?e=898&la=en&c=&p=
WA,2026-08-04,Primary,Precinct Committee Officer - Republican,6129,Spokane,ocd-division/country:us/state:wa/county:spokane,Enrique Rico,,,https://voter.votewa.gov/elections/voterguide.ashx?e=898&la=en&c=&p=
WA,2026-08-04,Primary,Precinct Committee Officer - Republican,6129,Spokane,ocd-division/country:us/state:wa/county:spokane,Laura Pierce,,,https://voter.votewa.gov/elections/voterguide.ashx?e=898&la=en&c=&p=
WA,2026-08-04,Primary,Precinct Committee Officer - Republican,9004,Spokane,ocd-division/country:us/state:wa/county:spokane,Matthew Mastronardi,,,https://voter.votewa.gov/elections/voterguide.ashx?e=898&la=en&c=&p=
WA,2026-08-04,Primary,Precinct Committee Officer - Republican,9004,Spokane,ocd-division/country:us/state:wa/county:spokane,Stephen Ford,,,https://voter.votewa.gov/elections/voterguide.ashx?e=898&la=en&c=&p=
WA,2026-08-04,Primary,Precinct Committee Officer - Republican,9030,Spokane,ocd-division/country:us/state:wa/county:spokane,Charlotte McKinley,,,https://voter.votewa.gov/elections/voterguide.ashx?e=898&la=en&c=&p=
WA,2026-08-04,Primary,Precinct Committee Officer - Republican,9030,Spokane,ocd-division/country:us/state:wa/county:spokane,Dennis Reed,,,https://voter.votewa.gov/elections/voterguide.ashx?e=898&la=en&c=&p=
WA,2026-08-04,Primary,Precinct Committee Officer - Republican,9033,Spokane,ocd-division/country:us/state:wa/county:spokane,Jackson Dines,,,https://voter.votewa.gov/elections/voterguide.ashx?e=898&la=en&c=&p=
WA,2026-08-04,Primary,Precinct Committee Officer - Republican,9033,Spokane,ocd-division/country:us/state:wa/county:spokane,Matt Hawkins,,,https://voter.votewa.gov/elections/voterguide.ashx?e=898&la=en&c=&p=
WA,2026-08-04,Primary,Precinct Committee Officer - Republican,9035,Spokane,ocd-division/country:us/state:wa/county:spokane,Shelly Clark,,,https://voter.votewa.gov/elections/voterguide.ashx?e=898&la=en&c=&p=
WA,2026-08-04,Primary,Precinct Committee Officer - Republican,9035,Spokane,ocd-division/country:us/state:wa/county:spokane,Tanya Noble,,,https://voter.votewa.gov/elections/voterguide.ashx?e=898&la=en&c=&p=
WA,2026-08-04,Primary,Precinct Committee Officer - Republican,9042,Spokane,ocd-division/country:us/state:wa/county:spokane,Chad Orebaugh,,,https://voter.votewa.gov/elections/voterguide.ashx?e=898&la=en&c=&p=
WA,2026-08-04,Primary,Precinct Committee Officer - Republican,9042,Spokane,ocd-division/country:us/state:wa/county:spokane,Sue Welsh,,,https://voter.votewa.gov/elections/voterguide.ashx?e=898&la=en&c=&p=
WA,2026-08-04,Primary,Precinct Committee Officer - Republican,Airport,Mason,ocd-division/country:us/state:wa/county:mason,Nathan Hickson,,,https://voter.votewa.gov/elections/voterguide.ashx?e=898&la=en&c=&p=
WA,2026-08-04,Primary,Precinct Committee Officer - Republican,Airport,Mason,ocd-division/country:us/state:wa/county:mason,Randy Lewis,,,https://voter.votewa.gov/elections/voterguide.ashx?e=898&la=en&c=&p=
WA,2026-08-04,Primary,Precinct Committee Officer - Republican,Alma,Okanogan,ocd-division/country:us/state:wa/county:okanogan,Anthony (Tony) Hawley,,,https://voter.votewa.gov/elections/voterguide.ashx?e=898&la=en&c=&p=
WA,2026-08-04,Primary,Precinct Committee Officer - Republican,Alma,Okanogan,ocd-division/country:us/state:wa/county:okanogan,Charles Heinlen,,,https://voter.votewa.gov/elections/voterguide.ashx?e=898&la=en&c=&p=
WA,2026-08-04,Primary,Precinct Committee Officer - Republican,Ammons,Cowlitz,ocd-division/country:us/state:wa/county:cowlitz,Erik Halvorson,,,https://voter.votewa.gov/elections/voterguide.ashx?e=898&la=en&c=&p=
WA,2026-08-04,Primary,Precinct Committee Officer - Republican,Ammons,Cowlitz,ocd-division/country:us/state:wa/county:cowlitz,Randy Knox,,,https://voter.votewa.gov/elections/voterguide.ashx?e=898&la=en&c=&p=
WA,2026-08-04,Primary,Precinct Committee Officer - Republican,Arkansas,Cowlitz,ocd-division/country:us/state:wa/county:cowlitz,Flo Paget,,,https://voter.votewa.gov/elections/voterguide.ashx?e=898&la=en&c=&p=
WA,2026-08-04,Primary,Precinct Committee Officer - Republican,Arkansas,Cowlitz,ocd-division/country:us/state:wa/county:cowlitz,Nathan D. Hockett,,,https://voter.votewa.gov/elections/voterguide.ashx?e=898&la=en&c=&p=
WA,2026-08-04,Primary,Precinct Committee Officer - Republican,Bronson,King,ocd-division/country:us/state:wa/county:king,Dale Fonk,,,https://voter.votewa.gov/elections/voterguide.ashx?e=898&la=en&c=&p=
WA,2026-08-04,Primary,Precinct Committee Officer - Republican,Bronson,King,ocd-division/country:us/state:wa/county:king,Tiffany Atwood,,,https://voter.votewa.gov/elections/voterguide.ashx?e=898&la=en&c=&p=
WA,2026-08-04,Primary,Precinct Committee Officer - Republican,Brooktrails,King,ocd-division/country:us/state:wa/county:king,Dan Farrer,,,https://voter.votewa.gov/elections/voterguide.ashx?e=898&la=en&c=&p=
WA,2026-08-04,Primary,Precinct Committee Officer - Republican,Brooktrails,King,ocd-division/country:us/state:wa/county:king,Jana Lottinville,,,https://voter.votewa.gov/elections/voterguide.ashx?e=898&la=en&c=&p=
WA,2026-08-04,Primary,Precinct Committee Officer - Republican,Burcham,Cowlitz,ocd-division/country:us/state:wa/county:cowlitz,Adam St Germain,,,https://voter.votewa.gov/elections/voterguide.ashx?e=898&la=en&c=&p=
WA,2026-08-04,Primary,Precinct Committee Officer - Republican,Burcham,Cowlitz,ocd-division/country:us/state:wa/county:cowlitz,Jim Hill,,,https://voter.votewa.gov/elections/voterguide.ashx?e=898&la=en&c=&p=
WA,2026-08-04,Primary,Precinct Committee Officer - Republican,Crestview,Mason,ocd-division/country:us/state:wa/county:mason,Dan Cameron,,,https://voter.votewa.gov/elections/voterguide.ashx?e=898&la=en&c=&p=
WA,2026-08-04,Primary,Precinct Committee Officer - Republican,Crestview,Mason,ocd-division/country:us/state:wa/county:mason,Rebecca Bechtolt,,,https://voter.votewa.gov/elections/voterguide.ashx?e=898&la=en&c=&p=
WA,2026-08-04,Primary,Precinct Committee Officer - Republican,Dayton,Mason,ocd-division/country:us/state:wa/county:mason,Andrew Wilford,,,https://voter.votewa.gov/elections/voterguide.ashx?e=898&la=en&c=&p=
WA,2026-08-04,Primary,Precinct Committee Officer - Republican,Dayton,Mason,ocd-division/country:us/state:wa/county:mason,Monika Balmer,,,https://voter.votewa.gov/elections/voterguide.ashx?e=898&la=en&c=&p=
WA,2026-08-04,Primary,Precinct Committee Officer - Republican,Downtown,Mason,ocd-division/country:us/state:wa/county:mason,Jason Sapp,,,https://voter.votewa.gov/elections/voterguide.ashx?e=898&la=en&c=&p=
WA,2026-08-04,Primary,Precinct Committee Officer - Republican,Downtown,Mason,ocd-division/country:us/state:wa/county:mason,Tammy Clark,,,https://voter.votewa.gov/elections/voterguide.ashx?e=898&la=en&c=&p=
WA,2026-08-04,Primary,Precinct Committee Officer - Republican,Forest South,Thurston,ocd-division/country:us/state:wa/county:thurston,Joyce Parkison,,,https://voter.votewa.gov/elections/voterguide.ashx?e=898&la=en&c=&p=
WA,2026-08-04,Primary,Precinct Committee Officer - Republican,Forest South,Thurston,ocd-division/country:us/state:wa/county:thurston,Mary Kounovsky,,,https://voter.votewa.gov/elections/voterguide.ashx?e=898&la=en&c=&p=
WA,2026-08-04,Primary,Precinct Committee Officer - Republican,Hood Canal,Mason,ocd-division/country:us/state:wa/county:mason,Adam Cuppoletti,,,https://voter.votewa.gov/elections/voterguide.ashx?e=898&la=en&c=&p=
WA,2026-08-04,Primary,Precinct Committee Officer - Republican,Hood Canal,Mason,ocd-division/country:us/state:wa/county:mason,Susanna Jones,,,https://voter.votewa.gov/elections/voterguide.ashx?e=898&la=en&c=&p=
WA,2026-08-04,Primary,Precinct Committee Officer - Republican,Hoodsport,Mason,ocd-division/country:us/state:wa/county:mason,Cynthia Stang,,,https://voter.votewa.gov/elections/voterguide.ashx?e=898&la=en&c=&p=
WA,2026-08-04,Primary,Precinct Committee Officer - Republican,Hoodsport,Mason,ocd-division/country:us/state:wa/county:mason,Rebecca Roadman,,,https://voter.votewa.gov/elections/voterguide.ashx?e=898&la=en&c=&p=
WA,2026-08-04,Primary,Precinct Committee Officer - Republican,Hudson,Cowlitz,ocd-division/country:us/state:wa/county:cowlitz,Carol Bales,,,https://voter.votewa.gov/elections/voterguide.ashx?e=898&la=en&c=&p=
WA,2026-08-04,Primary,Precinct Committee Officer - Republican,Hudson,Cowlitz,ocd-division/country:us/state:wa/county:cowlitz,Darrell Smith,,,https://voter.votewa.gov/elections/voterguide.ashx?e=898&la=en&c=&p=
WA,2026-08-04,Primary,Precinct Committee Officer - Republican,Kessler,Cowlitz,ocd-division/country:us/state:wa/county:cowlitz,Conner Thurman,,,https://voter.votewa.gov/elections/voterguide.ashx?e=898&la=en&c=&p=
WA,2026-08-04,Primary,Precinct Committee Officer - Republican,Kessler,Cowlitz,ocd-division/country:us/state:wa/county:cowlitz,Jerame Moore,,,https://voter.votewa.gov/elections/voterguide.ashx?e=898&la=en&c=&p=
WA,2026-08-04,Primary,Precinct Committee Officer - Republican,Kinwood East,Thurston,ocd-division/country:us/state:wa/county:thurston,J. D. Ingram,,,https://voter.votewa.gov/elections/voterguide.ashx?e=898&la=en&c=&p=
WA,2026-08-04,Primary,Precinct Committee Officer - Republican,Kinwood East,Thurston,ocd-division/country:us/state:wa/county:thurston,Kevin J. O'Sullivan,,,https://voter.votewa.gov/elections/voterguide.ashx?e=898&la=en&c=&p=
WA,2026-08-04,Primary,Precinct Committee Officer - Republican,Klipsan,Pacific,ocd-division/country:us/state:wa/county:pacific,C. Michael Pickens,,,https://voter.votewa.gov/elections/voterguide.ashx?e=898&la=en&c=&p=
WA,2026-08-04,Primary,Precinct Committee Officer - Republican,Klipsan,Pacific,ocd-division/country:us/state:wa/county:pacific,James W. Mack III,,,https://voter.votewa.gov/elections/voterguide.ashx?e=898&la=en&c=&p=
WA,2026-08-04,Primary,Precinct Committee Officer - Republican,Lexington,Cowlitz,ocd-division/country:us/state:wa/county:cowlitz,Cliff Jay Shaw,,,https://voter.votewa.gov/elections/voterguide.ashx?e=898&la=en&c=&p=
WA,2026-08-04,Primary,Precinct Committee Officer - Republican,Lexington,Cowlitz,ocd-division/country:us/state:wa/county:cowlitz,James Hanberry,,,https://voter.votewa.gov/elections/voterguide.ashx?e=898&la=en&c=&p=
WA,2026-08-04,Primary,Precinct Committee Officer - Republican,Lost Lake,Mason,ocd-division/country:us/state:wa/county:mason,Christy Curry Puente,,,https://voter.votewa.gov/elections/voterguide.ashx?e=898&la=en&c=&p=
WA,2026-08-04,Primary,Precinct Committee Officer - Republican,Lost Lake,Mason,ocd-division/country:us/state:wa/county:mason,Fred Armstrong,,,https://voter.votewa.gov/elections/voterguide.ashx?e=898&la=en&c=&p=
WA,2026-08-04,Primary,Precinct Committee Officer - Republican,Mason Lake,Mason,ocd-division/country:us/state:wa/county:mason,JOSHUA MORSE,,,https://voter.votewa.gov/elections/voterguide.ashx?e=898&la=en&c=&p=
WA,2026-08-04,Primary,Precinct Committee Officer - Republican,Mason Lake,Mason,ocd-division/country:us/state:wa/county:mason,STEVE VAN DENOVER,,,https://voter.votewa.gov/elections/voterguide.ashx?e=898&la=en&c=&p=
WA,2026-08-04,Primary,Precinct Committee Officer - Republican,Mason Lake,Mason,ocd-division/country:us/state:wa/county:mason,Wes Martin,,,https://voter.votewa.gov/elections/voterguide.ashx?e=898&la=en&c=&p=
WA,2026-08-04,Primary,Precinct Committee Officer - Republican,Mcgowan,Cowlitz,ocd-division/country:us/state:wa/county:cowlitz,Alan Lee Waddell,,,https://voter.votewa.gov/elections/voterguide.ashx?e=898&la=en&c=&p=
WA,2026-08-04,Primary,Precinct Committee Officer - Republican,Mcgowan,Cowlitz,ocd-division/country:us/state:wa/county:cowlitz,Danny McCracken,,,https://voter.votewa.gov/elections/voterguide.ashx?e=898&la=en&c=&p=
WA,2026-08-04,Primary,Precinct Committee Officer - Republican,Nevada,Cowlitz,ocd-division/country:us/state:wa/county:cowlitz,Dana M. Tucker,,,https://voter.votewa.gov/elections/voterguide.ashx?e=898&la=en&c=&p=
WA,2026-08-04,Primary,Precinct Committee Officer - Republican,Nevada,Cowlitz,ocd-division/country:us/state:wa/county:cowlitz,Laine Emmons,,,https://voter.votewa.gov/elections/voterguide.ashx?e=898&la=en&c=&p=
WA,2026-08-04,Primary,Precinct Committee Officer - Republican,North Arcadia,Mason,ocd-division/country:us/state:wa/county:mason,Gabriel Mora,,,https://voter.votewa.gov/elections/voterguide.ashx?e=898&la=en&c=&p=
WA,2026-08-04,Primary,Precinct Committee Officer - Republican,North Arcadia,Mason,ocd-division/country:us/state:wa/county:mason,Sharon Diaz,,,https://voter.votewa.gov/elections/voterguide.ashx?e=898&la=en&c=&p=
WA,2026-08-04,Primary,Precinct Committee Officer - Republican,Oakland Bay,Mason,ocd-division/country:us/state:wa/county:mason,Cynthia Radtke,,,https://voter.votewa.gov/elections/voterguide.ashx?e=898&la=en&c=&p=
WA,2026-08-04,Primary,Precinct Committee Officer - Republican,Oakland Bay,Mason,ocd-division/country:us/state:wa/county:mason,Rick Wood,,,https://voter.votewa.gov/elections/voterguide.ashx?e=898&la=en&c=&p=
WA,2026-08-04,Primary,Precinct Committee Officer - Republican,Olympic View,Mason,ocd-division/country:us/state:wa/county:mason,Charles Flanagan,,,https://voter.votewa.gov/elections/voterguide.ashx?e=898&la=en&c=&p=
WA,2026-08-04,Primary,Precinct Committee Officer - Republican,Olympic View,Mason,ocd-division/country:us/state:wa/county:mason,Eric J Onisko,,,https://voter.votewa.gov/elections/voterguide.ashx?e=898&la=en&c=&p=
WA,2026-08-04,Primary,Precinct Committee Officer - Republican,Peoh Point,Kittitas,ocd-division/country:us/state:wa/county:kittitas,Kavin Beedle,,,https://voter.votewa.gov/elections/voterguide.ashx?e=898&la=en&c=&p=
WA,2026-08-04,Primary,Precinct Committee Officer - Republican,Peoh Point,Kittitas,ocd-division/country:us/state:wa/county:kittitas,Travis Harris,,,https://voter.votewa.gov/elections/voterguide.ashx?e=898&la=en&c=&p=
WA,2026-08-04,Primary,Precinct Committee Officer - Republican,Pickering,Mason,ocd-division/country:us/state:wa/county:mason,April Y. Pruitt-Pooler,,,https://voter.votewa.gov/elections/voterguide.ashx?e=898&la=en&c=&p=
WA,2026-08-04,Primary,Precinct Committee Officer - Republican,Pickering,Mason,ocd-division/country:us/state:wa/county:mason,Bill Wells,,,https://voter.votewa.gov/elections/voterguide.ashx?e=898&la=en&c=&p=
WA,2026-08-04,Primary,Precinct Committee Officer - Republican,Ritzville Rural Se,Adams,ocd-division/country:us/state:wa/county:adams,JOHN E FAURE,,,https://voter.votewa.gov/elections/voterguide.ashx?e=898&la=en&c=&p=
WA,2026-08-04,Primary,Precinct Committee Officer - Republican,Ritzville Rural Se,Adams,ocd-division/country:us/state:wa/county:adams,Phil Peterson,,,https://voter.votewa.gov/elections/voterguide.ashx?e=898&la=en&c=&p=
WA,2026-08-04,Primary,Precinct Committee Officer - Republican,Rose Valley,Cowlitz,ocd-division/country:us/state:wa/county:cowlitz,Christie Masters,,,https://voter.votewa.gov/elections/voterguide.ashx?e=898&la=en&c=&p=
WA,2026-08-04,Primary,Precinct Committee Officer - Republican,Rose Valley,Cowlitz,ocd-division/country:us/state:wa/county:cowlitz,Dwight Carlson,,,https://voter.votewa.gov/elections/voterguide.ashx?e=898&la=en&c=&p=
WA,2026-08-04,Primary,Precinct Committee Officer - Republican,Silver Lake North,Cowlitz,ocd-division/country:us/state:wa/county:cowlitz,Jordan Spencer,,,https://voter.votewa.gov/elections/voterguide.ashx?e=898&la=en&c=&p=
WA,2026-08-04,Primary,Precinct Committee Officer - Republican,Silver Lake North,Cowlitz,ocd-division/country:us/state:wa/county:cowlitz,Wally Wentz,,,https://voter.votewa.gov/elections/voterguide.ashx?e=898&la=en&c=&p=
WA,2026-08-04,Primary,Precinct Committee Officer - Republican,Two Rivers,King,ocd-division/country:us/state:wa/county:king,Michael Bladow,,,https://voter.votewa.gov/elections/voterguide.ashx?e=898&la=en&c=&p=
WA,2026-08-04,Primary,Precinct Committee Officer - Republican,Two Rivers,King,ocd-division/country:us/state:wa/county:king,Paul Michael Mcmahon,,,https://voter.votewa.gov/elections/voterguide.ashx?e=898&la=en&c=&p=
WA,2026-08-04,Primary,Precinct Committee Officer - Republican,Violet Prairie North,Thurston,ocd-division/country:us/state:wa/county:thurston,Lori Williams,,,https://voter.votewa.gov/elections/voterguide.ashx?e=898&la=en&c=&p=
WA,2026-08-04,Primary,Precinct Committee Officer - Republican,Violet Prairie North,Thurston,ocd-division/country:us/state:wa/county:thurston,Michael Morrow,,,https://voter.votewa.gov/elections/voterguide.ashx?e=898&la=en&c=&p=
WA,2026-08-04,Primary,Precinct Committee Officer - Republican,White River,King,ocd-division/country:us/state:wa/county:king,Nirav Sheth,,,https://voter.votewa.gov/elections/voterguide.ashx?e=898&la=en&c=&p=
WA,2026-08-04,Primary,Precinct Committee Officer - Republican,White River,King,ocd-division/country:us/state:wa/county:king,Paul R Fisher,,,https://voter.votewa.gov/elections/voterguide.ashx?e=898&la=en&c=&p=
WA,2026-08-04,Primary,Precinct Committee Officer - Republican,Willapa,Pacific,ocd-division/country:us/state:wa/county:pacific,Jack Ganzel,,,https://voter.votewa.gov/elections/voterguide.ashx?e=898&la=en&c=&p=
WA,2026-08-04,Primary,Precinct Committee Officer - Republican,Willapa,Pacific,ocd-division/country:us/state:wa/county:pacific,Tom Sturgill,,,https://voter.votewa.gov/elections/voterguide.ashx?e=898&la=en&c=&p=
WA,2026-08-04,Primary,Precinct Committee Officer - Republican,Willow Grove,Cowlitz,ocd-division/country:us/state:wa/county:cowlitz,Dave Handy,,,https://voter.votewa.gov/elections/voterguide.ashx?e=898&la=en&c=&p=
WA,2026-08-04,Primary,Precinct Committee Officer - Republican,Willow Grove,Cowlitz,ocd-division/country:us/state:wa/county:cowlitz,Penny Frostad,,,https://voter.votewa.gov/elections/voterguide.ashx?e=898&la=en&c=&p=
WA,2026-08-04,Primary,Precinct Committee Officer-Republican,Walkers Prairie,Stevens,ocd-division/country:us/state:wa/county:stevens,Steven Thompson,,,https://voter.votewa.gov/elections/voterguide.ashx?e=898&la=en&c=&p=
WA,2026-08-04,Primary,Precinct Committee Officer-Republican,Walkers Prairie,Stevens,ocd-division/country:us/state:wa/county:stevens,Warren Simpson,,,https://voter.votewa.gov/elections/voterguide.ashx?e=898&la=en&c=&p=
WA,2026-08-04,Primary,Prosecuting Attorney,County,Kittitas,ocd-division/country:us/state:wa/county:kittitas,Aaron Reiman,Independent Party,,https://voter.votewa.gov/elections/voterguide.ashx?e=898&la=en&c=&p=
WA,2026-08-04,Primary,Prosecuting Attorney,County,Skamania,ocd-division/country:us/state:wa/county:skamania,Adam N. Kick,Non Partisan Party,,https://voter.votewa.gov/elections/voterguide.ashx?e=898&la=en&c=&p=
WA,2026-08-04,Primary,Prosecuting Attorney,County,Okanogan,ocd-division/country:us/state:wa/county:okanogan,Albert Lin,Republican Party,,https://voter.votewa.gov/elections/voterguide.ashx?e=898&la=en&c=&p=
WA,2026-08-04,Primary,Prosecuting Attorney,County,San Juan,ocd-division/country:us/state:wa/county:san_juan,Amy S. Vira,Democrat Party,,https://voter.votewa.gov/elections/voterguide.ashx?e=898&la=en&c=&p=
WA,2026-08-04,Primary,Prosecuting Attorney,County,Kitsap,ocd-division/country:us/state:wa/county:kitsap,Chad M. Enright,Democratic Party,,https://voter.votewa.gov/elections/voterguide.ashx?e=898&la=en&c=&p=
WA,2026-08-04,Primary,Prosecuting Attorney,County,Thurston,ocd-division/country:us/state:wa/county:thurston,Christy Peters,Democratic Party,,https://voter.votewa.gov/elections/voterguide.ashx?e=898&la=en&c=&p=
WA,2026-08-04,Primary,Prosecuting Attorney,County,Wahkiakum,ocd-division/country:us/state:wa/county:wahkiakum,Dan Bigelow,Democratic Party,,https://voter.votewa.gov/elections/voterguide.ashx?e=898&la=en&c=&p=
WA,2026-08-04,Primary,Prosecuting Attorney,County,Whitman,ocd-division/country:us/state:wa/county:whitman,Dan LeBeau,Republican Party,,https://voter.votewa.gov/elections/voterguide.ashx?e=898&la=en&c=&p=
WA,2026-08-04,Primary,Prosecuting Attorney,County,Spokane,ocd-division/country:us/state:wa/county:spokane,Danny Tarkenton,No Party Preference,,https://voter.votewa.gov/elections/voterguide.ashx?e=898&la=en&c=&p=
WA,2026-08-04,Primary,Prosecuting Attorney,County,Whatcom,ocd-division/country:us/state:wa/county:whatcom,Dona Bracke,Democrat Party,,https://voter.votewa.gov/elections/voterguide.ashx?e=898&la=en&c=&p=
WA,2026-08-04,Primary,Prosecuting Attorney,County,Benton,ocd-division/country:us/state:wa/county:benton,Eric Eisinger,Republican Party,,https://voter.votewa.gov/elections/voterguide.ashx?e=898&la=en&c=&p=
WA,2026-08-04,Primary,Prosecuting Attorney,County,Skagit,ocd-division/country:us/state:wa/county:skagit,Erik Pedersen,Democratic Party,,https://voter.votewa.gov/elections/voterguide.ashx?e=898&la=en&c=&p=
WA,2026-08-04,Primary,Prosecuting Attorney,County,Whatcom,ocd-division/country:us/state:wa/county:whatcom,Erik Sigmar,Democrat Party,,https://voter.votewa.gov/elections/voterguide.ashx?e=898&la=en&c=&p=
WA,2026-08-04,Primary,Prosecuting Attorney,County,Stevens,ocd-division/country:us/state:wa/county:stevens,Erika George,Republican Party,,https://voter.votewa.gov/elections/voterguide.ashx?e=898&la=en&c=&p=
WA,2026-08-04,Primary,Prosecuting Attorney,County,Walla Walla,ocd-division/country:us/state:wa/county:walla_walla,Gabriel Acosta,Republican Party,,https://voter.votewa.gov/elections/voterguide.ashx?e=898&la=en&c=&p=
WA,2026-08-04,Primary,Prosecuting Attorney,County,Snohomish,ocd-division/country:us/state:wa/county:snohomish,Jason Cummings,Democratic Party,,https://voter.votewa.gov/elections/voterguide.ashx?e=898&la=en&c=&p=
WA,2026-08-04,Primary,Prosecuting Attorney,County,Whatcom,ocd-division/country:us/state:wa/county:whatcom,Jesse Corkern,Democratic Party,,https://voter.votewa.gov/elections/voterguide.ashx?e=898&la=en&c=&p=
WA,2026-08-04,Primary,Prosecuting Attorney,County,Kittitas,ocd-division/country:us/state:wa/county:kittitas,Jodi Hammond,Republican Party,,https://voter.votewa.gov/elections/voterguide.ashx?e=898&la=en&c=&p=
WA,2026-08-04,Primary,Prosecuting Attorney,County,Kitsap,ocd-division/country:us/state:wa/county:kitsap,Joe Lombardi,Democratic Party,,https://voter.votewa.gov/elections/voterguide.ashx?e=898&la=en&c=&p=
WA,2026-08-04,Primary,Prosecuting Attorney,County,Lewis,ocd-division/country:us/state:wa/county:lewis,Jonathan L. Meyer,Republican Party,,https://voter.votewa.gov/elections/voterguide.ashx?e=898&la=en&c=&p=
WA,2026-08-04,Primary,Prosecuting Attorney,County,Benton,ocd-division/country:us/state:wa/county:benton,Julie Long,Republican Party,,https://voter.votewa.gov/elections/voterguide.ashx?e=898&la=en&c=&p=
WA,2026-08-04,Primary,Prosecuting Attorney,County,Kittitas,ocd-division/country:us/state:wa/county:kittitas,Patricia Todd,Republican Party,,https://voter.votewa.gov/elections/voterguide.ashx?e=898&la=en&c=&p=
WA,2026-08-04,Primary,Prosecuting Attorney,County,Spokane,ocd-division/country:us/state:wa/county:spokane,Preston McCollam,Republican Party,,https://voter.votewa.gov/elections/voterguide.ashx?e=898&la=en&c=&p=
WA,2026-08-04,Primary,Prosecuting Attorney,County,Yakima,ocd-division/country:us/state:wa/county:yakima,Quinn Dalan,Republican Party,,https://voter.votewa.gov/elections/voterguide.ashx?e=898&la=en&c=&p=
WA,2026-08-04,Primary,Prosecuting Attorney,County,Cowlitz,ocd-division/country:us/state:wa/county:cowlitz,Ryan P. Jurvakainen,Independent Party,,https://voter.votewa.gov/elections/voterguide.ashx?e=898&la=en&c=&p=
WA,2026-08-04,Primary,Prosecuting Attorney,County,Whatcom,ocd-division/country:us/state:wa/county:whatcom,Ryan Swinburnson,No Party Preference,,https://voter.votewa.gov/elections/voterguide.ashx?e=898&la=en&c=&p=
WA,2026-08-04,Primary,Prosecuting Attorney,County,Douglas,ocd-division/country:us/state:wa/county:douglas,Sean P. Lewis,Republican Party,,https://voter.votewa.gov/elections/voterguide.ashx?e=898&la=en&c=&p=
WA,2026-08-04,Primary,Prosecuting Attorney,County,Franklin,ocd-division/country:us/state:wa/county:franklin,Shawn P. Sant,Republican Party,,https://voter.votewa.gov/elections/voterguide.ashx?e=898&la=en&c=&p=
WA,2026-08-04,Primary,Prosecuting Attorney,County,Yakima,ocd-division/country:us/state:wa/county:yakima,Tyler Haueter,Republican Party,,https://voter.votewa.gov/elections/voterguide.ashx?e=898&la=en&c=&p=
WA,2026-08-04,Primary,Prosecutor,County,Grays Harbor,ocd-division/country:us/state:wa/county:grays_harbor,Daniel Crawford,Republican Party,,https://voter.votewa.gov/elections/voterguide.ashx?e=898&la=en&c=&p=
WA,2026-08-04,Primary,Prosecutor,County,Jefferson,ocd-division/country:us/state:wa/county:jefferson,James Kennedy,Democratic Party,,https://voter.votewa.gov/elections/voterguide.ashx?e=898&la=en&c=&p=
WA,2026-08-04,Primary,Prosecutor,County,Grays Harbor,ocd-division/country:us/state:wa/county:grays_harbor,Jason F. Walker,Democratic Party,,https://voter.votewa.gov/elections/voterguide.ashx?e=898&la=en&c=&p=
WA,2026-08-04,Primary,Prosecutor,County,Mason,ocd-division/country:us/state:wa/county:mason,Michael Dorcy,Republican Party,,https://voter.votewa.gov/elections/voterguide.ashx?e=898&la=en&c=&p=
WA,2026-08-04,Primary,Prosecutor,County,Adams,ocd-division/country:us/state:wa/county:adams,Randy J. Flyckt,Republican Party,,https://voter.votewa.gov/elections/voterguide.ashx?e=898&la=en&c=&p=
WA,2026-08-04,Primary,Public Utility District #1 Commissioner Pos. 3,Public Utility District Commissioner #3,Klickitat,ocd-division/country:us/state:wa/county:klickitat,Dan Christopher,,,https://voter.votewa.gov/elections/voterguide.ashx?e=898&la=en&c=&p=
WA,2026-08-04,Primary,Public Utility District #1 Commissioner Pos. 3,Public Utility District Commissioner #3,Klickitat,ocd-division/country:us/state:wa/county:klickitat,Dan G. Gunkel,,,https://voter.votewa.gov/elections/voterguide.ashx?e=898&la=en&c=&p=
WA,2026-08-04,Primary,Public Utility District #1 Commissioner Pos. 3,Public Utility District Commissioner #3,Klickitat,ocd-division/country:us/state:wa/county:klickitat,Logan B. Siebert,,,https://voter.votewa.gov/elections/voterguide.ashx?e=898&la=en&c=&p=
WA,2026-08-04,Primary,Republican Precinct Committee Officer,Centralia #8,Lewis,ocd-division/country:us/state:wa/county:lewis,Johnny Dunnagan,,,https://voter.votewa.gov/elections/voterguide.ashx?e=898&la=en&c=&p=
WA,2026-08-04,Primary,Republican Precinct Committee Officer,Centralia #8,Lewis,ocd-division/country:us/state:wa/county:lewis,Leah Sisemore,,,https://voter.votewa.gov/elections/voterguide.ashx?e=898&la=en&c=&p=
WA,2026-08-04,Primary,Republican Precinct Committee Officer,Claquato,Lewis,ocd-division/country:us/state:wa/county:lewis,Anthony Mixer,,,https://voter.votewa.gov/elections/voterguide.ashx?e=898&la=en&c=&p=
WA,2026-08-04,Primary,Republican Precinct Committee Officer,Claquato,Lewis,ocd-division/country:us/state:wa/county:lewis,Julie Balmelli-Powe,,,https://voter.votewa.gov/elections/voterguide.ashx?e=898&la=en&c=&p=
WA,2026-08-04,Primary,Republican Precinct Committee Officer,Claquato,Lewis,ocd-division/country:us/state:wa/county:lewis,Nathan Carpenter,,,https://voter.votewa.gov/elections/voterguide.ashx?e=898&la=en&c=&p=
WA,2026-08-04,Primary,SHERIFF,Chelan County,Chelan,ocd-division/country:us/state:wa/county:chelan,Mike Morrison,Republican Party,,https://voter.votewa.gov/elections/voterguide.ashx?e=898&la=en&c=&p=
WA,2026-08-04,Primary,SHERIFF,Chelan County,Chelan,ocd-division/country:us/state:wa/county:chelan,Stan Langlow,Republican Party,,https://voter.votewa.gov/elections/voterguide.ashx?e=898&la=en&c=&p=
WA,2026-08-04,Primary,SHERIFF,County,Lincoln,ocd-division/country:us/state:wa/county:lincoln,Gabe Gants,REPUBLICAN Party,,https://voter.votewa.gov/elections/voterguide.ashx?e=898&la=en&c=&p=
WA,2026-08-04,Primary,Sheriff,County,Douglas,ocd-division/country:us/state:wa/county:douglas,Adam Musgrove,Republican Party,,https://voter.votewa.gov/elections/voterguide.ashx?e=898&la=en&c=&p=
WA,2026-08-04,Primary,Sheriff,County,Jefferson,ocd-division/country:us/state:wa/county:jefferson,Andy Pernsteiner,Democratic Party,,https://voter.votewa.gov/elections/voterguide.ashx?e=898&la=en&c=&p=
WA,2026-08-04,Primary,Sheriff,County,Walla Walla,ocd-division/country:us/state:wa/county:walla_walla,Ashley Daschofsky,Republican Party,,https://voter.votewa.gov/elections/voterguide.ashx?e=898&la=en&c=&p=
WA,2026-08-04,Primary,Sheriff,County,Kittitas,ocd-division/country:us/state:wa/county:kittitas,Ben Kokjer,Republican Party,,https://voter.votewa.gov/elections/voterguide.ashx?e=898&la=en&c=&p=
WA,2026-08-04,Primary,Sheriff,County,Stevens,ocd-division/country:us/state:wa/county:stevens,Brad A. Manke,Republican Party,,https://voter.votewa.gov/elections/voterguide.ashx?e=898&la=en&c=&p=
WA,2026-08-04,Primary,Sheriff,County,Benton,ocd-division/country:us/state:wa/county:benton,Brad Klippert,Republican Party,,https://voter.votewa.gov/elections/voterguide.ashx?e=898&la=en&c=&p=
WA,2026-08-04,Primary,Sheriff,County,Kitsap,ocd-division/country:us/state:wa/county:kitsap,Brandon L. Myers,Democratic Party,,https://voter.votewa.gov/elections/voterguide.ashx?e=898&la=en&c=&p=
WA,2026-08-04,Primary,Sheriff,County,Whitman,ocd-division/country:us/state:wa/county:whitman,Brett J. Myers,Republican Party,,https://voter.votewa.gov/elections/voterguide.ashx?e=898&la=en&c=&p=
WA,2026-08-04,Primary,Sheriff,County,Skagit,ocd-division/country:us/state:wa/county:skagit,Chris Baldwin,Independent Party,,https://voter.votewa.gov/elections/voterguide.ashx?e=898&la=en&c=&p=
WA,2026-08-04,Primary,Sheriff,County,Franklin,ocd-division/country:us/state:wa/county:franklin,Christopher (Chris) Lee,Republican Party,,https://voter.votewa.gov/elections/voterguide.ashx?e=898&la=en&c=&p=
WA,2026-08-04,Primary,Sheriff,County,Adams,ocd-division/country:us/state:wa/county:adams,Dale J. Wagner,republican Party,,https://voter.votewa.gov/elections/voterguide.ashx?e=898&la=en&c=&p=
WA,2026-08-04,Primary,Sheriff,County,Lewis,ocd-division/country:us/state:wa/county:lewis,Danny Riordan,Republican Party,,https://voter.votewa.gov/elections/voterguide.ashx?e=898&la=en&c=&p=
WA,2026-08-04,Primary,Sheriff,County,Grays Harbor,ocd-division/country:us/state:wa/county:grays_harbor,Darrin E. Wallace,No Party Preference,,https://voter.votewa.gov/elections/voterguide.ashx?e=898&la=en&c=&p=
WA,2026-08-04,Primary,Sheriff,County,Kittitas,ocd-division/country:us/state:wa/county:kittitas,Darryl Chepoda JR,Independent Party,,https://voter.votewa.gov/elections/voterguide.ashx?e=898&la=en&c=&p=
WA,2026-08-04,Primary,Sheriff,County,Thurston,ocd-division/country:us/state:wa/county:thurston,Derek Sanders,Independent Party,,https://voter.votewa.gov/elections/voterguide.ashx?e=898&la=en&c=&p=
WA,2026-08-04,Primary,Sheriff,County,Grays Harbor,ocd-division/country:us/state:wa/county:grays_harbor,Edward Welter,No Party Preference,,https://voter.votewa.gov/elections/voterguide.ashx?e=898&la=en&c=&p=
WA,2026-08-04,Primary,Sheriff,County,Lewis,ocd-division/country:us/state:wa/county:lewis,Gabriel J Frase,Republican Party,,https://voter.votewa.gov/elections/voterguide.ashx?e=898&la=en&c=&p=
WA,2026-08-04,Primary,Sheriff,County,Okanogan,ocd-division/country:us/state:wa/county:okanogan,Gisberth (Giz) Gonzalez,REPUBLICAN Party,,https://voter.votewa.gov/elections/voterguide.ashx?e=898&la=en&c=&p=
WA,2026-08-04,Primary,Sheriff,County,Yakima,ocd-division/country:us/state:wa/county:yakima,Jake Church,Republican Party,,https://voter.votewa.gov/elections/voterguide.ashx?e=898&la=en&c=&p=
WA,2026-08-04,Primary,Sheriff,County,Okanogan,ocd-division/country:us/state:wa/county:okanogan,Jodie Barcus,Republican Party,,https://voter.votewa.gov/elections/voterguide.ashx?e=898&la=en&c=&p=
WA,2026-08-04,Primary,Sheriff,County,Spokane,ocd-division/country:us/state:wa/county:spokane,John F. Nowels,Republican Party,,https://voter.votewa.gov/elections/voterguide.ashx?e=898&la=en&c=&p=
WA,2026-08-04,Primary,Sheriff,County,Thurston,ocd-division/country:us/state:wa/county:thurston,Kevin Burton-Crow,Democratic Party,,https://voter.votewa.gov/elections/voterguide.ashx?e=898&la=en&c=&p=
WA,2026-08-04,Primary,Sheriff,County,Douglas,ocd-division/country:us/state:wa/county:douglas,Kieth A. Siebert,Republican Party,,https://voter.votewa.gov/elections/voterguide.ashx?e=898&la=en&c=&p=
WA,2026-08-04,Primary,Sheriff,County,Franklin,ocd-division/country:us/state:wa/county:franklin,Kohl ST. Peter,Independent Party,,https://voter.votewa.gov/elections/voterguide.ashx?e=898&la=en&c=&p=
WA,2026-08-04,Primary,Sheriff,County,Lewis,ocd-division/country:us/state:wa/county:lewis,Matt McKnight,Republican Party,,https://voter.votewa.gov/elections/voterguide.ashx?e=898&la=en&c=&p=
WA,2026-08-04,Primary,Sheriff,County,Adams,ocd-division/country:us/state:wa/county:adams,Matthew Carlson,Republican Party,,https://voter.votewa.gov/elections/voterguide.ashx?e=898&la=en&c=&p=
WA,2026-08-04,Primary,Sheriff,County,Benton,ocd-division/country:us/state:wa/county:benton,Michael (Mike) Clark,Republican Party,,https://voter.votewa.gov/elections/voterguide.ashx?e=898&la=en&c=&p=
WA,2026-08-04,Primary,Sheriff,County,Franklin,ocd-division/country:us/state:wa/county:franklin,Monty Huber,Republican Party,,https://voter.votewa.gov/elections/voterguide.ashx?e=898&la=en&c=&p=
WA,2026-08-04,Primary,Sheriff,County,Walla Walla,ocd-division/country:us/state:wa/county:walla_walla,Richard Schram,Republican Party,,https://voter.votewa.gov/elections/voterguide.ashx?e=898&la=en&c=&p=
WA,2026-08-04,Primary,Sheriff,County,Kitsap,ocd-division/country:us/state:wa/county:kitsap,Rick Kuss,Republican Party,,https://voter.votewa.gov/elections/voterguide.ashx?e=898&la=en&c=&p=
WA,2026-08-04,Primary,Sheriff,County,Yakima,ocd-division/country:us/state:wa/county:yakima,Roman Kilinkaridis,Republican Party,,https://voter.votewa.gov/elections/voterguide.ashx?e=898&la=en&c=&p=
WA,2026-08-04,Primary,Sheriff,County,Mason,ocd-division/country:us/state:wa/county:mason,Ryan Spurling,Republican Party,,https://voter.votewa.gov/elections/voterguide.ashx?e=898&la=en&c=&p=
WA,2026-08-04,Primary,Sheriff,County,Skamania,ocd-division/country:us/state:wa/county:skamania,Summer Scheyer,Republican Party,,https://voter.votewa.gov/elections/voterguide.ashx?e=898&la=en&c=&p=
WA,2026-08-04,Primary,Sheriff,County,Lewis,ocd-division/country:us/state:wa/county:lewis,Tracy Murphy,Republican Party,,https://voter.votewa.gov/elections/voterguide.ashx?e=898&la=en&c=&p=
WA,2026-08-04,Primary,Sheriff,County,Cowlitz,ocd-division/country:us/state:wa/county:cowlitz,Troy Brightbill,Republican Party,,https://voter.votewa.gov/elections/voterguide.ashx?e=898&la=en&c=&p=
WA,2026-08-04,Primary,Sheriff,County,Douglas,ocd-division/country:us/state:wa/county:douglas,Tyler I. Caille,Republican Party,,https://voter.votewa.gov/elections/voterguide.ashx?e=898&la=en&c=&p=
WA,2026-08-04,Primary,State Representative Pos. 1,Legislative District 1,,ocd-division/country:us/state:wa/sldl:1,Davina Duerr,Democratic Party,,https://voter.votewa.gov/elections/voterguide.ashx?e=898&la=en&c=&p=
WA,2026-08-04,Primary,State Representative Pos. 1,Legislative District 1,,ocd-division/country:us/state:wa/sldl:1,Maggie Wang,Republican Party,,https://voter.votewa.gov/elections/voterguide.ashx?e=898&la=en&c=&p=
WA,2026-08-04,Primary,State Representative Pos. 1,Legislative District 2,,ocd-division/country:us/state:wa/sldl:2,Andrew Barkis,Republican Party,,https://voter.votewa.gov/elections/voterguide.ashx?e=898&la=en&c=&p=
WA,2026-08-04,Primary,State Representative Pos. 1,Legislative District 2,,ocd-division/country:us/state:wa/sldl:2,William Dehnel,Labor Democrat Party,,https://voter.votewa.gov/elections/voterguide.ashx?e=898&la=en&c=&p=
WA,2026-08-04,Primary,State Representative Pos. 1,Legislative District 3,,ocd-division/country:us/state:wa/sldl:3,John Kness,No Party Preference,,https://voter.votewa.gov/elections/voterguide.ashx?e=898&la=en&c=&p=
WA,2026-08-04,Primary,State Representative Pos. 1,Legislative District 3,,ocd-division/country:us/state:wa/sldl:3,Natasha Hill,Democrat Party,,https://voter.votewa.gov/elections/voterguide.ashx?e=898&la=en&c=&p=
WA,2026-08-04,Primary,State Representative Pos. 1,Legislative District 3,,ocd-division/country:us/state:wa/sldl:3,Tony Kiepe,Republican Party,,https://voter.votewa.gov/elections/voterguide.ashx?e=898&la=en&c=&p=
WA,2026-08-04,Primary,State Representative Pos. 1,Legislative District 4,,ocd-division/country:us/state:wa/sldl:4,Debra Long,Republican Party,,https://voter.votewa.gov/elections/voterguide.ashx?e=898&la=en&c=&p=
WA,2026-08-04,Primary,State Representative Pos. 1,Legislative District 4,,ocd-division/country:us/state:wa/sldl:4,George Wagner,Republican Party,,https://voter.votewa.gov/elections/voterguide.ashx?e=898&la=en&c=&p=
WA,2026-08-04,Primary,State Representative Pos. 1,Legislative District 4,,ocd-division/country:us/state:wa/sldl:4,Hillary Q. Pham,Republican Party,,https://voter.votewa.gov/elections/voterguide.ashx?e=898&la=en&c=&p=
WA,2026-08-04,Primary,State Representative Pos. 1,Legislative District 4,,ocd-division/country:us/state:wa/sldl:4,Trent Maier,Republican Party,,https://voter.votewa.gov/elections/voterguide.ashx?e=898&la=en&c=&p=
WA,2026-08-04,Primary,State Representative Pos. 1,Legislative District 5,,ocd-division/country:us/state:wa/sldl:5,Aimee Warmerdam,Democratic Party,,https://voter.votewa.gov/elections/voterguide.ashx?e=898&la=en&c=&p=
WA,2026-08-04,Primary,State Representative Pos. 1,Legislative District 5,,ocd-division/country:us/state:wa/sldl:5,Michelle Bennett,Republican Party,,https://voter.votewa.gov/elections/voterguide.ashx?e=898&la=en&c=&p=
WA,2026-08-04,Primary,State Representative Pos. 1,Legislative District 5,,ocd-division/country:us/state:wa/sldl:5,Topher Leritz,No Party Preference,,https://voter.votewa.gov/elections/voterguide.ashx?e=898&la=en&c=&p=
WA,2026-08-04,Primary,State Representative Pos. 1,Legislative District 5,,ocd-division/country:us/state:wa/sldl:5,Zach Hall,Democratic Party,,https://voter.votewa.gov/elections/voterguide.ashx?e=898&la=en&c=&p=
WA,2026-08-04,Primary,State Representative Pos. 1,Legislative District 6,,ocd-division/country:us/state:wa/sldl:6,Alan Nolan,Republican Party,,https://voter.votewa.gov/elections/voterguide.ashx?e=898&la=en&c=&p=
WA,2026-08-04,Primary,State Representative Pos. 1,Legislative District 6,,ocd-division/country:us/state:wa/sldl:6,Isaiah Paine,Republican Party,,https://voter.votewa.gov/elections/voterguide.ashx?e=898&la=en&c=&p=
WA,2026-08-04,Primary,State Representative Pos. 1,Legislative District 6,,ocd-division/country:us/state:wa/sldl:6,Jennifer Morton,Republican Party,,https://voter.votewa.gov/elections/voterguide.ashx?e=898&la=en&c=&p=
WA,2026-08-04,Primary,State Representative Pos. 1,Legislative District 6,,ocd-division/country:us/state:wa/sldl:6,Michaela Kelso,Democratic Party,,https://voter.votewa.gov/elections/voterguide.ashx?e=898&la=en&c=&p=
WA,2026-08-04,Primary,State Representative Pos. 1,Legislative District 6,,ocd-division/country:us/state:wa/sldl:6,Nicolette Ocheltree,Democratic Party,,https://voter.votewa.gov/elections/voterguide.ashx?e=898&la=en&c=&p=
WA,2026-08-04,Primary,State Representative Pos. 1,Legislative District 6,,ocd-division/country:us/state:wa/sldl:6,Sueann Davis,Republican Party,,https://voter.votewa.gov/elections/voterguide.ashx?e=898&la=en&c=&p=
WA,2026-08-04,Primary,State Representative Pos. 1,Legislative District 7,,ocd-division/country:us/state:wa/sldl:7,Andrew Engell,Republican Party,,https://voter.votewa.gov/elections/voterguide.ashx?e=898&la=en&c=&p=
WA,2026-08-04,Primary,State Representative Pos. 1,Legislative District 8,,ocd-division/country:us/state:wa/sldl:8,Stephanie Barnard,Republican Party,,https://voter.votewa.gov/elections/voterguide.ashx?e=898&la=en&c=&p=
WA,2026-08-04,Primary,State Representative Pos. 1,Legislative District 9,,ocd-division/country:us/state:wa/sldl:9,Mary Dye,Republican Party,,https://voter.votewa.gov/elections/voterguide.ashx?e=898&la=en&c=&p=
WA,2026-08-04,Primary,State Representative Pos. 1,Legislative District 10,,ocd-division/country:us/state:wa/sldl:10,Clyde Shavers,Democratic Party,,https://voter.votewa.gov/elections/voterguide.ashx?e=898&la=en&c=&p=
WA,2026-08-04,Primary,State Representative Pos. 1,Legislative District 10,,ocd-division/country:us/state:wa/sldl:10,Robert (Chili) Hicks,Republican Party,,https://voter.votewa.gov/elections/voterguide.ashx?e=898&la=en&c=&p=
WA,2026-08-04,Primary,State Representative Pos. 1,Legislative District 11,,ocd-division/country:us/state:wa/sldl:11,Ashley Fedan,Democratic Party,,https://voter.votewa.gov/elections/voterguide.ashx?e=898&la=en&c=&p=
WA,2026-08-04,Primary,State Representative Pos. 1,Legislative District 11,,ocd-division/country:us/state:wa/sldl:11,Christian Rombough,Republican Party,,https://voter.votewa.gov/elections/voterguide.ashx?e=898&la=en&c=&p=
WA,2026-08-04,Primary,State Representative Pos. 1,Legislative District 11,,ocd-division/country:us/state:wa/sldl:11,David Hackney,Democratic Party,,https://voter.votewa.gov/elections/voterguide.ashx?e=898&la=en&c=&p=
WA,2026-08-04,Primary,State Representative Pos. 1,Legislative District 12,,ocd-division/country:us/state:wa/sldl:12,Brian Burnett,Republican Party,,https://voter.votewa.gov/elections/voterguide.ashx?e=898&la=en&c=&p=
WA,2026-08-04,Primary,State Representative Pos. 1,Legislative District 12,,ocd-division/country:us/state:wa/sldl:12,Stacy Willoughby,Democratic Party,,https://voter.votewa.gov/elections/voterguide.ashx?e=898&la=en&c=&p=
WA,2026-08-04,Primary,State Representative Pos. 1,Legislative District 13,,ocd-division/country:us/state:wa/sldl:13,"Juan ""Jerry"" Garcia",Democratic Party,,https://voter.votewa.gov/elections/voterguide.ashx?e=898&la=en&c=&p=
WA,2026-08-04,Primary,State Representative Pos. 1,Legislative District 13,,ocd-division/country:us/state:wa/sldl:13,Tom Dent,Republican Party,,https://voter.votewa.gov/elections/voterguide.ashx?e=898&la=en&c=&p=
WA,2026-08-04,Primary,State Representative Pos. 1,Legislative District 14,,ocd-division/country:us/state:wa/sldl:14,Chelsea Dimas,Democratic Party,,https://voter.votewa.gov/elections/voterguide.ashx?e=898&la=en&c=&p=
WA,2026-08-04,Primary,State Representative Pos. 1,Legislative District 14,,ocd-division/country:us/state:wa/sldl:14,Gloria Mendoza,Republican Party,,https://voter.votewa.gov/elections/voterguide.ashx?e=898&la=en&c=&p=
WA,2026-08-04,Primary,State Representative Pos. 1,Legislative District 14,,ocd-division/country:us/state:wa/sldl:14,William Chichenoff,No Party Preference,,https://voter.votewa.gov/elections/voterguide.ashx?e=898&la=en&c=&p=
WA,2026-08-04,Primary,State Representative Pos. 1,Legislative District 15,,ocd-division/country:us/state:wa/sldl:15,Chris Corry,Republican Party,,https://voter.votewa.gov/elections/voterguide.ashx?e=898&la=en&c=&p=
WA,2026-08-04,Primary,State Representative Pos. 1,Legislative District 15,,ocd-division/country:us/state:wa/sldl:15,Jack McEntire,Democratic Party,,https://voter.votewa.gov/elections/voterguide.ashx?e=898&la=en&c=&p=
WA,2026-08-04,Primary,State Representative Pos. 1,Legislative District 16,,ocd-division/country:us/state:wa/sldl:16,Kyle Palmer,Democratic Party,,https://voter.votewa.gov/elections/voterguide.ashx?e=898&la=en&c=&p=
WA,2026-08-04,Primary,State Representative Pos. 1,Legislative District 16,,ocd-division/country:us/state:wa/sldl:16,Mark Klicker,Republican Party,,https://voter.votewa.gov/elections/voterguide.ashx?e=898&la=en&c=&p=
WA,2026-08-04,Primary,State Representative Pos. 1,Legislative District 17,,ocd-division/country:us/state:wa/sldl:17,Ben Christly,Democratic Party,,https://voter.votewa.gov/elections/voterguide.ashx?e=898&la=en&c=&p=
WA,2026-08-04,Primary,State Representative Pos. 1,Legislative District 17,,ocd-division/country:us/state:wa/sldl:17,Kevin Waters,Republican Party,,https://voter.votewa.gov/elections/voterguide.ashx?e=898&la=en&c=&p=
WA,2026-08-04,Primary,State Representative Pos. 1,Legislative District 17,,ocd-division/country:us/state:wa/sldl:17,Thomas Everett Haynes,Pro Gun Liberal Party,,https://voter.votewa.gov/elections/voterguide.ashx?e=898&la=en&c=&p=
WA,2026-08-04,Primary,State Representative Pos. 1,Legislative District 18,,ocd-division/country:us/state:wa/sldl:18,Randi L. Knott,Democratic Party,,https://voter.votewa.gov/elections/voterguide.ashx?e=898&la=en&c=&p=
WA,2026-08-04,Primary,State Representative Pos. 1,Legislative District 18,,ocd-division/country:us/state:wa/sldl:18,Stephanie McClintock,Republican Party,,https://voter.votewa.gov/elections/voterguide.ashx?e=898&la=en&c=&p=
WA,2026-08-04,Primary,State Representative Pos. 1,Legislative District 19,,ocd-division/country:us/state:wa/sldl:19,Jim Walsh,Republican Party,,https://voter.votewa.gov/elections/voterguide.ashx?e=898&la=en&c=&p=
WA,2026-08-04,Primary,State Representative Pos. 1,Legislative District 19,,ocd-division/country:us/state:wa/sldl:19,Kevin Moynihan,Democratic Party,,https://voter.votewa.gov/elections/voterguide.ashx?e=898&la=en&c=&p=
WA,2026-08-04,Primary,State Representative Pos. 1,Legislative District 20,,ocd-division/country:us/state:wa/sldl:20,Andy Zahn,Democratic Party,,https://voter.votewa.gov/elections/voterguide.ashx?e=898&la=en&c=&p=
WA,2026-08-04,Primary,State Representative Pos. 1,Legislative District 20,,ocd-division/country:us/state:wa/sldl:20,Peter Abbarno,Republican Party,,https://voter.votewa.gov/elections/voterguide.ashx?e=898&la=en&c=&p=
WA,2026-08-04,Primary,State Representative Pos. 1,Legislative District 21,,ocd-division/country:us/state:wa/sldl:21,Jason Moon,Democratic Party,,https://voter.votewa.gov/elections/voterguide.ashx?e=898&la=en&c=&p=
WA,2026-08-04,Primary,State Representative Pos. 1,Legislative District 21,,ocd-division/country:us/state:wa/sldl:21,Strom Peterson,Democratic Party,,https://voter.votewa.gov/elections/voterguide.ashx?e=898&la=en&c=&p=
WA,2026-08-04,Primary,State Representative Pos. 1,Legislative District 22,,ocd-division/country:us/state:wa/sldl:22,Beth Doglio,Democratic Party,,https://voter.votewa.gov/elections/voterguide.ashx?e=898&la=en&c=&p=
WA,2026-08-04,Primary,State Representative Pos. 1,Legislative District 22,,ocd-division/country:us/state:wa/sldl:22,Don Hewett,Republican Party,,https://voter.votewa.gov/elections/voterguide.ashx?e=898&la=en&c=&p=
WA,2026-08-04,Primary,State Representative Pos. 1,Legislative District 23,,ocd-division/country:us/state:wa/sldl:23,Daria Ilgen,Democratic Party,,https://voter.votewa.gov/elections/voterguide.ashx?e=898&la=en&c=&p=
WA,2026-08-04,Primary,State Representative Pos. 1,Legislative District 23,,ocd-division/country:us/state:wa/sldl:23,Tarra Simmons,Democratic Party,,https://voter.votewa.gov/elections/voterguide.ashx?e=898&la=en&c=&p=
WA,2026-08-04,Primary,State Representative Pos. 1,Legislative District 24,,ocd-division/country:us/state:wa/sldl:24,Adam Bernbaum,Democratic Party,,https://voter.votewa.gov/elections/voterguide.ashx?e=898&la=en&c=&p=
WA,2026-08-04,Primary,State Representative Pos. 1,Legislative District 24,,ocd-division/country:us/state:wa/sldl:24,Aiden I.R. Hamilton,Republican Party,,https://voter.votewa.gov/elections/voterguide.ashx?e=898&la=en&c=&p=
WA,2026-08-04,Primary,State Representative Pos. 1,Legislative District 24,,ocd-division/country:us/state:wa/sldl:24,Eric W. Pratt,Republican Party,,https://voter.votewa.gov/elections/voterguide.ashx?e=898&la=en&c=&p=
WA,2026-08-04,Primary,State Representative Pos. 1,Legislative District 24,,ocd-division/country:us/state:wa/sldl:24,Ted Bowen,Independent Party,,https://voter.votewa.gov/elections/voterguide.ashx?e=898&la=en&c=&p=
WA,2026-08-04,Primary,State Representative Pos. 1,Legislative District 25,,ocd-division/country:us/state:wa/sldl:25,David Berg,Democratic Party,,https://voter.votewa.gov/elections/voterguide.ashx?e=898&la=en&c=&p=
WA,2026-08-04,Primary,State Representative Pos. 1,Legislative District 25,,ocd-division/country:us/state:wa/sldl:25,Michael Keaton,Republican Party,,https://voter.votewa.gov/elections/voterguide.ashx?e=898&la=en&c=&p=
WA,2026-08-04,Primary,State Representative Pos. 1,Legislative District 25,,ocd-division/country:us/state:wa/sldl:25,Nick Oloo,Democratic Party,,https://voter.votewa.gov/elections/voterguide.ashx?e=898&la=en&c=&p=
WA,2026-08-04,Primary,State Representative Pos. 1,Legislative District 26,,ocd-division/country:us/state:wa/sldl:26,Adison Richards,Democratic Party,,https://voter.votewa.gov/elections/voterguide.ashx?e=898&la=en&c=&p=
WA,2026-08-04,Primary,State Representative Pos. 1,Legislative District 26,,ocd-division/country:us/state:wa/sldl:26,David Olson,Republican Party,,https://voter.votewa.gov/elections/voterguide.ashx?e=898&la=en&c=&p=
WA,2026-08-04,Primary,State Representative Pos. 1,Legislative District 26,,ocd-division/country:us/state:wa/sldl:26,Natalie Bornfleth,Democratic Party,,https://voter.votewa.gov/elections/voterguide.ashx?e=898&la=en&c=&p=
WA,2026-08-04,Primary,State Representative Pos. 1,Legislative District 27,,ocd-division/country:us/state:wa/sldl:27,Carole Sue Braaten,Republican Party,,https://voter.votewa.gov/elections/voterguide.ashx?e=898&la=en&c=&p=
WA,2026-08-04,Primary,State Representative Pos. 1,Legislative District 27,,ocd-division/country:us/state:wa/sldl:27,Laurie Jinkins,Democratic Party,,https://voter.votewa.gov/elections/voterguide.ashx?e=898&la=en&c=&p=
WA,2026-08-04,Primary,State Representative Pos. 1,Legislative District 28,,ocd-division/country:us/state:wa/sldl:28,Kathy Richardson,Republican Party,,https://voter.votewa.gov/elections/voterguide.ashx?e=898&la=en&c=&p=
WA,2026-08-04,Primary,State Representative Pos. 1,Legislative District 28,,ocd-division/country:us/state:wa/sldl:28,Mari Leavitt,Democratic Party,,https://voter.votewa.gov/elections/voterguide.ashx?e=898&la=en&c=&p=
WA,2026-08-04,Primary,State Representative Pos. 1,Legislative District 29,,ocd-division/country:us/state:wa/sldl:29,Krista Perez,Democratic Party,,https://voter.votewa.gov/elections/voterguide.ashx?e=898&la=en&c=&p=
WA,2026-08-04,Primary,State Representative Pos. 1,Legislative District 29,,ocd-division/country:us/state:wa/sldl:29,Melanie Morgan,Democratic Party,,https://voter.votewa.gov/elections/voterguide.ashx?e=898&la=en&c=&p=
WA,2026-08-04,Primary,State Representative Pos. 1,Legislative District 30,,ocd-division/country:us/state:wa/sldl:30,Jamila E. Taylor,Democratic Party,,https://voter.votewa.gov/elections/voterguide.ashx?e=898&la=en&c=&p=
WA,2026-08-04,Primary,State Representative Pos. 1,Legislative District 30,,ocd-division/country:us/state:wa/sldl:30,Tiffany Bowyer,Republican Party,,https://voter.votewa.gov/elections/voterguide.ashx?e=898&la=en&c=&p=
WA,2026-08-04,Primary,State Representative Pos. 1,Legislative District 31,,ocd-division/country:us/state:wa/sldl:31,Drew Stokesbary,Republican Party,,https://voter.votewa.gov/elections/voterguide.ashx?e=898&la=en&c=&p=
WA,2026-08-04,Primary,State Representative Pos. 1,Legislative District 31,,ocd-division/country:us/state:wa/sldl:31,Stephen Szczurko-Walton,Democratic Party,,https://voter.votewa.gov/elections/voterguide.ashx?e=898&la=en&c=&p=
WA,2026-08-04,Primary,State Representative Pos. 1,Legislative District 32,,ocd-division/country:us/state:wa/sldl:32,Chris Bloomquist,Democratic Party,,https://voter.votewa.gov/elections/voterguide.ashx?e=898&la=en&c=&p=
WA,2026-08-04,Primary,State Representative Pos. 1,Legislative District 32,,ocd-division/country:us/state:wa/sldl:32,Danica Noble,Democratic Party,,https://voter.votewa.gov/elections/voterguide.ashx?e=898&la=en&c=&p=
WA,2026-08-04,Primary,State Representative Pos. 1,Legislative District 32,,ocd-division/country:us/state:wa/sldl:32,Jenna Nand,Democratic Party,,https://voter.votewa.gov/elections/voterguide.ashx?e=898&la=en&c=&p=
WA,2026-08-04,Primary,State Representative Pos. 1,Legislative District 32,,ocd-division/country:us/state:wa/sldl:32,Keith Scully,Democratic Party,,https://voter.votewa.gov/elections/voterguide.ashx?e=898&la=en&c=&p=
WA,2026-08-04,Primary,State Representative Pos. 1,Legislative District 32,,ocd-division/country:us/state:wa/sldl:32,Lisa Rezac,Republican Party,,https://voter.votewa.gov/elections/voterguide.ashx?e=898&la=en&c=&p=
WA,2026-08-04,Primary,State Representative Pos. 1,Legislative District 32,,ocd-division/country:us/state:wa/sldl:32,Will Chen,Democratic Party,,https://voter.votewa.gov/elections/voterguide.ashx?e=898&la=en&c=&p=
WA,2026-08-04,Primary,State Representative Pos. 1,Legislative District 33,,ocd-division/country:us/state:wa/sldl:33,Chris Martinez,Republican Party,,https://voter.votewa.gov/elections/voterguide.ashx?e=898&la=en&c=&p=
WA,2026-08-04,Primary,State Representative Pos. 1,Legislative District 33,,ocd-division/country:us/state:wa/sldl:33,Darryl K. Jones,Republican Party,,https://voter.votewa.gov/elections/voterguide.ashx?e=898&la=en&c=&p=
WA,2026-08-04,Primary,State Representative Pos. 1,Legislative District 33,,ocd-division/country:us/state:wa/sldl:33,Edwin Obras,Democratic Party,,https://voter.votewa.gov/elections/voterguide.ashx?e=898&la=en&c=&p=
WA,2026-08-04,Primary,State Representative Pos. 1,Legislative District 34,,ocd-division/country:us/state:wa/sldl:34,Brianna K. Thomas,Democratic Party,,https://voter.votewa.gov/elections/voterguide.ashx?e=898&la=en&c=&p=
WA,2026-08-04,Primary,State Representative Pos. 1,Legislative District 35,,ocd-division/country:us/state:wa/sldl:35,Dan Griffey,Republican Party,,https://voter.votewa.gov/elections/voterguide.ashx?e=898&la=en&c=&p=
WA,2026-08-04,Primary,State Representative Pos. 1,Legislative District 35,,ocd-division/country:us/state:wa/sldl:35,Jim Pierson,Democratic Party,,https://voter.votewa.gov/elections/voterguide.ashx?e=898&la=en&c=&p=
WA,2026-08-04,Primary,State Representative Pos. 1,Legislative District 35,,ocd-division/country:us/state:wa/sldl:35,Shaena Garberich,Democratic Party,,https://voter.votewa.gov/elections/voterguide.ashx?e=898&la=en&c=&p=
WA,2026-08-04,Primary,State Representative Pos. 1,Legislative District 36,,ocd-division/country:us/state:wa/sldl:36,Julia Grant Reed,Democratic Party,,https://voter.votewa.gov/elections/voterguide.ashx?e=898&la=en&c=&p=
WA,2026-08-04,Primary,State Representative Pos. 1,Legislative District 37,,ocd-division/country:us/state:wa/sldl:37,Kelabe Tewolde,Democratic Party,,https://voter.votewa.gov/elections/voterguide.ashx?e=898&la=en&c=&p=
WA,2026-08-04,Primary,State Representative Pos. 1,Legislative District 37,,ocd-division/country:us/state:wa/sldl:37,Sharon Tomiko Santos,Democratic Party,,https://voter.votewa.gov/elections/voterguide.ashx?e=898&la=en&c=&p=
WA,2026-08-04,Primary,State Representative Pos. 1,Legislative District 38,,ocd-division/country:us/state:wa/sldl:38,Annie Fitzgerald,Democratic Party,,https://voter.votewa.gov/elections/voterguide.ashx?e=898&la=en&c=&p=
WA,2026-08-04,Primary,State Representative Pos. 1,Legislative District 38,,ocd-division/country:us/state:wa/sldl:38,Julio Cortes,Democratic Party,,https://voter.votewa.gov/elections/voterguide.ashx?e=898&la=en&c=&p=
WA,2026-08-04,Primary,State Representative Pos. 1,Legislative District 38,,ocd-division/country:us/state:wa/sldl:38,Thomas (Jeff) Kelly,Cascade Party,,https://voter.votewa.gov/elections/voterguide.ashx?e=898&la=en&c=&p=
WA,2026-08-04,Primary,State Representative Pos. 1,Legislative District 39,,ocd-division/country:us/state:wa/sldl:39,Dusty Wisniew,Republican Party,,https://voter.votewa.gov/elections/voterguide.ashx?e=898&la=en&c=&p=
WA,2026-08-04,Primary,State Representative Pos. 1,Legislative District 39,,ocd-division/country:us/state:wa/sldl:39,Kathryn Lewandowsky,Democratic Party,,https://voter.votewa.gov/elections/voterguide.ashx?e=898&la=en&c=&p=
WA,2026-08-04,Primary,State Representative Pos. 1,Legislative District 39,,ocd-division/country:us/state:wa/sldl:39,Sam Low,Republican Party,,https://voter.votewa.gov/elections/voterguide.ashx?e=898&la=en&c=&p=
WA,2026-08-04,Primary,State Representative Pos. 1,Legislative District 40,,ocd-division/country:us/state:wa/sldl:40,Cindy Carter,Republican Party,,https://voter.votewa.gov/elections/voterguide.ashx?e=898&la=en&c=&p=
WA,2026-08-04,Primary,State Representative Pos. 1,Legislative District 40,,ocd-division/country:us/state:wa/sldl:40,Debra Lekanoff,Democratic Party,,https://voter.votewa.gov/elections/voterguide.ashx?e=898&la=en&c=&p=
WA,2026-08-04,Primary,State Representative Pos. 1,Legislative District 41,,ocd-division/country:us/state:wa/sldl:41,Alex Tsimerman,Standup-America Party,,https://voter.votewa.gov/elections/voterguide.ashx?e=898&la=en&c=&p=
WA,2026-08-04,Primary,State Representative Pos. 1,Legislative District 41,,ocd-division/country:us/state:wa/sldl:41,Elle Nguyen,Republican Party,,https://voter.votewa.gov/elections/voterguide.ashx?e=898&la=en&c=&p=
WA,2026-08-04,Primary,State Representative Pos. 1,Legislative District 41,,ocd-division/country:us/state:wa/sldl:41,Janice Zahn,Democratic Party,,https://voter.votewa.gov/elections/voterguide.ashx?e=898&la=en&c=&p=
WA,2026-08-04,Primary,State Representative Pos. 1,Legislative District 42,,ocd-division/country:us/state:wa/sldl:42,Alicia Rule,Democratic Party,,https://voter.votewa.gov/elections/voterguide.ashx?e=898&la=en&c=&p=
WA,2026-08-04,Primary,State Representative Pos. 1,Legislative District 42,,ocd-division/country:us/state:wa/sldl:42,Misty Flowers,Republican Party,,https://voter.votewa.gov/elections/voterguide.ashx?e=898&la=en&c=&p=
WA,2026-08-04,Primary,State Representative Pos. 1,Legislative District 43,,ocd-division/country:us/state:wa/sldl:43,Alby Clendennin,Democratic Party,,https://voter.votewa.gov/elections/voterguide.ashx?e=898&la=en&c=&p=
WA,2026-08-04,Primary,State Representative Pos. 1,Legislative District 43,,ocd-division/country:us/state:wa/sldl:43,Nicole Macri,Democratic Party,,https://voter.votewa.gov/elections/voterguide.ashx?e=898&la=en&c=&p=
WA,2026-08-04,Primary,State Representative Pos. 1,Legislative District 44,,ocd-division/country:us/state:wa/sldl:44,Brandy Donaghy,Democratic Party,,https://voter.votewa.gov/elections/voterguide.ashx?e=898&la=en&c=&p=
WA,2026-08-04,Primary,State Representative Pos. 1,Legislative District 44,,ocd-division/country:us/state:wa/sldl:44,Chris Elder,Republican Party,,https://voter.votewa.gov/elections/voterguide.ashx?e=898&la=en&c=&p=
WA,2026-08-04,Primary,State Representative Pos. 1,Legislative District 45,,ocd-division/country:us/state:wa/sldl:45,JoAnn Tolentino,Republican Party,,https://voter.votewa.gov/elections/voterguide.ashx?e=898&la=en&c=&p=
WA,2026-08-04,Primary,State Representative Pos. 1,Legislative District 45,,ocd-division/country:us/state:wa/sldl:45,Roger Goodman,Democratic Party,,https://voter.votewa.gov/elections/voterguide.ashx?e=898&la=en&c=&p=
WA,2026-08-04,Primary,State Representative Pos. 1,Legislative District 46,,ocd-division/country:us/state:wa/sldl:46,Gerry Pollet,Democratic Party,,https://voter.votewa.gov/elections/voterguide.ashx?e=898&la=en&c=&p=
WA,2026-08-04,Primary,State Representative Pos. 1,Legislative District 46,,ocd-division/country:us/state:wa/sldl:46,Ron Davis,Democratic Party,,https://voter.votewa.gov/elections/voterguide.ashx?e=898&la=en&c=&p=
WA,2026-08-04,Primary,State Representative Pos. 1,Legislative District 46,,ocd-division/country:us/state:wa/sldl:46,Will Dreher,Democratic Party,,https://voter.votewa.gov/elections/voterguide.ashx?e=898&la=en&c=&p=
WA,2026-08-04,Primary,State Representative Pos. 1,Legislative District 47,,ocd-division/country:us/state:wa/sldl:47,Cobi Clark,Libertarian Party,,https://voter.votewa.gov/elections/voterguide.ashx?e=898&la=en&c=&p=
WA,2026-08-04,Primary,State Representative Pos. 1,Legislative District 47,,ocd-division/country:us/state:wa/sldl:47,Debra Jean Entenman,Democratic Party,,https://voter.votewa.gov/elections/voterguide.ashx?e=898&la=en&c=&p=
WA,2026-08-04,Primary,State Representative Pos. 1,Legislative District 47,,ocd-division/country:us/state:wa/sldl:47,Jasnoor Kaur Hans,Democratic Party,,https://voter.votewa.gov/elections/voterguide.ashx?e=898&la=en&c=&p=
WA,2026-08-04,Primary,State Representative Pos. 1,Legislative District 47,,ocd-division/country:us/state:wa/sldl:47,Logan Evans,Cascade Democrat Party,,https://voter.votewa.gov/elections/voterguide.ashx?e=898&la=en&c=&p=
WA,2026-08-04,Primary,State Representative Pos. 1,Legislative District 48,,ocd-division/country:us/state:wa/sldl:48,Jeffery Poppe,Republican Party,,https://voter.votewa.gov/elections/voterguide.ashx?e=898&la=en&c=&p=
WA,2026-08-04,Primary,State Representative Pos. 1,Legislative District 48,,ocd-division/country:us/state:wa/sldl:48,Osman Salahuddin,Democratic Party,,https://voter.votewa.gov/elections/voterguide.ashx?e=898&la=en&c=&p=
WA,2026-08-04,Primary,State Representative Pos. 1,Legislative District 49,,ocd-division/country:us/state:wa/sldl:49,Kim D. Harless,Democratic Party,,https://voter.votewa.gov/elections/voterguide.ashx?e=898&la=en&c=&p=
WA,2026-08-04,Primary,State Representative Pos. 1,Legislative District 49,,ocd-division/country:us/state:wa/sldl:49,Mike Pond,Democratic Party,,https://voter.votewa.gov/elections/voterguide.ashx?e=898&la=en&c=&p=
WA,2026-08-04,Primary,State Representative Pos. 1,Legislative District 49,,ocd-division/country:us/state:wa/sldl:49,Sarah Mittelman,Republican Party,,https://voter.votewa.gov/elections/voterguide.ashx?e=898&la=en&c=&p=
WA,2026-08-04,Primary,State Representative Pos. 2,Legislative District 1,,ocd-division/country:us/state:wa/sldl:1,Cliff Moon,Republican Party,,https://voter.votewa.gov/elections/voterguide.ashx?e=898&la=en&c=&p=
WA,2026-08-04,Primary,State Representative Pos. 2,Legislative District 1,,ocd-division/country:us/state:wa/sldl:1,Jeff Lyon,Libertarian Party,,https://voter.votewa.gov/elections/voterguide.ashx?e=898&la=en&c=&p=
WA,2026-08-04,Primary,State Representative Pos. 2,Legislative District 1,,ocd-division/country:us/state:wa/sldl:1,Jenne Alderks,Democratic Party,,https://voter.votewa.gov/elections/voterguide.ashx?e=898&la=en&c=&p=
WA,2026-08-04,Primary,State Representative Pos. 2,Legislative District 1,,ocd-division/country:us/state:wa/sldl:1,Shelley Kloba,Democratic Party,,https://voter.votewa.gov/elections/voterguide.ashx?e=898&la=en&c=&p=
WA,2026-08-04,Primary,State Representative Pos. 2,Legislative District 2,,ocd-division/country:us/state:wa/sldl:2,Angela Taylor,Democratic Party,,https://voter.votewa.gov/elections/voterguide.ashx?e=898&la=en&c=&p=
WA,2026-08-04,Primary,State Representative Pos. 2,Legislative District 2,,ocd-division/country:us/state:wa/sldl:2,Martin L Miller,Democratic Party,,https://voter.votewa.gov/elections/voterguide.ashx?e=898&la=en&c=&p=
WA,2026-08-04,Primary,State Representative Pos. 2,Legislative District 2,,ocd-division/country:us/state:wa/sldl:2,Matt Marshall,Republican Party,,https://voter.votewa.gov/elections/voterguide.ashx?e=898&la=en&c=&p=
WA,2026-08-04,Primary,State Representative Pos. 2,Legislative District 3,,ocd-division/country:us/state:wa/sldl:3,Donovan Arnold DeLeon,Democratic Party,,https://voter.votewa.gov/elections/voterguide.ashx?e=898&la=en&c=&p=
WA,2026-08-04,Primary,State Representative Pos. 2,Legislative District 3,,ocd-division/country:us/state:wa/sldl:3,Luc Jasmin III,Democratic Party,,https://voter.votewa.gov/elections/voterguide.ashx?e=898&la=en&c=&p=
WA,2026-08-04,Primary,State Representative Pos. 2,Legislative District 3,,ocd-division/country:us/state:wa/sldl:3,Natalie Poulson,Republican Party,,https://voter.votewa.gov/elections/voterguide.ashx?e=898&la=en&c=&p=
WA,2026-08-04,Primary,State Representative Pos. 2,Legislative District 3,,ocd-division/country:us/state:wa/sldl:3,Pam Kohlmeier,Democratic Party,,https://voter.votewa.gov/elections/voterguide.ashx?e=898&la=en&c=&p=
WA,2026-08-04,Primary,State Representative Pos. 2,Legislative District 4,,ocd-division/country:us/state:wa/sldl:4,Bob Curtis,Republican Party,,https://voter.votewa.gov/elections/voterguide.ashx?e=898&la=en&c=&p=
WA,2026-08-04,Primary,State Representative Pos. 2,Legislative District 4,,ocd-division/country:us/state:wa/sldl:4,Rob Chase,Republican Party,,https://voter.votewa.gov/elections/voterguide.ashx?e=898&la=en&c=&p=
WA,2026-08-04,Primary,State Representative Pos. 2,Legislative District 4,,ocd-division/country:us/state:wa/sldl:4,Rob Tupper,Democratic Party,,https://voter.votewa.gov/elections/voterguide.ashx?e=898&la=en&c=&p=
WA,2026-08-04,Primary,State Representative Pos. 2,Legislative District 5,,ocd-division/country:us/state:wa/sldl:5,Lisa Callan,Democratic Party,,https://voter.votewa.gov/elections/voterguide.ashx?e=898&la=en&c=&p=
WA,2026-08-04,Primary,State Representative Pos. 2,Legislative District 5,,ocd-division/country:us/state:wa/sldl:5,Patrick Peacock,Republican Party,,https://voter.votewa.gov/elections/voterguide.ashx?e=898&la=en&c=&p=
WA,2026-08-04,Primary,State Representative Pos. 2,Legislative District 6,,ocd-division/country:us/state:wa/sldl:6,Aaron M. Croft,Independent Party,,https://voter.votewa.gov/elections/voterguide.ashx?e=898&la=en&c=&p=
WA,2026-08-04,Primary,State Representative Pos. 2,Legislative District 6,,ocd-division/country:us/state:wa/sldl:6,Jonathan Bingle,Republican Party,,https://voter.votewa.gov/elections/voterguide.ashx?e=898&la=en&c=&p=
WA,2026-08-04,Primary,State Representative Pos. 2,Legislative District 6,,ocd-division/country:us/state:wa/sldl:6,Julia Payne,Democratic Party,,https://voter.votewa.gov/elections/voterguide.ashx?e=898&la=en&c=&p=
WA,2026-08-04,Primary,State Representative Pos. 2,Legislative District 7,,ocd-division/country:us/state:wa/sldl:7,Hunter Abell,Republican Party,,https://voter.votewa.gov/elections/voterguide.ashx?e=898&la=en&c=&p=
WA,2026-08-04,Primary,State Representative Pos. 2,Legislative District 8,,ocd-division/country:us/state:wa/sldl:8,April Connors,Republican Party,,https://voter.votewa.gov/elections/voterguide.ashx?e=898&la=en&c=&p=
WA,2026-08-04,Primary,State Representative Pos. 2,Legislative District 9,,ocd-division/country:us/state:wa/sldl:9,Joe Schmick,Republican Party,,https://voter.votewa.gov/elections/voterguide.ashx?e=898&la=en&c=&p=
WA,2026-08-04,Primary,State Representative Pos. 2,Legislative District 9,,ocd-division/country:us/state:wa/sldl:9,Karina Wallace,Democratic Party,,https://voter.votewa.gov/elections/voterguide.ashx?e=898&la=en&c=&p=
WA,2026-08-04,Primary,State Representative Pos. 2,Legislative District 10,,ocd-division/country:us/state:wa/sldl:10,Carrie R. Kennedy,Republican Party,,https://voter.votewa.gov/elections/voterguide.ashx?e=898&la=en&c=&p=
WA,2026-08-04,Primary,State Representative Pos. 2,Legislative District 10,,ocd-division/country:us/state:wa/sldl:10,Dave Paul,Democratic Party,,https://voter.votewa.gov/elections/voterguide.ashx?e=898&la=en&c=&p=
WA,2026-08-04,Primary,State Representative Pos. 2,Legislative District 10,,ocd-division/country:us/state:wa/sldl:10,Tim Hazelo,Republican Party,,https://voter.votewa.gov/elections/voterguide.ashx?e=898&la=en&c=&p=
WA,2026-08-04,Primary,State Representative Pos. 2,Legislative District 11,,ocd-division/country:us/state:wa/sldl:11,Steve Bergquist,Democratic Party,,https://voter.votewa.gov/elections/voterguide.ashx?e=898&la=en&c=&p=
WA,2026-08-04,Primary,State Representative Pos. 2,Legislative District 12,,ocd-division/country:us/state:wa/sldl:12,Adam James,Republican Party,,https://voter.votewa.gov/elections/voterguide.ashx?e=898&la=en&c=&p=
WA,2026-08-04,Primary,State Representative Pos. 2,Legislative District 12,,ocd-division/country:us/state:wa/sldl:12,Maggie Adams,Democratic Party,,https://voter.votewa.gov/elections/voterguide.ashx?e=898&la=en&c=&p=
WA,2026-08-04,Primary,State Representative Pos. 2,Legislative District 12,,ocd-division/country:us/state:wa/sldl:12,Mike Steele,Republican Party,,https://voter.votewa.gov/elections/voterguide.ashx?e=898&la=en&c=&p=
WA,2026-08-04,Primary,State Representative Pos. 2,Legislative District 13,,ocd-division/country:us/state:wa/sldl:13,Deanna Martinez,Republican Party,,https://voter.votewa.gov/elections/voterguide.ashx?e=898&la=en&c=&p=
WA,2026-08-04,Primary,State Representative Pos. 2,Legislative District 13,,ocd-division/country:us/state:wa/sldl:13,Don Myers,Republican Party,,https://voter.votewa.gov/elections/voterguide.ashx?e=898&la=en&c=&p=
WA,2026-08-04,Primary,State Representative Pos. 2,Legislative District 13,,ocd-division/country:us/state:wa/sldl:13,Joshua Thompson,Republican Party,,https://voter.votewa.gov/elections/voterguide.ashx?e=898&la=en&c=&p=
WA,2026-08-04,Primary,State Representative Pos. 2,Legislative District 14,,ocd-division/country:us/state:wa/sldl:14,Deb Manjarrez,Republican Party,,https://voter.votewa.gov/elections/voterguide.ashx?e=898&la=en&c=&p=
WA,2026-08-04,Primary,State Representative Pos. 2,Legislative District 14,,ocd-division/country:us/state:wa/sldl:14,Ezequiel Morfin,Democratic Party,,https://voter.votewa.gov/elections/voterguide.ashx?e=898&la=en&c=&p=
WA,2026-08-04,Primary,State Representative Pos. 2,Legislative District 14,,ocd-division/country:us/state:wa/sldl:14,Tony G Sandoval,Democrat Party,,https://voter.votewa.gov/elections/voterguide.ashx?e=898&la=en&c=&p=
WA,2026-08-04,Primary,State Representative Pos. 2,Legislative District 15,,ocd-division/country:us/state:wa/sldl:15,Chase Foster,Republican Party,,https://voter.votewa.gov/elections/voterguide.ashx?e=898&la=en&c=&p=
WA,2026-08-04,Primary,State Representative Pos. 2,Legislative District 15,,ocd-division/country:us/state:wa/sldl:15,Liz Hallock,No Kings Party,,https://voter.votewa.gov/elections/voterguide.ashx?e=898&la=en&c=&p=
WA,2026-08-04,Primary,State Representative Pos. 2,Legislative District 15,,ocd-division/country:us/state:wa/sldl:15,Reedy Berg,Republican Party,,https://voter.votewa.gov/elections/voterguide.ashx?e=898&la=en&c=&p=
WA,2026-08-04,Primary,State Representative Pos. 2,Legislative District 16,,ocd-division/country:us/state:wa/sldl:16,Derek Sarley,Democratic Party,,https://voter.votewa.gov/elections/voterguide.ashx?e=898&la=en&c=&p=
WA,2026-08-04,Primary,State Representative Pos. 2,Legislative District 16,,ocd-division/country:us/state:wa/sldl:16,Skyler Rude,Republican Party,,https://voter.votewa.gov/elections/voterguide.ashx?e=898&la=en&c=&p=
WA,2026-08-04,Primary,State Representative Pos. 2,Legislative District 17,,ocd-division/country:us/state:wa/sldl:17,David Stuebe,Republican Party,,https://voter.votewa.gov/elections/voterguide.ashx?e=898&la=en&c=&p=
WA,2026-08-04,Primary,State Representative Pos. 2,Legislative District 17,,ocd-division/country:us/state:wa/sldl:17,Diana H. Perez,Democratic Party,,https://voter.votewa.gov/elections/voterguide.ashx?e=898&la=en&c=&p=
WA,2026-08-04,Primary,State Representative Pos. 2,Legislative District 18,,ocd-division/country:us/state:wa/sldl:18,Deken Letinich,Democratic Party,,https://voter.votewa.gov/elections/voterguide.ashx?e=898&la=en&c=&p=
WA,2026-08-04,Primary,State Representative Pos. 2,Legislative District 18,,ocd-division/country:us/state:wa/sldl:18,John Ley,Republican Party,,https://voter.votewa.gov/elections/voterguide.ashx?e=898&la=en&c=&p=
WA,2026-08-04,Primary,State Representative Pos. 2,Legislative District 19,,ocd-division/country:us/state:wa/sldl:19,Daniel William Bradley,Republican Party,,https://voter.votewa.gov/elections/voterguide.ashx?e=898&la=en&c=&p=
WA,2026-08-04,Primary,State Representative Pos. 2,Legislative District 19,,ocd-division/country:us/state:wa/sldl:19,Jimi O'Hagan,Republican Party,,https://voter.votewa.gov/elections/voterguide.ashx?e=898&la=en&c=&p=
WA,2026-08-04,Primary,State Representative Pos. 2,Legislative District 19,,ocd-division/country:us/state:wa/sldl:19,Joel McEntire,Republican Party,,https://voter.votewa.gov/elections/voterguide.ashx?e=898&la=en&c=&p=
WA,2026-08-04,Primary,State Representative Pos. 2,Legislative District 19,,ocd-division/country:us/state:wa/sldl:19,Terry Carlson,Democratic Party,,https://voter.votewa.gov/elections/voterguide.ashx?e=898&la=en&c=&p=
WA,2026-08-04,Primary,State Representative Pos. 2,Legislative District 20,,ocd-division/country:us/state:wa/sldl:20,Ed Orcutt,Republican Party,,https://voter.votewa.gov/elections/voterguide.ashx?e=898&la=en&c=&p=
WA,2026-08-04,Primary,State Representative Pos. 2,Legislative District 20,,ocd-division/country:us/state:wa/sldl:20,Evan Jones,Democratic Party,,https://voter.votewa.gov/elections/voterguide.ashx?e=898&la=en&c=&p=
WA,2026-08-04,Primary,State Representative Pos. 2,Legislative District 21,,ocd-division/country:us/state:wa/sldl:21,Bruce Guthrie,Libertarian Party,,https://voter.votewa.gov/elections/voterguide.ashx?e=898&la=en&c=&p=
WA,2026-08-04,Primary,State Representative Pos. 2,Legislative District 21,,ocd-division/country:us/state:wa/sldl:21,Lillian Ortiz-Self,Democratic Party,,https://voter.votewa.gov/elections/voterguide.ashx?e=898&la=en&c=&p=
WA,2026-08-04,Primary,State Representative Pos. 2,Legislative District 22,,ocd-division/country:us/state:wa/sldl:22,Jamie Keenan-deVargas,Democratic Party,,https://voter.votewa.gov/elections/voterguide.ashx?e=898&la=en&c=&p=
WA,2026-08-04,Primary,State Representative Pos. 2,Legislative District 22,,ocd-division/country:us/state:wa/sldl:22,Lisa Parshley,Democratic Party,,https://voter.votewa.gov/elections/voterguide.ashx?e=898&la=en&c=&p=
WA,2026-08-04,Primary,State Representative Pos. 2,Legislative District 23,,ocd-division/country:us/state:wa/sldl:23,Greg Nance,Democratic Party,,https://voter.votewa.gov/elections/voterguide.ashx?e=898&la=en&c=&p=
WA,2026-08-04,Primary,State Representative Pos. 2,Legislative District 23,,ocd-division/country:us/state:wa/sldl:23,Kristin Lillegard,Democratic Party,,https://voter.votewa.gov/elections/voterguide.ashx?e=898&la=en&c=&p=
WA,2026-08-04,Primary,State Representative Pos. 2,Legislative District 23,,ocd-division/country:us/state:wa/sldl:23,Lance Byrd,Republican Party,,https://voter.votewa.gov/elections/voterguide.ashx?e=898&la=en&c=&p=
WA,2026-08-04,Primary,State Representative Pos. 2,Legislative District 24,,ocd-division/country:us/state:wa/sldl:24,Bradley Nemo Callaway,Democratic Party,,https://voter.votewa.gov/elections/voterguide.ashx?e=898&la=en&c=&p=
WA,2026-08-04,Primary,State Representative Pos. 2,Legislative District 24,,ocd-division/country:us/state:wa/sldl:24,Kaylee Kuehn,Democratic Party,,https://voter.votewa.gov/elections/voterguide.ashx?e=898&la=en&c=&p=
WA,2026-08-04,Primary,State Representative Pos. 2,Legislative District 24,,ocd-division/country:us/state:wa/sldl:24,Marcia Kelbon,No Party Preference,,https://voter.votewa.gov/elections/voterguide.ashx?e=898&la=en&c=&p=
WA,2026-08-04,Primary,State Representative Pos. 2,Legislative District 24,,ocd-division/country:us/state:wa/sldl:24,Mark Hodgson,Democratic Party,,https://voter.votewa.gov/elections/voterguide.ashx?e=898&la=en&c=&p=
WA,2026-08-04,Primary,State Representative Pos. 2,Legislative District 24,,ocd-division/country:us/state:wa/sldl:24,Patrick DePoe,Democratic Party,,https://voter.votewa.gov/elections/voterguide.ashx?e=898&la=en&c=&p=
WA,2026-08-04,Primary,State Representative Pos. 2,Legislative District 25,,ocd-division/country:us/state:wa/sldl:25,Cyndy Jacobsen,Republican Party,,https://voter.votewa.gov/elections/voterguide.ashx?e=898&la=en&c=&p=
WA,2026-08-04,Primary,State Representative Pos. 2,Legislative District 25,,ocd-division/country:us/state:wa/sldl:25,Jenn Marie Strickling,Democratic Party,,https://voter.votewa.gov/elections/voterguide.ashx?e=898&la=en&c=&p=
WA,2026-08-04,Primary,State Representative Pos. 2,Legislative District 25,,ocd-division/country:us/state:wa/sldl:25,Ren Fanony,Republican Party,,https://voter.votewa.gov/elections/voterguide.ashx?e=898&la=en&c=&p=
WA,2026-08-04,Primary,State Representative Pos. 2,Legislative District 26,,ocd-division/country:us/state:wa/sldl:26,Katy Cornell,Republican Party,,https://voter.votewa.gov/elections/voterguide.ashx?e=898&la=en&c=&p=
WA,2026-08-04,Primary,State Representative Pos. 2,Legislative District 26,,ocd-division/country:us/state:wa/sldl:26,Randy Phillips,No Party Preference,,https://voter.votewa.gov/elections/voterguide.ashx?e=898&la=en&c=&p=
WA,2026-08-04,Primary,State Representative Pos. 2,Legislative District 26,,ocd-division/country:us/state:wa/sldl:26,Renee Hernandez Greenfield,Democratic Party,,https://voter.votewa.gov/elections/voterguide.ashx?e=898&la=en&c=&p=
WA,2026-08-04,Primary,State Representative Pos. 2,Legislative District 26,,ocd-division/country:us/state:wa/sldl:26,Tedd Wetherbee,Democratic Party,,https://voter.votewa.gov/elections/voterguide.ashx?e=898&la=en&c=&p=
WA,2026-08-04,Primary,State Representative Pos. 2,Legislative District 27,,ocd-division/country:us/state:wa/sldl:27,Jake Fey,Democratic Party,,https://voter.votewa.gov/elections/voterguide.ashx?e=898&la=en&c=&p=
WA,2026-08-04,Primary,State Representative Pos. 2,Legislative District 28,,ocd-division/country:us/state:wa/sldl:28,Dan Bronoske,Democratic Party,,https://voter.votewa.gov/elections/voterguide.ashx?e=898&la=en&c=&p=
WA,2026-08-04,Primary,State Representative Pos. 2,Legislative District 29,,ocd-division/country:us/state:wa/sldl:29,Darek Blum,Republican Party,,https://voter.votewa.gov/elections/voterguide.ashx?e=898&la=en&c=&p=
WA,2026-08-04,Primary,State Representative Pos. 2,Legislative District 29,,ocd-division/country:us/state:wa/sldl:29,Erin Chapman-Smith,Democratic Party,,https://voter.votewa.gov/elections/voterguide.ashx?e=898&la=en&c=&p=
WA,2026-08-04,Primary,State Representative Pos. 2,Legislative District 29,,ocd-division/country:us/state:wa/sldl:29,Joe Bushnell,Democratic Party,,https://voter.votewa.gov/elections/voterguide.ashx?e=898&la=en&c=&p=
WA,2026-08-04,Primary,State Representative Pos. 2,Legislative District 29,,ocd-division/country:us/state:wa/sldl:29,Natasha Laitila,Democratic Party,,https://voter.votewa.gov/elections/voterguide.ashx?e=898&la=en&c=&p=
WA,2026-08-04,Primary,State Representative Pos. 2,Legislative District 29,,ocd-division/country:us/state:wa/sldl:29,Patrick Stickney,Democratic Party,,https://voter.votewa.gov/elections/voterguide.ashx?e=898&la=en&c=&p=
WA,2026-08-04,Primary,State Representative Pos. 2,Legislative District 29,,ocd-division/country:us/state:wa/sldl:29,Sheri Hayes,Republican Party,,https://voter.votewa.gov/elections/voterguide.ashx?e=898&la=en&c=&p=
WA,2026-08-04,Primary,State Representative Pos. 2,Legislative District 30,,ocd-division/country:us/state:wa/sldl:30,Kristine Reeves,Democratic Party,,https://voter.votewa.gov/elections/voterguide.ashx?e=898&la=en&c=&p=
WA,2026-08-04,Primary,State Representative Pos. 2,Legislative District 30,,ocd-division/country:us/state:wa/sldl:30,Paul McDaniel,Independent Party,,https://voter.votewa.gov/elections/voterguide.ashx?e=898&la=en&c=&p=
WA,2026-08-04,Primary,State Representative Pos. 2,Legislative District 31,,ocd-division/country:us/state:wa/sldl:31,John Bielka,Democrat Party,,https://voter.votewa.gov/elections/voterguide.ashx?e=898&la=en&c=&p=
WA,2026-08-04,Primary,State Representative Pos. 2,Legislative District 31,,ocd-division/country:us/state:wa/sldl:31,Joshua Penner,Republican Party,,https://voter.votewa.gov/elections/voterguide.ashx?e=898&la=en&c=&p=
WA,2026-08-04,Primary,State Representative Pos. 2,Legislative District 32,,ocd-division/country:us/state:wa/sldl:32,Imraan Siddiqi,Democratic Party,,https://voter.votewa.gov/elections/voterguide.ashx?e=898&la=en&c=&p=
WA,2026-08-04,Primary,State Representative Pos. 2,Legislative District 32,,ocd-division/country:us/state:wa/sldl:32,Lauren Davis,Democratic Party,,https://voter.votewa.gov/elections/voterguide.ashx?e=898&la=en&c=&p=
WA,2026-08-04,Primary,State Representative Pos. 2,Legislative District 33,,ocd-division/country:us/state:wa/sldl:33,Alex Andrade,Democratic Party,,https://voter.votewa.gov/elections/voterguide.ashx?e=898&la=en&c=&p=
WA,2026-08-04,Primary,State Representative Pos. 2,Legislative District 33,,ocd-division/country:us/state:wa/sldl:33,Mia Su-Ling Gregerson,Democratic Party,,https://voter.votewa.gov/elections/voterguide.ashx?e=898&la=en&c=&p=
WA,2026-08-04,Primary,State Representative Pos. 2,Legislative District 33,,ocd-division/country:us/state:wa/sldl:33,Yuri Marinchik,Republican Party,,https://voter.votewa.gov/elections/voterguide.ashx?e=898&la=en&c=&p=
WA,2026-08-04,Primary,State Representative Pos. 2,Legislative District 34,,ocd-division/country:us/state:wa/sldl:34,Joe Fitzgibbon,Democratic Party,,https://voter.votewa.gov/elections/voterguide.ashx?e=898&la=en&c=&p=
WA,2026-08-04,Primary,State Representative Pos. 2,Legislative District 34,,ocd-division/country:us/state:wa/sldl:34,Mary Anito,Democratic Party,,https://voter.votewa.gov/elections/voterguide.ashx?e=898&la=en&c=&p=
WA,2026-08-04,Primary,State Representative Pos. 2,Legislative District 35,,ocd-division/country:us/state:wa/sldl:35,Maria Littlesun,Democratic Party,,https://voter.votewa.gov/elections/voterguide.ashx?e=898&la=en&c=&p=
WA,2026-08-04,Primary,State Representative Pos. 2,Legislative District 35,,ocd-division/country:us/state:wa/sldl:35,Travis Couture,Republican Party,,https://voter.votewa.gov/elections/voterguide.ashx?e=898&la=en&c=&p=
WA,2026-08-04,Primary,State Representative Pos. 2,Legislative District 36,,ocd-division/country:us/state:wa/sldl:36,Liz Berry,Democratic Party,,https://voter.votewa.gov/elections/voterguide.ashx?e=898&la=en&c=&p=
WA,2026-08-04,Primary,State Representative Pos. 2,Legislative District 37,,ocd-division/country:us/state:wa/sldl:37,Evon McCorkle,Independent Party,,https://voter.votewa.gov/elections/voterguide.ashx?e=898&la=en&c=&p=
WA,2026-08-04,Primary,State Representative Pos. 2,Legislative District 37,,ocd-division/country:us/state:wa/sldl:37,Jaelynn Scott,Democratic Party,,https://voter.votewa.gov/elections/voterguide.ashx?e=898&la=en&c=&p=
WA,2026-08-04,Primary,State Representative Pos. 2,Legislative District 38,,ocd-division/country:us/state:wa/sldl:38,Mary Fosse,Democratic Party,,https://voter.votewa.gov/elections/voterguide.ashx?e=898&la=en&c=&p=
WA,2026-08-04,Primary,State Representative Pos. 2,Legislative District 39,,ocd-division/country:us/state:wa/sldl:39,Ida Keeley,Democratic Party,,https://voter.votewa.gov/elections/voterguide.ashx?e=898&la=en&c=&p=
WA,2026-08-04,Primary,State Representative Pos. 2,Legislative District 39,,ocd-division/country:us/state:wa/sldl:39,Lacey Sauvageau,Republican Party,,https://voter.votewa.gov/elections/voterguide.ashx?e=898&la=en&c=&p=
WA,2026-08-04,Primary,State Representative Pos. 2,Legislative District 39,,ocd-division/country:us/state:wa/sldl:39,Robert J Sutherland,Republican Party,,https://voter.votewa.gov/elections/voterguide.ashx?e=898&la=en&c=&p=
WA,2026-08-04,Primary,State Representative Pos. 2,Legislative District 39,,ocd-division/country:us/state:wa/sldl:39,Steve Ewing,Republican Party,,https://voter.votewa.gov/elections/voterguide.ashx?e=898&la=en&c=&p=
WA,2026-08-04,Primary,State Representative Pos. 2,Legislative District 40,,ocd-division/country:us/state:wa/sldl:40,Alex Ramel,Democratic Party,,https://voter.votewa.gov/elections/voterguide.ashx?e=898&la=en&c=&p=
WA,2026-08-04,Primary,State Representative Pos. 2,Legislative District 40,,ocd-division/country:us/state:wa/sldl:40,Joseph Segault,No Party Preference,,https://voter.votewa.gov/elections/voterguide.ashx?e=898&la=en&c=&p=
WA,2026-08-04,Primary,State Representative Pos. 2,Legislative District 40,,ocd-division/country:us/state:wa/sldl:40,Monte Jay Mahan,Independent Party,,https://voter.votewa.gov/elections/voterguide.ashx?e=898&la=en&c=&p=
WA,2026-08-04,Primary,State Representative Pos. 2,Legislative District 40,,ocd-division/country:us/state:wa/sldl:40,Salomon Rodrigue Mbouombouo,Independent Party,,https://voter.votewa.gov/elections/voterguide.ashx?e=898&la=en&c=&p=
WA,2026-08-04,Primary,State Representative Pos. 2,Legislative District 41,,ocd-division/country:us/state:wa/sldl:41,Michael Rosen,Independent Party,,https://voter.votewa.gov/elections/voterguide.ashx?e=898&la=en&c=&p=
WA,2026-08-04,Primary,State Representative Pos. 2,Legislative District 41,,ocd-division/country:us/state:wa/sldl:41,My-Linh T Thai,Democratic Party,,https://voter.votewa.gov/elections/voterguide.ashx?e=898&la=en&c=&p=
WA,2026-08-04,Primary,State Representative Pos. 2,Legislative District 42,,ocd-division/country:us/state:wa/sldl:42,Joe Timmons,Democratic Party,,https://voter.votewa.gov/elections/voterguide.ashx?e=898&la=en&c=&p=
WA,2026-08-04,Primary,State Representative Pos. 2,Legislative District 42,,ocd-division/country:us/state:wa/sldl:42,Justin Pike,Republican Party,,https://voter.votewa.gov/elections/voterguide.ashx?e=898&la=en&c=&p=
WA,2026-08-04,Primary,State Representative Pos. 2,Legislative District 43,,ocd-division/country:us/state:wa/sldl:43,Shaun Scott,Democratic Party,,https://voter.votewa.gov/elections/voterguide.ashx?e=898&la=en&c=&p=
WA,2026-08-04,Primary,State Representative Pos. 2,Legislative District 44,,ocd-division/country:us/state:wa/sldl:44,April Berg,Democratic Party,,https://voter.votewa.gov/elections/voterguide.ashx?e=898&la=en&c=&p=
WA,2026-08-04,Primary,State Representative Pos. 2,Legislative District 44,,ocd-division/country:us/state:wa/sldl:44,Tonya Stadlman,Republican Party,,https://voter.votewa.gov/elections/voterguide.ashx?e=898&la=en&c=&p=
WA,2026-08-04,Primary,State Representative Pos. 2,Legislative District 45,,ocd-division/country:us/state:wa/sldl:45,Chandler Torbett,Democratic Party,,https://voter.votewa.gov/elections/voterguide.ashx?e=898&la=en&c=&p=
WA,2026-08-04,Primary,State Representative Pos. 2,Legislative District 45,,ocd-division/country:us/state:wa/sldl:45,John P Gibbons,Republican Party,,https://voter.votewa.gov/elections/voterguide.ashx?e=898&la=en&c=&p=
WA,2026-08-04,Primary,State Representative Pos. 2,Legislative District 45,,ocd-division/country:us/state:wa/sldl:45,Vanessa Kritzer,Democratic Party,,https://voter.votewa.gov/elections/voterguide.ashx?e=898&la=en&c=&p=
WA,2026-08-04,Primary,State Representative Pos. 2,Legislative District 46,,ocd-division/country:us/state:wa/sldl:46,Darya Farivar,Democratic Party,,https://voter.votewa.gov/elections/voterguide.ashx?e=898&la=en&c=&p=
WA,2026-08-04,Primary,State Representative Pos. 2,Legislative District 46,,ocd-division/country:us/state:wa/sldl:46,Rodney 'Star' Thornley,Independent Party,,https://voter.votewa.gov/elections/voterguide.ashx?e=898&la=en&c=&p=
WA,2026-08-04,Primary,State Representative Pos. 2,Legislative District 47,,ocd-division/country:us/state:wa/sldl:47,Chris Stearns,Democratic Party,,https://voter.votewa.gov/elections/voterguide.ashx?e=898&la=en&c=&p=
WA,2026-08-04,Primary,State Representative Pos. 2,Legislative District 47,,ocd-division/country:us/state:wa/sldl:47,Ted Cooke,Republican Party,,https://voter.votewa.gov/elections/voterguide.ashx?e=898&la=en&c=&p=
WA,2026-08-04,Primary,State Representative Pos. 2,Legislative District 48,,ocd-division/country:us/state:wa/sldl:48,Amy Walen,Democratic Party,,https://voter.votewa.gov/elections/voterguide.ashx?e=898&la=en&c=&p=
WA,2026-08-04,Primary,State Representative Pos. 2,Legislative District 48,,ocd-division/country:us/state:wa/sldl:48,Jessica Forsythe,Democratic Party,,https://voter.votewa.gov/elections/voterguide.ashx?e=898&la=en&c=&p=
WA,2026-08-04,Primary,State Representative Pos. 2,Legislative District 49,,ocd-division/country:us/state:wa/sldl:49,Derek Thompson,Republican Party,,https://voter.votewa.gov/elections/voterguide.ashx?e=898&la=en&c=&p=
WA,2026-08-04,Primary,State Representative Pos. 2,Legislative District 49,,ocd-division/country:us/state:wa/sldl:49,Monica Jurado Stonier,Democratic Party,,https://voter.votewa.gov/elections/voterguide.ashx?e=898&la=en&c=&p=
WA,2026-08-04,Primary,State Senator,Legislative District 6,,ocd-division/country:us/state:wa/sldu:6,Jeff Holy,Republican Party,,https://voter.votewa.gov/elections/voterguide.ashx?e=898&la=en&c=&p=
WA,2026-08-04,Primary,State Senator,Legislative District 7,,ocd-division/country:us/state:wa/sldu:7,Brandon Ray Medina,Republican Party,,https://voter.votewa.gov/elections/voterguide.ashx?e=898&la=en&c=&p=
WA,2026-08-04,Primary,State Senator,Legislative District 7,,ocd-division/country:us/state:wa/sldu:7,David Swoap,Republican Party,,https://voter.votewa.gov/elections/voterguide.ashx?e=898&la=en&c=&p=
WA,2026-08-04,Primary,State Senator,Legislative District 7,,ocd-division/country:us/state:wa/sldu:7,Ronald L McCoy,Independent Party,,https://voter.votewa.gov/elections/voterguide.ashx?e=898&la=en&c=&p=
WA,2026-08-04,Primary,State Senator,Legislative District 7,,ocd-division/country:us/state:wa/sldu:7,Shelly Short,Republican Party,,https://voter.votewa.gov/elections/voterguide.ashx?e=898&la=en&c=&p=
WA,2026-08-04,Primary,State Senator,Legislative District 8,,ocd-division/country:us/state:wa/sldu:8,Gabe Galbraith,Republican Party,,https://voter.votewa.gov/elections/voterguide.ashx?e=898&la=en&c=&p=
WA,2026-08-04,Primary,State Senator,Legislative District 8,,ocd-division/country:us/state:wa/sldu:8,Nikki Torres,Republican Party,,https://voter.votewa.gov/elections/voterguide.ashx?e=898&la=en&c=&p=
WA,2026-08-04,Primary,State Senator,Legislative District 13,,ocd-division/country:us/state:wa/sldu:13,Alex Ybarra,Republican Party,,https://voter.votewa.gov/elections/voterguide.ashx?e=898&la=en&c=&p=
WA,2026-08-04,Primary,State Senator,Legislative District 15,,ocd-division/country:us/state:wa/sldu:15,Jeremie Dufault,Republican Party,,https://voter.votewa.gov/elections/voterguide.ashx?e=898&la=en&c=&p=
WA,2026-08-04,Primary,State Senator,Legislative District 21,,ocd-division/country:us/state:wa/sldu:21,Marko Liias,Democratic Party,,https://voter.votewa.gov/elections/voterguide.ashx?e=898&la=en&c=&p=
WA,2026-08-04,Primary,State Senator,Legislative District 21,,ocd-division/country:us/state:wa/sldu:21,Riaz Khan,Republican Party,,https://voter.votewa.gov/elections/voterguide.ashx?e=898&la=en&c=&p=
WA,2026-08-04,Primary,State Senator,Legislative District 26,,ocd-division/country:us/state:wa/sldu:26,Deborah Krishnadasan,Democratic Party,,https://voter.votewa.gov/elections/voterguide.ashx?e=898&la=en&c=&p=
WA,2026-08-04,Primary,State Senator,Legislative District 26,,ocd-division/country:us/state:wa/sldu:26,Gary Parker,Republican Party,,https://voter.votewa.gov/elections/voterguide.ashx?e=898&la=en&c=&p=
WA,2026-08-04,Primary,State Senator,Legislative District 29,,ocd-division/country:us/state:wa/sldu:29,David Anderson,Democratic Party,,https://voter.votewa.gov/elections/voterguide.ashx?e=898&la=en&c=&p=
WA,2026-08-04,Primary,State Senator,Legislative District 29,,ocd-division/country:us/state:wa/sldu:29,Sharlett Mena,Democratic Party,,https://voter.votewa.gov/elections/voterguide.ashx?e=898&la=en&c=&p=
WA,2026-08-04,Primary,State Senator,Legislative District 30,,ocd-division/country:us/state:wa/sldu:30,Claire Wilson,Democratic Party,,https://voter.votewa.gov/elections/voterguide.ashx?e=898&la=en&c=&p=
WA,2026-08-04,Primary,State Senator,Legislative District 30,,ocd-division/country:us/state:wa/sldu:30,Michael Rutland,Republican Party,,https://voter.votewa.gov/elections/voterguide.ashx?e=898&la=en&c=&p=
WA,2026-08-04,Primary,State Senator,Legislative District 31,,ocd-division/country:us/state:wa/sldu:31,Phil Fortunato,Republican Party,,https://voter.votewa.gov/elections/voterguide.ashx?e=898&la=en&c=&p=
WA,2026-08-04,Primary,State Senator,Legislative District 31,,ocd-division/country:us/state:wa/sldu:31,Tamara Stramel,Democratic Party,,https://voter.votewa.gov/elections/voterguide.ashx?e=898&la=en&c=&p=
WA,2026-08-04,Primary,State Senator,Legislative District 32,,ocd-division/country:us/state:wa/sldu:32,Cindy Ryu,Democratic Party,,https://voter.votewa.gov/elections/voterguide.ashx?e=898&la=en&c=&p=
WA,2026-08-04,Primary,State Senator,Legislative District 32,,ocd-division/country:us/state:wa/sldu:32,Ira McBee,Republican Party,,https://voter.votewa.gov/elections/voterguide.ashx?e=898&la=en&c=&p=
WA,2026-08-04,Primary,State Senator,Legislative District 32,,ocd-division/country:us/state:wa/sldu:32,Jesse Salomon,Democratic Party,,https://voter.votewa.gov/elections/voterguide.ashx?e=898&la=en&c=&p=
WA,2026-08-04,Primary,State Senator,Legislative District 33,,ocd-division/country:us/state:wa/sldu:33,Tina L. Orwall,Democratic Party,,https://voter.votewa.gov/elections/voterguide.ashx?e=898&la=en&c=&p=
WA,2026-08-04,Primary,State Senator,Legislative District 34,,ocd-division/country:us/state:wa/sldu:34,Emily Alvarado,Democratic Party,,https://voter.votewa.gov/elections/voterguide.ashx?e=898&la=en&c=&p=
WA,2026-08-04,Primary,State Senator,Legislative District 35,,ocd-division/country:us/state:wa/sldu:35,Carolina Mejia,Democratic Party,,https://voter.votewa.gov/elections/voterguide.ashx?e=898&la=en&c=&p=
WA,2026-08-04,Primary,State Senator,Legislative District 35,,ocd-division/country:us/state:wa/sldu:35,Drew C MacEwen,Republican Party,,https://voter.votewa.gov/elections/voterguide.ashx?e=898&la=en&c=&p=
WA,2026-08-04,Primary,State Senator,Legislative District 36,,ocd-division/country:us/state:wa/sldu:36,Jillian England,Republican Party,,https://voter.votewa.gov/elections/voterguide.ashx?e=898&la=en&c=&p=
WA,2026-08-04,Primary,State Senator,Legislative District 36,,ocd-division/country:us/state:wa/sldu:36,Noel C. Frame,Democratic Party,,https://voter.votewa.gov/elections/voterguide.ashx?e=898&la=en&c=&p=
WA,2026-08-04,Primary,State Senator,Legislative District 37,,ocd-division/country:us/state:wa/sldu:37,Chipalo Street,Democratic Party,,https://voter.votewa.gov/elections/voterguide.ashx?e=898&la=en&c=&p=
WA,2026-08-04,Primary,State Senator,Legislative District 37,,ocd-division/country:us/state:wa/sldu:37,Tatiana Brown,Democratic Party,,https://voter.votewa.gov/elections/voterguide.ashx?e=898&la=en&c=&p=
WA,2026-08-04,Primary,State Senator,Legislative District 38,,ocd-division/country:us/state:wa/sldu:38,Brad Bender,Republican Party,,https://voter.votewa.gov/elections/voterguide.ashx?e=898&la=en&c=&p=
WA,2026-08-04,Primary,State Senator,Legislative District 38,,ocd-division/country:us/state:wa/sldu:38,June Robinson,Democratic Party,,https://voter.votewa.gov/elections/voterguide.ashx?e=898&la=en&c=&p=
WA,2026-08-04,Primary,State Senator,Legislative District 42,,ocd-division/country:us/state:wa/sldu:42,Eamonn Collins,Democratic Party,,https://voter.votewa.gov/elections/voterguide.ashx?e=898&la=en&c=&p=
WA,2026-08-04,Primary,State Senator,Legislative District 42,,ocd-division/country:us/state:wa/sldu:42,Erika Creydt,Republican Party,,https://voter.votewa.gov/elections/voterguide.ashx?e=898&la=en&c=&p=
WA,2026-08-04,Primary,State Senator,Legislative District 42,,ocd-division/country:us/state:wa/sldu:42,Michael Alvarez Shepard,Democratic Party,,https://voter.votewa.gov/elections/voterguide.ashx?e=898&la=en&c=&p=
WA,2026-08-04,Primary,State Senator,Legislative District 42,,ocd-division/country:us/state:wa/sldu:42,Ryan Bowman,No Party Preference,,https://voter.votewa.gov/elections/voterguide.ashx?e=898&la=en&c=&p=
WA,2026-08-04,Primary,State Senator,Legislative District 43,,ocd-division/country:us/state:wa/sldu:43,Hannah Sabio-Howell,Democratic Party,,https://voter.votewa.gov/elections/voterguide.ashx?e=898&la=en&c=&p=
WA,2026-08-04,Primary,State Senator,Legislative District 43,,ocd-division/country:us/state:wa/sldu:43,Heather-Marie Wilson,No Party Preference,,https://voter.votewa.gov/elections/voterguide.ashx?e=898&la=en&c=&p=
WA,2026-08-04,Primary,State Senator,Legislative District 43,,ocd-division/country:us/state:wa/sldu:43,Jamie Pedersen,Democratic Party,,https://voter.votewa.gov/elections/voterguide.ashx?e=898&la=en&c=&p=
WA,2026-08-04,Primary,State Senator,Legislative District 44,,ocd-division/country:us/state:wa/sldu:44,John Lovick,Democratic Party,,https://voter.votewa.gov/elections/voterguide.ashx?e=898&la=en&c=&p=
WA,2026-08-04,Primary,State Senator,Legislative District 44,,ocd-division/country:us/state:wa/sldu:44,Sherri Larkin,Republican Party,,https://voter.votewa.gov/elections/voterguide.ashx?e=898&la=en&c=&p=
WA,2026-08-04,Primary,State Senator,Legislative District 45,,ocd-division/country:us/state:wa/sldu:45,Manka Dhingra,Democratic Party,,https://voter.votewa.gov/elections/voterguide.ashx?e=898&la=en&c=&p=
WA,2026-08-04,Primary,State Senator,Legislative District 46,,ocd-division/country:us/state:wa/sldu:46,Javier Valdez,Democratic Party,,https://voter.votewa.gov/elections/voterguide.ashx?e=898&la=en&c=&p=
WA,2026-08-04,Primary,State Senator,Legislative District 46,,ocd-division/country:us/state:wa/sldu:46,Sandra Stephens,Republican Party,,https://voter.votewa.gov/elections/voterguide.ashx?e=898&la=en&c=&p=
WA,2026-08-04,Primary,State Senator,Legislative District 47,,ocd-division/country:us/state:wa/sldu:47,Claudia Kauffman,Democratic Party,,https://voter.votewa.gov/elections/voterguide.ashx?e=898&la=en&c=&p=
WA,2026-08-04,Primary,State Senator,Legislative District 47,,ocd-division/country:us/state:wa/sldu:47,Kristina Soltys,Republican Party,,https://voter.votewa.gov/elections/voterguide.ashx?e=898&la=en&c=&p=
WA,2026-08-04,Primary,State Senator,Legislative District 48,,ocd-division/country:us/state:wa/sldu:48,Vandana Slatter,Democratic Party,,https://voter.votewa.gov/elections/voterguide.ashx?e=898&la=en&c=&p=
WA,2026-08-04,Primary,TREASURER,Chelan County,Chelan,ocd-division/country:us/state:wa,Doug Miller,Democratic Party,,https://voter.votewa.gov/elections/voterguide.ashx?e=898&la=en&c=&p=
WA,2026-08-04,Primary,TREASURER,Chelan County,Chelan,ocd-division/country:us/state:wa,Richard (Rick) Viall,GOP Party,,https://voter.votewa.gov/elections/voterguide.ashx?e=898&la=en&c=&p=
WA,2026-08-04,Primary,TREASURER,County,Lincoln,ocd-division/country:us/state:wa,Emily Lybbert-Hansen,Republican Party,,https://voter.votewa.gov/elections/voterguide.ashx?e=898&la=en&c=&p=
WA,2026-08-04,Primary,Treasurer,County,Kittitas,ocd-division/country:us/state:wa,Amy Cziske,Republican Party,,https://voter.votewa.gov/elections/voterguide.ashx?e=898&la=en&c=&p=
WA,2026-08-04,Primary,Treasurer,County,Lewis,ocd-division/country:us/state:wa,Arny Davis,Republican Party,,https://voter.votewa.gov/elections/voterguide.ashx?e=898&la=en&c=&p=
WA,2026-08-04,Primary,Treasurer,County,Mason,ocd-division/country:us/state:wa,Brittany A Pearson,Democratic Party,,https://voter.votewa.gov/elections/voterguide.ashx?e=898&la=en&c=&p=
WA,2026-08-04,Primary,Treasurer,County,Whitman,ocd-division/country:us/state:wa,Chris Nelson,No Party Preference,,https://voter.votewa.gov/elections/voterguide.ashx?e=898&la=en&c=&p=
WA,2026-08-04,Primary,Treasurer,County,Cowlitz,ocd-division/country:us/state:wa,Debra Gardner,Independent Party,,https://voter.votewa.gov/elections/voterguide.ashx?e=898&la=en&c=&p=
WA,2026-08-04,Primary,Treasurer,County,Skamania,ocd-division/country:us/state:wa,Emily Sabo,Republican Party,,https://voter.votewa.gov/elections/voterguide.ashx?e=898&la=en&c=&p=
WA,2026-08-04,Primary,Treasurer,County,Douglas,ocd-division/country:us/state:wa,Felisha L. Rosales,Republican Party,,https://voter.votewa.gov/elections/voterguide.ashx?e=898&la=en&c=&p=
WA,2026-08-04,Primary,Treasurer,County,Walla Walla,ocd-division/country:us/state:wa,Gordon R Heimbigner,Republican Party,,https://voter.votewa.gov/elections/voterguide.ashx?e=898&la=en&c=&p=
WA,2026-08-04,Primary,Treasurer,County,Skagit,ocd-division/country:us/state:wa,Jackie Brunson,Democrat Party,,https://voter.votewa.gov/elections/voterguide.ashx?e=898&la=en&c=&p=
WA,2026-08-04,Primary,Treasurer,County,Thurston,ocd-division/country:us/state:wa,Jeff Gadman,Democratic Party,,https://voter.votewa.gov/elections/voterguide.ashx?e=898&la=en&c=&p=
WA,2026-08-04,Primary,Treasurer,County,Franklin,ocd-division/country:us/state:wa,Josie Koelzer,Republican Party,,https://voter.votewa.gov/elections/voterguide.ashx?e=898&la=en&c=&p=
WA,2026-08-04,Primary,Treasurer,County,Adams,ocd-division/country:us/state:wa,Kayla Meise,Republican Party,,https://voter.votewa.gov/elections/voterguide.ashx?e=898&la=en&c=&p=
WA,2026-08-04,Primary,Treasurer,County,Benton,ocd-division/country:us/state:wa,Kenneth Spencer Jr,Republican Party,,https://voter.votewa.gov/elections/voterguide.ashx?e=898&la=en&c=&p=
WA,2026-08-04,Primary,Treasurer,County,Spokane,ocd-division/country:us/state:wa,Mike Volz,Republican Party,,https://voter.votewa.gov/elections/voterguide.ashx?e=898&la=en&c=&p=
WA,2026-08-04,Primary,Treasurer,County,Okanogan,ocd-division/country:us/state:wa,Pam Johnson,Republican Party,,https://voter.votewa.gov/elections/voterguide.ashx?e=898&la=en&c=&p=
WA,2026-08-04,Primary,Treasurer,County,Kitsap,ocd-division/country:us/state:wa,Pete Boissonneau,Democratic Party,,https://voter.votewa.gov/elections/voterguide.ashx?e=898&la=en&c=&p=
WA,2026-08-04,Primary,Treasurer,County,Mason,ocd-division/country:us/state:wa,Randy Lewis,Republican Party,,https://voter.votewa.gov/elections/voterguide.ashx?e=898&la=en&c=&p=
WA,2026-08-04,Primary,Treasurer,County,Yakima,ocd-division/country:us/state:wa,Sam Johnson,Independent Party,,https://voter.votewa.gov/elections/voterguide.ashx?e=898&la=en&c=&p=
WA,2026-08-04,Primary,Treasurer,County,Grays Harbor,ocd-division/country:us/state:wa,Shawn D. Hill,Democratic Party,,https://voter.votewa.gov/elections/voterguide.ashx?e=898&la=en&c=&p=
WA,2026-08-04,Primary,Treasurer,County,Jefferson,ocd-division/country:us/state:wa,Stacie Prada,Democratic Party,,https://voter.votewa.gov/elections/voterguide.ashx?e=898&la=en&c=&p=
WA,2026-08-04,Primary,Treasurer,County,Yakima,ocd-division/country:us/state:wa,Stephanie Patterson,Republican Party,,https://voter.votewa.gov/elections/voterguide.ashx?e=898&la=en&c=&p=
WA,2026-08-04,Primary,Treasurer,County,Stevens,ocd-division/country:us/state:wa,"Tonia ""Toni"" Graham",Republican Party,,https://voter.votewa.gov/elections/voterguide.ashx?e=898&la=en&c=&p=
WA,2026-08-04,Primary,Treasurer,County,Grays Harbor,ocd-division/country:us/state:wa,Wes Cormier,Republican Party,,https://voter.votewa.gov/elections/voterguide.ashx?e=898&la=en&c=&p=
WA,2026-08-04,Primary,U.S. Representative,Congressional District 1,,ocd-division/country:us/state:wa/cd:1,Benjamin Kincaid,Democratic Party,,https://voter.votewa.gov/elections/voterguide.ashx?e=898&la=en&c=&p=
WA,2026-08-04,Primary,U.S. Representative,Congressional District 1,,ocd-division/country:us/state:wa/cd:1,Bryce Nickel,Democratic Party,,https://voter.votewa.gov/elections/voterguide.ashx?e=898&la=en&c=&p=
WA,2026-08-04,Primary,U.S. Representative,Congressional District 1,,ocd-division/country:us/state:wa/cd:1,Catherine Hildebrand,Democratic Party,,https://voter.votewa.gov/elections/voterguide.ashx?e=898&la=en&c=&p=
WA,2026-08-04,Primary,U.S. Representative,Congressional District 1,,ocd-division/country:us/state:wa/cd:1,Hunter Gordon,Democratic Party,,https://voter.votewa.gov/elections/voterguide.ashx?e=898&la=en&c=&p=
WA,2026-08-04,Primary,U.S. Representative,Congressional District 1,,ocd-division/country:us/state:wa/cd:1,James Etzkorn,Independent Party,,https://voter.votewa.gov/elections/voterguide.ashx?e=898&la=en&c=&p=
WA,2026-08-04,Primary,U.S. Representative,Congressional District 1,,ocd-division/country:us/state:wa/cd:1,Mary Silva,Republican Party,,https://voter.votewa.gov/elections/voterguide.ashx?e=898&la=en&c=&p=
WA,2026-08-04,Primary,U.S. Representative,Congressional District 1,,ocd-division/country:us/state:wa/cd:1,Suzan DelBene,Democratic Party,,https://voter.votewa.gov/elections/voterguide.ashx?e=898&la=en&c=&p=
WA,2026-08-04,Primary,U.S. Representative,Congressional District 2,,ocd-division/country:us/state:wa/cd:2,Devin Hermanson,Democratic Party,,https://voter.votewa.gov/elections/voterguide.ashx?e=898&la=en&c=&p=
WA,2026-08-04,Primary,U.S. Representative,Congressional District 2,,ocd-division/country:us/state:wa/cd:2,Edwin H. Feller,Republican Party,,https://voter.votewa.gov/elections/voterguide.ashx?e=898&la=en&c=&p=
WA,2026-08-04,Primary,U.S. Representative,Congressional District 2,,ocd-division/country:us/state:wa/cd:2,Rick Larsen,Democratic Party,,https://voter.votewa.gov/elections/voterguide.ashx?e=898&la=en&c=&p=
WA,2026-08-04,Primary,U.S. Representative,Congressional District 2,,ocd-division/country:us/state:wa/cd:2,Tomas Scheel,Democratic Party,,https://voter.votewa.gov/elections/voterguide.ashx?e=898&la=en&c=&p=
WA,2026-08-04,Primary,U.S. Representative,Congressional District 3,,ocd-division/country:us/state:wa/cd:3,Antony Barran,Cascade Party,,https://voter.votewa.gov/elections/voterguide.ashx?e=898&la=en&c=&p=
WA,2026-08-04,Primary,U.S. Representative,Congressional District 3,,ocd-division/country:us/state:wa/cd:3,Austin Braswell,Democratic Party,,https://voter.votewa.gov/elections/voterguide.ashx?e=898&la=en&c=&p=
WA,2026-08-04,Primary,U.S. Representative,Congressional District 3,,ocd-division/country:us/state:wa/cd:3,Brent Hennrich,Democratic Party,,https://voter.votewa.gov/elections/voterguide.ashx?e=898&la=en&c=&p=
WA,2026-08-04,Primary,U.S. Representative,Congressional District 3,,ocd-division/country:us/state:wa/cd:3,John Braun,Republican Party,,https://voter.votewa.gov/elections/voterguide.ashx?e=898&la=en&c=&p=
WA,2026-08-04,Primary,U.S. Representative,Congressional District 3,,ocd-division/country:us/state:wa/cd:3,John P. Roco,Republican Party,,https://voter.votewa.gov/elections/voterguide.ashx?e=898&la=en&c=&p=
WA,2026-08-04,Primary,U.S. Representative,Congressional District 3,,ocd-division/country:us/state:wa/cd:3,John Saulie-Rohman,Independent Party,,https://voter.votewa.gov/elections/voterguide.ashx?e=898&la=en&c=&p=
WA,2026-08-04,Primary,U.S. Representative,Congressional District 3,,ocd-division/country:us/state:wa/cd:3,Lawrence Kellogg,Republican Party,,https://voter.votewa.gov/elections/voterguide.ashx?e=898&la=en&c=&p=
WA,2026-08-04,Primary,U.S. Representative,Congressional District 3,,ocd-division/country:us/state:wa/cd:3,Marie Gluesenkamp Perez,Democratic Party,,https://voter.votewa.gov/elections/voterguide.ashx?e=898&la=en&c=&p=
WA,2026-08-04,Primary,U.S. Representative,Congressional District 3,,ocd-division/country:us/state:wa/cd:3,Troy Rasband,Democratic Party,,https://voter.votewa.gov/elections/voterguide.ashx?e=898&la=en&c=&p=
WA,2026-08-04,Primary,U.S. Representative,Congressional District 4,,ocd-division/country:us/state:wa/cd:4,Amanda McKinney,Republican Party,,https://voter.votewa.gov/elections/voterguide.ashx?e=898&la=en&c=&p=
WA,2026-08-04,Primary,U.S. Representative,Congressional District 4,,ocd-division/country:us/state:wa/cd:4,Devin Poore,Cascade Party,,https://voter.votewa.gov/elections/voterguide.ashx?e=898&la=en&c=&p=
WA,2026-08-04,Primary,U.S. Representative,Congressional District 4,,ocd-division/country:us/state:wa/cd:4,Elpidia Saavedra,Republican Party,,https://voter.votewa.gov/elections/voterguide.ashx?e=898&la=en&c=&p=
WA,2026-08-04,Primary,U.S. Representative,Congressional District 4,,ocd-division/country:us/state:wa/cd:4,Favian Valencia,Independent Party,,https://voter.votewa.gov/elections/voterguide.ashx?e=898&la=en&c=&p=
WA,2026-08-04,Primary,U.S. Representative,Congressional District 4,,ocd-division/country:us/state:wa/cd:4,"Jacek ""Jack"" Kobiesa",No Party Preference,,https://voter.votewa.gov/elections/voterguide.ashx?e=898&la=en&c=&p=
WA,2026-08-04,Primary,U.S. Representative,Congressional District 4,,ocd-division/country:us/state:wa/cd:4,Jerrod Sessler,Republican Party,,https://voter.votewa.gov/elections/voterguide.ashx?e=898&la=en&c=&p=
WA,2026-08-04,Primary,U.S. Representative,Congressional District 4,,ocd-division/country:us/state:wa/cd:4,John C. Hughs,Republican Party,,https://voter.votewa.gov/elections/voterguide.ashx?e=898&la=en&c=&p=
WA,2026-08-04,Primary,U.S. Representative,Congressional District 4,,ocd-division/country:us/state:wa/cd:4,John Duresky,Democratic Party,,https://voter.votewa.gov/elections/voterguide.ashx?e=898&la=en&c=&p=
WA,2026-08-04,Primary,U.S. Representative,Congressional District 4,,ocd-division/country:us/state:wa/cd:4,Ken Vaz,Republican Party,,https://voter.votewa.gov/elections/voterguide.ashx?e=898&la=en&c=&p=
WA,2026-08-04,Primary,U.S. Representative,Congressional District 4,,ocd-division/country:us/state:wa/cd:4,Matt Boehnke,Republican Party,,https://voter.votewa.gov/elections/voterguide.ashx?e=898&la=en&c=&p=
WA,2026-08-04,Primary,U.S. Representative,Congressional District 4,,ocd-division/country:us/state:wa/cd:4,Zac Rossi,No Party Preference,,https://voter.votewa.gov/elections/voterguide.ashx?e=898&la=en&c=&p=
WA,2026-08-04,Primary,U.S. Representative,Congressional District 5,,ocd-division/country:us/state:wa/cd:5,Andrew Bartleson,Independent Party,,https://voter.votewa.gov/elections/voterguide.ashx?e=898&la=en&c=&p=
WA,2026-08-04,Primary,U.S. Representative,Congressional District 5,,ocd-division/country:us/state:wa/cd:5,Ann Marie Danimus,Independent Party,,https://voter.votewa.gov/elections/voterguide.ashx?e=898&la=en&c=&p=
WA,2026-08-04,Primary,U.S. Representative,Congressional District 5,,ocd-division/country:us/state:wa/cd:5,Bajun R. Mavalwalla,Democratic Party,,https://voter.votewa.gov/elections/voterguide.ashx?e=898&la=en&c=&p=
WA,2026-08-04,Primary,U.S. Representative,Congressional District 5,,ocd-division/country:us/state:wa/cd:5,Carmela Conroy,Democratic Party,,https://voter.votewa.gov/elections/voterguide.ashx?e=898&la=en&c=&p=
WA,2026-08-04,Primary,U.S. Representative,Congressional District 5,,ocd-division/country:us/state:wa/cd:5,David Womack,Democratic Party,,https://voter.votewa.gov/elections/voterguide.ashx?e=898&la=en&c=&p=
WA,2026-08-04,Primary,U.S. Representative,Congressional District 5,,ocd-division/country:us/state:wa/cd:5,Kevin Fagan,Democratic Party,,https://voter.votewa.gov/elections/voterguide.ashx?e=898&la=en&c=&p=
WA,2026-08-04,Primary,U.S. Representative,Congressional District 5,,ocd-division/country:us/state:wa/cd:5,Kyle Usrey,Independent Party,,https://voter.votewa.gov/elections/voterguide.ashx?e=898&la=en&c=&p=
WA,2026-08-04,Primary,U.S. Representative,Congressional District 5,,ocd-division/country:us/state:wa/cd:5,Matthew Hayes,Independent Party,,https://voter.votewa.gov/elections/voterguide.ashx?e=898&la=en&c=&p=
WA,2026-08-04,Primary,U.S. Representative,Congressional District 5,,ocd-division/country:us/state:wa/cd:5,Michael Baumgartner,Republican Party,,https://voter.votewa.gov/elections/voterguide.ashx?e=898&la=en&c=&p=
WA,2026-08-04,Primary,U.S. Representative,Congressional District 5,,ocd-division/country:us/state:wa/cd:5,Michael McGarr,Democratic Party,,https://voter.votewa.gov/elections/voterguide.ashx?e=898&la=en&c=&p=
WA,2026-08-04,Primary,U.S. Representative,Congressional District 5,,ocd-division/country:us/state:wa/cd:5,Nate Powell,Independent Party,,https://voter.votewa.gov/elections/voterguide.ashx?e=898&la=en&c=&p=
WA,2026-08-04,Primary,U.S. Representative,Congressional District 5,,ocd-division/country:us/state:wa/cd:5,Richard Freudenberg,Democratic Party,,https://voter.votewa.gov/elections/voterguide.ashx?e=898&la=en&c=&p=
WA,2026-08-04,Primary,U.S. Representative,Congressional District No. 6,,ocd-division/country:us/state:wa/cd:6,Brian P. O'Gorman,Independent Party,,https://voter.votewa.gov/elections/voterguide.ashx?e=898&la=en&c=&p=
WA,2026-08-04,Primary,U.S. Representative,Congressional District No. 6,,ocd-division/country:us/state:wa/cd:6,Emily Randall,Democratic Party,,https://voter.votewa.gov/elections/voterguide.ashx?e=898&la=en&c=&p=
WA,2026-08-04,Primary,U.S. Representative,Congressional District No. 6,,ocd-division/country:us/state:wa/cd:6,Leon Lawson,Trump Republican Party,,https://voter.votewa.gov/elections/voterguide.ashx?e=898&la=en&c=&p=
WA,2026-08-04,Primary,U.S. Representative,Congressional District No. 6,,ocd-division/country:us/state:wa/cd:6,Macy Jones,No Party Preference,,https://voter.votewa.gov/elections/voterguide.ashx?e=898&la=en&c=&p=
WA,2026-08-04,Primary,U.S. Representative,Congressional District No. 6,,ocd-division/country:us/state:wa/cd:6,Teresa Fox,Republican Party,,https://voter.votewa.gov/elections/voterguide.ashx?e=898&la=en&c=&p=
WA,2026-08-04,Primary,U.S. Representative,Congressional District 7,,ocd-division/country:us/state:wa/cd:7,David W. Blomstrom,Fifth Republic Party,,https://voter.votewa.gov/elections/voterguide.ashx?e=898&la=en&c=&p=
WA,2026-08-04,Primary,U.S. Representative,Congressional District 7,,ocd-division/country:us/state:wa/cd:7,Gwen Kirkland,Democratic Party,,https://voter.votewa.gov/elections/voterguide.ashx?e=898&la=en&c=&p=
WA,2026-08-04,Primary,U.S. Representative,Congressional District 7,,ocd-division/country:us/state:wa/cd:7,Nirav Sheth,Republican Party,,https://voter.votewa.gov/elections/voterguide.ashx?e=898&la=en&c=&p=
WA,2026-08-04,Primary,U.S. Representative,Congressional District 7,,ocd-division/country:us/state:wa/cd:7,Pramila Jayapal,Democratic Party,,https://voter.votewa.gov/elections/voterguide.ashx?e=898&la=en&c=&p=
WA,2026-08-04,Primary,U.S. Representative,Congressional District 8,,ocd-division/country:us/state:wa/cd:8,Andres Valleza,Republican Party,,https://voter.votewa.gov/elections/voterguide.ashx?e=898&la=en&c=&p=
WA,2026-08-04,Primary,U.S. Representative,Congressional District 8,,ocd-division/country:us/state:wa/cd:8,Bob Hagglund,Republican Party,,https://voter.votewa.gov/elections/voterguide.ashx?e=898&la=en&c=&p=
WA,2026-08-04,Primary,U.S. Representative,Congressional District 8,,ocd-division/country:us/state:wa/cd:8,Keith Arnold,Democratic Party,,https://voter.votewa.gov/elections/voterguide.ashx?e=898&la=en&c=&p=
WA,2026-08-04,Primary,U.S. Representative,Congressional District 8,,ocd-division/country:us/state:wa/cd:8,Kim Schrier,Democratic Party,,https://voter.votewa.gov/elections/voterguide.ashx?e=898&la=en&c=&p=
WA,2026-08-04,Primary,U.S. Representative,Congressional District 8,,ocd-division/country:us/state:wa/cd:8,Spencer Meline,Republican Party,,https://voter.votewa.gov/elections/voterguide.ashx?e=898&la=en&c=&p=
WA,2026-08-04,Primary,U.S. Representative,Congressional District 8,,ocd-division/country:us/state:wa/cd:8,Trinh Ha,Republican Party,,https://voter.votewa.gov/elections/voterguide.ashx?e=898&la=en&c=&p=
WA,2026-08-04,Primary,U.S. Representative,Congressional District 9,,ocd-division/country:us/state:wa/cd:9,Adam Smith,Democratic Party,,https://voter.votewa.gov/elections/voterguide.ashx?e=898&la=en&c=&p=
WA,2026-08-04,Primary,U.S. Representative,Congressional District 9,,ocd-division/country:us/state:wa/cd:9,Doug Basler,Republican Party,,https://voter.votewa.gov/elections/voterguide.ashx?e=898&la=en&c=&p=
WA,2026-08-04,Primary,U.S. Representative,Congressional District 9,,ocd-division/country:us/state:wa/cd:9,Jacob Perasso,Socialist Workers Party,,https://voter.votewa.gov/elections/voterguide.ashx?e=898&la=en&c=&p=
WA,2026-08-04,Primary,U.S. Representative,Congressional District 9,,ocd-division/country:us/state:wa/cd:9,Kshama Sawant,Independent Party,,https://voter.votewa.gov/elections/voterguide.ashx?e=898&la=en&c=&p=
WA,2026-08-04,Primary,U.S. Representative,Congressional District 9,,ocd-division/country:us/state:wa/cd:9,Melissa Chaudhry,Democratic Party,,https://voter.votewa.gov/elections/voterguide.ashx?e=898&la=en&c=&p=
WA,2026-08-04,Primary,U.S. Representative,Congressional District 10,,ocd-division/country:us/state:wa/cd:10,Adam Arafat,Democratic Party,,https://voter.votewa.gov/elections/voterguide.ashx?e=898&la=en&c=&p=
WA,2026-08-04,Primary,U.S. Representative,Congressional District 10,,ocd-division/country:us/state:wa/cd:10,Alex Scheel,Democratic Party,,https://voter.votewa.gov/elections/voterguide.ashx?e=898&la=en&c=&p=
WA,2026-08-04,Primary,U.S. Representative,Congressional District 10,,ocd-division/country:us/state:wa/cd:10,Chris D. Chung,Republican Party,,https://voter.votewa.gov/elections/voterguide.ashx?e=898&la=en&c=&p=
WA,2026-08-04,Primary,U.S. Representative,Congressional District 10,,ocd-division/country:us/state:wa/cd:10,Derek Maynes,No Party Preference,,https://voter.votewa.gov/elections/voterguide.ashx?e=898&la=en&c=&p=
WA,2026-08-04,Primary,U.S. Representative,Congressional District 10,,ocd-division/country:us/state:wa/cd:10,Kurtis Engle,Union Party,,https://voter.votewa.gov/elections/voterguide.ashx?e=898&la=en&c=&p=
WA,2026-08-04,Primary,U.S. Representative,Congressional District 10,,ocd-division/country:us/state:wa/cd:10,Marilyn Strickland,Democratic Party,,https://voter.votewa.gov/elections/voterguide.ashx?e=898&la=en&c=&p=
