state,county,ocd_division_id,election_date,election_type,entry_type,office,district,candidate_name,party,measure_id,title,source_url
WA,Adams,ocd-division/country:us/state:wa/county:adams,2026-08-04,Primary,candidate,Assessor,County,Curtis Templin,Republican Party,,,https://voter.votewa.gov/elections/voterguide.ashx?e=898&la=en&c=01&p=
WA,Adams,ocd-division/country:us/state:wa/county:adams,2026-08-04,Primary,candidate,Assessor,County,Veronica Rodriguez,Republican Party,,,https://voter.votewa.gov/elections/voterguide.ashx?e=898&la=en&c=01&p=
WA,Adams,ocd-division/country:us/state:wa/county:adams,2026-08-04,Primary,candidate,Auditor,County,Courtney Fannin,Republican Party,,,https://voter.votewa.gov/elections/voterguide.ashx?e=898&la=en&c=01&p=
WA,Adams,ocd-division/country:us/state:wa/county:adams,2026-08-04,Primary,candidate,Auditor,County,Jacque Laird,Republican Party,,,https://voter.votewa.gov/elections/voterguide.ashx?e=898&la=en&c=01&p=
WA,Adams,ocd-division/country:us/state:wa/county:adams,2026-08-04,Primary,candidate,Auditor,County,Stephanie Dormaier,Republican Party,,,https://voter.votewa.gov/elections/voterguide.ashx?e=898&la=en&c=01&p=
WA,Adams,ocd-division/country:us/state:wa/county:adams,2026-08-04,Primary,candidate,Clerk,County,Catherine R. Sloan,Republican Party,,,https://voter.votewa.gov/elections/voterguide.ashx?e=898&la=en&c=01&p=
WA,Adams,ocd-division/country:us/state:wa/county:adams,2026-08-04,Primary,candidate,County Commissioner District 3,Commissioner District 3,Eleanor Brodahl,Democrat Party,,,https://voter.votewa.gov/elections/voterguide.ashx?e=898&la=en&c=01&p=
WA,Adams,ocd-division/country:us/state:wa/county:adams,2026-08-04,Primary,candidate,County Commissioner District 3,Commissioner District 3,"Miguel A.""Mike"" Garza",Republican Party,,,https://voter.votewa.gov/elections/voterguide.ashx?e=898&la=en&c=01&p=
WA,Adams,ocd-division/country:us/state:wa/county:adams,2026-08-04,Primary,candidate,Justice Position #01,Supreme Court,Colleen Melody,,,,https://voter.votewa.gov/elections/voterguide.ashx?e=898&la=en&c=01&p=
WA,Adams,ocd-division/country:us/state:wa/county:adams,2026-08-04,Primary,candidate,Justice Position #01,Supreme Court,Laura Christensen Colberg,,,,https://voter.votewa.gov/elections/voterguide.ashx?e=898&la=en&c=01&p=
WA,Adams,ocd-division/country:us/state:wa/county:adams,2026-08-04,Primary,candidate,Justice Position #01,Supreme Court,Scott Edwards,,,,https://voter.votewa.gov/elections/voterguide.ashx?e=898&la=en&c=01&p=
WA,Adams,ocd-division/country:us/state:wa/county:adams,2026-08-04,Primary,candidate,Justice Position #03,Supreme Court,David Stevens,,,,https://voter.votewa.gov/elections/voterguide.ashx?e=898&la=en&c=01&p=
WA,Adams,ocd-division/country:us/state:wa/county:adams,2026-08-04,Primary,candidate,Justice Position #03,Supreme Court,Jaime Michelle Hawk,,,,https://voter.votewa.gov/elections/voterguide.ashx?e=898&la=en&c=01&p=
WA,Adams,ocd-division/country:us/state:wa/county:adams,2026-08-04,Primary,candidate,Justice Position #03,Supreme Court,Mike Diaz,,,,https://voter.votewa.gov/elections/voterguide.ashx?e=898&la=en&c=01&p=
WA,Adams,ocd-division/country:us/state:wa/county:adams,2026-08-04,Primary,candidate,Justice Position #05,Supreme Court,Dave Larson,,,,https://voter.votewa.gov/elections/voterguide.ashx?e=898&la=en&c=01&p=
WA,Adams,ocd-division/country:us/state:wa/county:adams,2026-08-04,Primary,candidate,Justice Position #05,Supreme Court,Greg Miller,,,,https://voter.votewa.gov/elections/voterguide.ashx?e=898&la=en&c=01&p=
WA,Adams,ocd-division/country:us/state:wa/county:adams,2026-08-04,Primary,candidate,Justice Position #05,Supreme Court,Sharonda Amamilo,,,,https://voter.votewa.gov/elections/voterguide.ashx?e=898&la=en&c=01&p=
WA,Adams,ocd-division/country:us/state:wa/county:adams,2026-08-04,Primary,candidate,Justice Position #05,Supreme Court,Theo Angelis,,,,https://voter.votewa.gov/elections/voterguide.ashx?e=898&la=en&c=01&p=
WA,Adams,ocd-division/country:us/state:wa/county:adams,2026-08-04,Primary,candidate,Justice Position #07,Supreme Court,David R Shelvey,,,,https://voter.votewa.gov/elections/voterguide.ashx?e=898&la=en&c=01&p=
WA,Adams,ocd-division/country:us/state:wa/county:adams,2026-08-04,Primary,candidate,Justice Position #07,Supreme Court,Debra L. Stephens,,,,https://voter.votewa.gov/elections/voterguide.ashx?e=898&la=en&c=01&p=
WA,Adams,ocd-division/country:us/state:wa/county:adams,2026-08-04,Primary,candidate,Justice Position #07,Supreme Court,Karim A. Merchant,,,,https://voter.votewa.gov/elections/voterguide.ashx?e=898&la=en&c=01&p=
WA,Adams,ocd-division/country:us/state:wa/county:adams,2026-08-04,Primary,candidate,Justice Position #07,Supreme Court,Todd A. Bloom,,,,https://voter.votewa.gov/elections/voterguide.ashx?e=898&la=en&c=01&p=
WA,Adams,ocd-division/country:us/state:wa/county:adams,2026-08-04,Primary,candidate,Precinct Committee Officer - Republican,Ritzville Rural Se,JOHN E FAURE,,,,https://voter.votewa.gov/elections/voterguide.ashx?e=898&la=en&c=01&p=
WA,Adams,ocd-division/country:us/state:wa/county:adams,2026-08-04,Primary,candidate,Precinct Committee Officer - Republican,Ritzville Rural Se,Phil Peterson,,,,https://voter.votewa.gov/elections/voterguide.ashx?e=898&la=en&c=01&p=
WA,Adams,ocd-division/country:us/state:wa/county:adams,2026-08-04,Primary,candidate,Prosecutor,County,Randy J. Flyckt,Republican Party,,,https://voter.votewa.gov/elections/voterguide.ashx?e=898&la=en&c=01&p=
WA,Adams,ocd-division/country:us/state:wa/county:adams,2026-08-04,Primary,candidate,Sheriff,County,Dale J. Wagner,republican Party,,,https://voter.votewa.gov/elections/voterguide.ashx?e=898&la=en&c=01&p=
WA,Adams,ocd-division/country:us/state:wa/county:adams,2026-08-04,Primary,candidate,Sheriff,County,Matthew Carlson,Republican Party,,,https://voter.votewa.gov/elections/voterguide.ashx?e=898&la=en&c=01&p=
WA,Adams,ocd-division/country:us/state:wa/sldl:9,2026-08-04,Primary,candidate,State Representative Pos. 1,Legislative District 9,Mary Dye,Republican Party,,,https://voter.votewa.gov/elections/voterguide.ashx?e=898&la=en&c=01&p=
WA,Adams,ocd-division/country:us/state:wa/sldl:13,2026-08-04,Primary,candidate,State Representative Pos. 1,Legislative District 13,"Juan ""Jerry"" Garcia",Democratic Party,,,https://voter.votewa.gov/elections/voterguide.ashx?e=898&la=en&c=01&p=
WA,Adams,ocd-division/country:us/state:wa/sldl:13,2026-08-04,Primary,candidate,State Representative Pos. 1,Legislative District 13,Tom Dent,Republican Party,,,https://voter.votewa.gov/elections/voterguide.ashx?e=898&la=en&c=01&p=
WA,Adams,ocd-division/country:us/state:wa/sldl:9,2026-08-04,Primary,candidate,State Representative Pos. 2,Legislative District 9,Joe Schmick,Republican Party,,,https://voter.votewa.gov/elections/voterguide.ashx?e=898&la=en&c=01&p=
WA,Adams,ocd-division/country:us/state:wa/sldl:9,2026-08-04,Primary,candidate,State Representative Pos. 2,Legislative District 9,Karina Wallace,Democratic Party,,,https://voter.votewa.gov/elections/voterguide.ashx?e=898&la=en&c=01&p=
WA,Adams,ocd-division/country:us/state:wa/sldl:13,2026-08-04,Primary,candidate,State Representative Pos. 2,Legislative District 13,Deanna Martinez,Republican Party,,,https://voter.votewa.gov/elections/voterguide.ashx?e=898&la=en&c=01&p=
WA,Adams,ocd-division/country:us/state:wa/sldl:13,2026-08-04,Primary,candidate,State Representative Pos. 2,Legislative District 13,Don Myers,Republican Party,,,https://voter.votewa.gov/elections/voterguide.ashx?e=898&la=en&c=01&p=
WA,Adams,ocd-division/country:us/state:wa/sldl:13,2026-08-04,Primary,candidate,State Representative Pos. 2,Legislative District 13,Joshua Thompson,Republican Party,,,https://voter.votewa.gov/elections/voterguide.ashx?e=898&la=en&c=01&p=
WA,Adams,ocd-division/country:us/state:wa/sldu:13,2026-08-04,Primary,candidate,State Senator,Legislative District 13,Alex Ybarra,Republican Party,,,https://voter.votewa.gov/elections/voterguide.ashx?e=898&la=en&c=01&p=
WA,Adams,ocd-division/country:us/state:wa,2026-08-04,Primary,candidate,Treasurer,County,Kayla Meise,Republican Party,,,https://voter.votewa.gov/elections/voterguide.ashx?e=898&la=en&c=01&p=
WA,Adams,ocd-division/country:us/state:wa/cd:4,2026-08-04,Primary,candidate,U.S. Representative,Congressional District 4,Amanda McKinney,Republican Party,,,https://voter.votewa.gov/elections/voterguide.ashx?e=898&la=en&c=01&p=
WA,Adams,ocd-division/country:us/state:wa/cd:4,2026-08-04,Primary,candidate,U.S. Representative,Congressional District 4,Devin Poore,Cascade Party,,,https://voter.votewa.gov/elections/voterguide.ashx?e=898&la=en&c=01&p=
WA,Adams,ocd-division/country:us/state:wa/cd:4,2026-08-04,Primary,candidate,U.S. Representative,Congressional District 4,Elpidia Saavedra,Republican Party,,,https://voter.votewa.gov/elections/voterguide.ashx?e=898&la=en&c=01&p=
WA,Adams,ocd-division/country:us/state:wa/cd:4,2026-08-04,Primary,candidate,U.S. Representative,Congressional District 4,Favian Valencia,Independent Party,,,https://voter.votewa.gov/elections/voterguide.ashx?e=898&la=en&c=01&p=
WA,Adams,ocd-division/country:us/state:wa/cd:4,2026-08-04,Primary,candidate,U.S. Representative,Congressional District 4,"Jacek ""Jack"" Kobiesa",No Party Preference,,,https://voter.votewa.gov/elections/voterguide.ashx?e=898&la=en&c=01&p=
WA,Adams,ocd-division/country:us/state:wa/cd:4,2026-08-04,Primary,candidate,U.S. Representative,Congressional District 4,Jerrod Sessler,Republican Party,,,https://voter.votewa.gov/elections/voterguide.ashx?e=898&la=en&c=01&p=
WA,Adams,ocd-division/country:us/state:wa/cd:4,2026-08-04,Primary,candidate,U.S. Representative,Congressional District 4,John C. Hughs,Republican Party,,,https://voter.votewa.gov/elections/voterguide.ashx?e=898&la=en&c=01&p=
WA,Adams,ocd-division/country:us/state:wa/cd:4,2026-08-04,Primary,candidate,U.S. Representative,Congressional District 4,John Duresky,Democratic Party,,,https://voter.votewa.gov/elections/voterguide.ashx?e=898&la=en&c=01&p=
WA,Adams,ocd-division/country:us/state:wa/cd:4,2026-08-04,Primary,candidate,U.S. Representative,Congressional District 4,Ken Vaz,Republican Party,,,https://voter.votewa.gov/elections/voterguide.ashx?e=898&la=en&c=01&p=
WA,Adams,ocd-division/country:us/state:wa/cd:4,2026-08-04,Primary,candidate,U.S. Representative,Congressional District 4,Matt Boehnke,Republican Party,,,https://voter.votewa.gov/elections/voterguide.ashx?e=898&la=en&c=01&p=
WA,Adams,ocd-division/country:us/state:wa/cd:4,2026-08-04,Primary,candidate,U.S. Representative,Congressional District 4,Zac Rossi,No Party Preference,,,https://voter.votewa.gov/elections/voterguide.ashx?e=898&la=en&c=01&p=
WA,Adams,ocd-division/country:us/state:wa/cd:5,2026-08-04,Primary,candidate,U.S. Representative,Congressional District 5,Andrew Bartleson,Independent Party,,,https://voter.votewa.gov/elections/voterguide.ashx?e=898&la=en&c=01&p=
WA,Adams,ocd-division/country:us/state:wa/cd:5,2026-08-04,Primary,candidate,U.S. Representative,Congressional District 5,Ann Marie Danimus,Independent Party,,,https://voter.votewa.gov/elections/voterguide.ashx?e=898&la=en&c=01&p=
WA,Adams,ocd-division/country:us/state:wa/cd:5,2026-08-04,Primary,candidate,U.S. Representative,Congressional District 5,Bajun R. Mavalwalla,Democratic Party,,,https://voter.votewa.gov/elections/voterguide.ashx?e=898&la=en&c=01&p=
WA,Adams,ocd-division/country:us/state:wa/cd:5,2026-08-04,Primary,candidate,U.S. Representative,Congressional District 5,Carmela Conroy,Democratic Party,,,https://voter.votewa.gov/elections/voterguide.ashx?e=898&la=en&c=01&p=
WA,Adams,ocd-division/country:us/state:wa/cd:5,2026-08-04,Primary,candidate,U.S. Representative,Congressional District 5,David Womack,Democratic Party,,,https://voter.votewa.gov/elections/voterguide.ashx?e=898&la=en&c=01&p=
WA,Adams,ocd-division/country:us/state:wa/cd:5,2026-08-04,Primary,candidate,U.S. Representative,Congressional District 5,Kevin Fagan,Democratic Party,,,https://voter.votewa.gov/elections/voterguide.ashx?e=898&la=en&c=01&p=
WA,Adams,ocd-division/country:us/state:wa/cd:5,2026-08-04,Primary,candidate,U.S. Representative,Congressional District 5,Kyle Usrey,Independent Party,,,https://voter.votewa.gov/elections/voterguide.ashx?e=898&la=en&c=01&p=
WA,Adams,ocd-division/country:us/state:wa/cd:5,2026-08-04,Primary,candidate,U.S. Representative,Congressional District 5,Matthew Hayes,Independent Party,,,https://voter.votewa.gov/elections/voterguide.ashx?e=898&la=en&c=01&p=
WA,Adams,ocd-division/country:us/state:wa/cd:5,2026-08-04,Primary,candidate,U.S. Representative,Congressional District 5,Michael Baumgartner,Republican Party,,,https://voter.votewa.gov/elections/voterguide.ashx?e=898&la=en&c=01&p=
WA,Adams,ocd-division/country:us/state:wa/cd:5,2026-08-04,Primary,candidate,U.S. Representative,Congressional District 5,Michael McGarr,Democratic Party,,,https://voter.votewa.gov/elections/voterguide.ashx?e=898&la=en&c=01&p=
WA,Adams,ocd-division/country:us/state:wa/cd:5,2026-08-04,Primary,candidate,U.S. Representative,Congressional District 5,Nate Powell,Independent Party,,,https://voter.votewa.gov/elections/voterguide.ashx?e=898&la=en&c=01&p=
WA,Adams,ocd-division/country:us/state:wa/cd:5,2026-08-04,Primary,candidate,U.S. Representative,Congressional District 5,Richard Freudenberg,Democratic Party,,,https://voter.votewa.gov/elections/voterguide.ashx?e=898&la=en&c=01&p=
WA,Adams,ocd-division/country:us/state:wa/county:adams,2026-08-04,Primary,measure,,,,,7230,WASHTUCNA PARK AND RECREATION 2 - Special Election Proposition No. 1,https://voter.votewa.gov/elections/voterguide.ashx?e=898&la=en&c=01&p=
WA,Adams,ocd-division/country:us/state:wa/county:adams,2026-08-04,Primary,measure,,,,,7231,LIND PARK AND RECREATION 3 - Special Election Proposition No. 1,https://voter.votewa.gov/elections/voterguide.ashx?e=898&la=en&c=01&p=
WA,Adams,ocd-division/country:us/state:wa/county:adams,2026-08-04,Primary,measure,,,,,7232,RITZVILLE PARK AND RECREATION 4 - Special Election Proposition No. 1,https://voter.votewa.gov/elections/voterguide.ashx?e=898&la=en&c=01&p=
WA,Adams,ocd-division/country:us/state:wa/county:adams,2026-08-04,Primary,measure,,,,,7233,CEMETERY DISTRICT 1 - Special Election Proposition No. 1,https://voter.votewa.gov/elections/voterguide.ashx?e=898&la=en&c=01&p=
WA,Asotin,ocd-division/country:us/state:wa/county:asotin,2026-08-04,Primary,candidate,Justice Position #01,Supreme Court,Colleen Melody,,,,https://voter.votewa.gov/elections/voterguide.ashx?e=898&la=en&c=02&p=
WA,Asotin,ocd-division/country:us/state:wa/county:asotin,2026-08-04,Primary,candidate,Justice Position #01,Supreme Court,Laura Christensen Colberg,,,,https://voter.votewa.gov/elections/voterguide.ashx?e=898&la=en&c=02&p=
WA,Asotin,ocd-division/country:us/state:wa/county:asotin,2026-08-04,Primary,candidate,Justice Position #01,Supreme Court,Scott Edwards,,,,https://voter.votewa.gov/elections/voterguide.ashx?e=898&la=en&c=02&p=
WA,Asotin,ocd-division/country:us/state:wa/county:asotin,2026-08-04,Primary,candidate,Justice Position #03,Supreme Court,David Stevens,,,,https://voter.votewa.gov/elections/voterguide.ashx?e=898&la=en&c=02&p=
WA,Asotin,ocd-division/country:us/state:wa/county:asotin,2026-08-04,Primary,candidate,Justice Position #03,Supreme Court,Jaime Michelle Hawk,,,,https://voter.votewa.gov/elections/voterguide.ashx?e=898&la=en&c=02&p=
WA,Asotin,ocd-division/country:us/state:wa/county:asotin,2026-08-04,Primary,candidate,Justice Position #03,Supreme Court,Mike Diaz,,,,https://voter.votewa.gov/elections/voterguide.ashx?e=898&la=en&c=02&p=
WA,Asotin,ocd-division/country:us/state:wa/county:asotin,2026-08-04,Primary,candidate,Justice Position #05,Supreme Court,Dave Larson,,,,https://voter.votewa.gov/elections/voterguide.ashx?e=898&la=en&c=02&p=
WA,Asotin,ocd-division/country:us/state:wa/county:asotin,2026-08-04,Primary,candidate,Justice Position #05,Supreme Court,Greg Miller,,,,https://voter.votewa.gov/elections/voterguide.ashx?e=898&la=en&c=02&p=
WA,Asotin,ocd-division/country:us/state:wa/county:asotin,2026-08-04,Primary,candidate,Justice Position #05,Supreme Court,Sharonda Amamilo,,,,https://voter.votewa.gov/elections/voterguide.ashx?e=898&la=en&c=02&p=
WA,Asotin,ocd-division/country:us/state:wa/county:asotin,2026-08-04,Primary,candidate,Justice Position #05,Supreme Court,Theo Angelis,,,,https://voter.votewa.gov/elections/voterguide.ashx?e=898&la=en&c=02&p=
WA,Asotin,ocd-division/country:us/state:wa/county:asotin,2026-08-04,Primary,candidate,Justice Position #07,Supreme Court,David R Shelvey,,,,https://voter.votewa.gov/elections/voterguide.ashx?e=898&la=en&c=02&p=
WA,Asotin,ocd-division/country:us/state:wa/county:asotin,2026-08-04,Primary,candidate,Justice Position #07,Supreme Court,Debra L. Stephens,,,,https://voter.votewa.gov/elections/voterguide.ashx?e=898&la=en&c=02&p=
WA,Asotin,ocd-division/country:us/state:wa/county:asotin,2026-08-04,Primary,candidate,Justice Position #07,Supreme Court,Karim A. Merchant,,,,https://voter.votewa.gov/elections/voterguide.ashx?e=898&la=en&c=02&p=
WA,Asotin,ocd-division/country:us/state:wa/county:asotin,2026-08-04,Primary,candidate,Justice Position #07,Supreme Court,Todd A. Bloom,,,,https://voter.votewa.gov/elections/voterguide.ashx?e=898&la=en&c=02&p=
WA,Asotin,ocd-division/country:us/state:wa/sldl:9,2026-08-04,Primary,candidate,State Representative Pos. 1,Legislative District 9,Mary Dye,Republican Party,,,https://voter.votewa.gov/elections/voterguide.ashx?e=898&la=en&c=02&p=
WA,Asotin,ocd-division/country:us/state:wa/sldl:9,2026-08-04,Primary,candidate,State Representative Pos. 2,Legislative District 9,Joe Schmick,Republican Party,,,https://voter.votewa.gov/elections/voterguide.ashx?e=898&la=en&c=02&p=
WA,Asotin,ocd-division/country:us/state:wa/sldl:9,2026-08-04,Primary,candidate,State Representative Pos. 2,Legislative District 9,Karina Wallace,Democratic Party,,,https://voter.votewa.gov/elections/voterguide.ashx?e=898&la=en&c=02&p=
WA,Asotin,ocd-division/country:us/state:wa/cd:5,2026-08-04,Primary,candidate,U.S. Representative,Congressional District 5,Andrew Bartleson,Independent Party,,,https://voter.votewa.gov/elections/voterguide.ashx?e=898&la=en&c=02&p=
WA,Asotin,ocd-division/country:us/state:wa/cd:5,2026-08-04,Primary,candidate,U.S. Representative,Congressional District 5,Ann Marie Danimus,Independent Party,,,https://voter.votewa.gov/elections/voterguide.ashx?e=898&la=en&c=02&p=
WA,Asotin,ocd-division/country:us/state:wa/cd:5,2026-08-04,Primary,candidate,U.S. Representative,Congressional District 5,Bajun R. Mavalwalla,Democratic Party,,,https://voter.votewa.gov/elections/voterguide.ashx?e=898&la=en&c=02&p=
WA,Asotin,ocd-division/country:us/state:wa/cd:5,2026-08-04,Primary,candidate,U.S. Representative,Congressional District 5,Carmela Conroy,Democratic Party,,,https://voter.votewa.gov/elections/voterguide.ashx?e=898&la=en&c=02&p=
WA,Asotin,ocd-division/country:us/state:wa/cd:5,2026-08-04,Primary,candidate,U.S. Representative,Congressional District 5,David Womack,Democratic Party,,,https://voter.votewa.gov/elections/voterguide.ashx?e=898&la=en&c=02&p=
WA,Asotin,ocd-division/country:us/state:wa/cd:5,2026-08-04,Primary,candidate,U.S. Representative,Congressional District 5,Kevin Fagan,Democratic Party,,,https://voter.votewa.gov/elections/voterguide.ashx?e=898&la=en&c=02&p=
WA,Asotin,ocd-division/country:us/state:wa/cd:5,2026-08-04,Primary,candidate,U.S. Representative,Congressional District 5,Kyle Usrey,Independent Party,,,https://voter.votewa.gov/elections/voterguide.ashx?e=898&la=en&c=02&p=
WA,Asotin,ocd-division/country:us/state:wa/cd:5,2026-08-04,Primary,candidate,U.S. Representative,Congressional District 5,Matthew Hayes,Independent Party,,,https://voter.votewa.gov/elections/voterguide.ashx?e=898&la=en&c=02&p=
WA,Asotin,ocd-division/country:us/state:wa/cd:5,2026-08-04,Primary,candidate,U.S. Representative,Congressional District 5,Michael Baumgartner,Republican Party,,,https://voter.votewa.gov/elections/voterguide.ashx?e=898&la=en&c=02&p=
WA,Asotin,ocd-division/country:us/state:wa/cd:5,2026-08-04,Primary,candidate,U.S. Representative,Congressional District 5,Michael McGarr,Democratic Party,,,https://voter.votewa.gov/elections/voterguide.ashx?e=898&la=en&c=02&p=
WA,Asotin,ocd-division/country:us/state:wa/cd:5,2026-08-04,Primary,candidate,U.S. Representative,Congressional District 5,Nate Powell,Independent Party,,,https://voter.votewa.gov/elections/voterguide.ashx?e=898&la=en&c=02&p=
WA,Asotin,ocd-division/country:us/state:wa/cd:5,2026-08-04,Primary,candidate,U.S. Representative,Congressional District 5,Richard Freudenberg,Democratic Party,,,https://voter.votewa.gov/elections/voterguide.ashx?e=898&la=en&c=02&p=
WA,Benton,ocd-division/country:us/state:wa/county:benton,2026-08-04,Primary,candidate,Assessor,County,Bill Spencer,Republican Party,,,https://voter.votewa.gov/elections/voterguide.ashx?e=898&la=en&c=03&p=
WA,Benton,ocd-division/country:us/state:wa/county:benton,2026-08-04,Primary,candidate,Auditor,County,Brenda Chilton,Republican Party,,,https://voter.votewa.gov/elections/voterguide.ashx?e=898&la=en&c=03&p=
WA,Benton,ocd-division/country:us/state:wa/county:benton,2026-08-04,Primary,candidate,Clerk,County,Josie Delvin,Republican Party,,,https://voter.votewa.gov/elections/voterguide.ashx?e=898&la=en&c=03&p=
WA,Benton,ocd-division/country:us/state:wa/county:benton,2026-08-04,Primary,candidate,Commissioner District #2,Commissioner Dist #2,Michael Alvarez,Republican Party,,,https://voter.votewa.gov/elections/voterguide.ashx?e=898&la=en&c=03&p=
WA,Benton,ocd-division/country:us/state:wa/county:benton,2026-08-04,Primary,candidate,Coroner,County,"William ""Bill"" Leach",Republican Party,,,https://voter.votewa.gov/elections/voterguide.ashx?e=898&la=en&c=03&p=
WA,Benton,ocd-division/country:us/state:wa/county:benton,2026-08-04,Primary,candidate,Council Pos. 4,City Of Richland,David Tveraas,,,,https://voter.votewa.gov/elections/voterguide.ashx?e=898&la=en&c=03&p=
WA,Benton,ocd-division/country:us/state:wa/county:benton,2026-08-04,Primary,candidate,Council Pos. 4,City Of Richland,Kyle Saltz,,,,https://voter.votewa.gov/elections/voterguide.ashx?e=898&la=en&c=03&p=
WA,Benton,ocd-division/country:us/state:wa/county:benton,2026-08-04,Primary,candidate,Council Pos. 4,City Of Richland,Mary S. Lipton,,,,https://voter.votewa.gov/elections/voterguide.ashx?e=898&la=en&c=03&p=
WA,Benton,ocd-division/country:us/state:wa/county:benton,2026-08-04,Primary,candidate,Council Pos. 4,City Of Richland,Ragan Faylor,,,,https://voter.votewa.gov/elections/voterguide.ashx?e=898&la=en&c=03&p=
WA,Benton,ocd-division/country:us/state:wa/county:benton,2026-08-04,Primary,candidate,Council Pos. 4,City Of Richland,Todd Samuel,,,,https://voter.votewa.gov/elections/voterguide.ashx?e=898&la=en&c=03&p=
WA,Benton,ocd-division/country:us/state:wa/county:benton,2026-08-04,Primary,candidate,Justice Position #01,Supreme Court,Colleen Melody,,,,https://voter.votewa.gov/elections/voterguide.ashx?e=898&la=en&c=03&p=
WA,Benton,ocd-division/country:us/state:wa/county:benton,2026-08-04,Primary,candidate,Justice Position #01,Supreme Court,Laura Christensen Colberg,,,,https://voter.votewa.gov/elections/voterguide.ashx?e=898&la=en&c=03&p=
WA,Benton,ocd-division/country:us/state:wa/county:benton,2026-08-04,Primary,candidate,Justice Position #01,Supreme Court,Scott Edwards,,,,https://voter.votewa.gov/elections/voterguide.ashx?e=898&la=en&c=03&p=
WA,Benton,ocd-division/country:us/state:wa/county:benton,2026-08-04,Primary,candidate,Justice Position #03,Supreme Court,David Stevens,,,,https://voter.votewa.gov/elections/voterguide.ashx?e=898&la=en&c=03&p=
WA,Benton,ocd-division/country:us/state:wa/county:benton,2026-08-04,Primary,candidate,Justice Position #03,Supreme Court,Jaime Michelle Hawk,,,,https://voter.votewa.gov/elections/voterguide.ashx?e=898&la=en&c=03&p=
WA,Benton,ocd-division/country:us/state:wa/county:benton,2026-08-04,Primary,candidate,Justice Position #03,Supreme Court,Mike Diaz,,,,https://voter.votewa.gov/elections/voterguide.ashx?e=898&la=en&c=03&p=
WA,Benton,ocd-division/country:us/state:wa/county:benton,2026-08-04,Primary,candidate,Justice Position #05,Supreme Court,Dave Larson,,,,https://voter.votewa.gov/elections/voterguide.ashx?e=898&la=en&c=03&p=
WA,Benton,ocd-division/country:us/state:wa/county:benton,2026-08-04,Primary,candidate,Justice Position #05,Supreme Court,Greg Miller,,,,https://voter.votewa.gov/elections/voterguide.ashx?e=898&la=en&c=03&p=
WA,Benton,ocd-division/country:us/state:wa/county:benton,2026-08-04,Primary,candidate,Justice Position #05,Supreme Court,Sharonda Amamilo,,,,https://voter.votewa.gov/elections/voterguide.ashx?e=898&la=en&c=03&p=
WA,Benton,ocd-division/country:us/state:wa/county:benton,2026-08-04,Primary,candidate,Justice Position #05,Supreme Court,Theo Angelis,,,,https://voter.votewa.gov/elections/voterguide.ashx?e=898&la=en&c=03&p=
WA,Benton,ocd-division/country:us/state:wa/county:benton,2026-08-04,Primary,candidate,Justice Position #07,Supreme Court,David R Shelvey,,,,https://voter.votewa.gov/elections/voterguide.ashx?e=898&la=en&c=03&p=
WA,Benton,ocd-division/country:us/state:wa/county:benton,2026-08-04,Primary,candidate,Justice Position #07,Supreme Court,Debra L. Stephens,,,,https://voter.votewa.gov/elections/voterguide.ashx?e=898&la=en&c=03&p=
WA,Benton,ocd-division/country:us/state:wa/county:benton,2026-08-04,Primary,candidate,Justice Position #07,Supreme Court,Karim A. Merchant,,,,https://voter.votewa.gov/elections/voterguide.ashx?e=898&la=en&c=03&p=
WA,Benton,ocd-division/country:us/state:wa/county:benton,2026-08-04,Primary,candidate,Justice Position #07,Supreme Court,Todd A. Bloom,,,,https://voter.votewa.gov/elections/voterguide.ashx?e=898&la=en&c=03&p=
WA,Benton,ocd-division/country:us/state:wa/county:benton,2026-08-04,Primary,candidate,Prosecuting Attorney,County,Eric Eisinger,Republican Party,,,https://voter.votewa.gov/elections/voterguide.ashx?e=898&la=en&c=03&p=
WA,Benton,ocd-division/country:us/state:wa/county:benton,2026-08-04,Primary,candidate,Prosecuting Attorney,County,Julie Long,Republican Party,,,https://voter.votewa.gov/elections/voterguide.ashx?e=898&la=en&c=03&p=
WA,Benton,ocd-division/country:us/state:wa/county:benton,2026-08-04,Primary,candidate,Sheriff,County,Brad Klippert,Republican Party,,,https://voter.votewa.gov/elections/voterguide.ashx?e=898&la=en&c=03&p=
WA,Benton,ocd-division/country:us/state:wa/county:benton,2026-08-04,Primary,candidate,Sheriff,County,Michael (Mike) Clark,Republican Party,,,https://voter.votewa.gov/elections/voterguide.ashx?e=898&la=en&c=03&p=
WA,Benton,ocd-division/country:us/state:wa/sldl:8,2026-08-04,Primary,candidate,State Representative Pos. 1,Legislative District 8,Stephanie Barnard,Republican Party,,,https://voter.votewa.gov/elections/voterguide.ashx?e=898&la=en&c=03&p=
WA,Benton,ocd-division/country:us/state:wa/sldl:14,2026-08-04,Primary,candidate,State Representative Pos. 1,Legislative District 14,Chelsea Dimas,Democratic Party,,,https://voter.votewa.gov/elections/voterguide.ashx?e=898&la=en&c=03&p=
WA,Benton,ocd-division/country:us/state:wa/sldl:14,2026-08-04,Primary,candidate,State Representative Pos. 1,Legislative District 14,Gloria Mendoza,Republican Party,,,https://voter.votewa.gov/elections/voterguide.ashx?e=898&la=en&c=03&p=
WA,Benton,ocd-division/country:us/state:wa/sldl:14,2026-08-04,Primary,candidate,State Representative Pos. 1,Legislative District 14,William Chichenoff,No Party Preference,,,https://voter.votewa.gov/elections/voterguide.ashx?e=898&la=en&c=03&p=
WA,Benton,ocd-division/country:us/state:wa/sldl:15,2026-08-04,Primary,candidate,State Representative Pos. 1,Legislative District 15,Chris Corry,Republican Party,,,https://voter.votewa.gov/elections/voterguide.ashx?e=898&la=en&c=03&p=
WA,Benton,ocd-division/country:us/state:wa/sldl:15,2026-08-04,Primary,candidate,State Representative Pos. 1,Legislative District 15,Jack McEntire,Democratic Party,,,https://voter.votewa.gov/elections/voterguide.ashx?e=898&la=en&c=03&p=
WA,Benton,ocd-division/country:us/state:wa/sldl:16,2026-08-04,Primary,candidate,State Representative Pos. 1,Legislative District 16,Kyle Palmer,Democratic Party,,,https://voter.votewa.gov/elections/voterguide.ashx?e=898&la=en&c=03&p=
WA,Benton,ocd-division/country:us/state:wa/sldl:16,2026-08-04,Primary,candidate,State Representative Pos. 1,Legislative District 16,Mark Klicker,Republican Party,,,https://voter.votewa.gov/elections/voterguide.ashx?e=898&la=en&c=03&p=
WA,Benton,ocd-division/country:us/state:wa/sldl:8,2026-08-04,Primary,candidate,State Representative Pos. 2,Legislative District 8,April Connors,Republican Party,,,https://voter.votewa.gov/elections/voterguide.ashx?e=898&la=en&c=03&p=
WA,Benton,ocd-division/country:us/state:wa/sldl:14,2026-08-04,Primary,candidate,State Representative Pos. 2,Legislative District 14,Deb Manjarrez,Republican Party,,,https://voter.votewa.gov/elections/voterguide.ashx?e=898&la=en&c=03&p=
WA,Benton,ocd-division/country:us/state:wa/sldl:14,2026-08-04,Primary,candidate,State Representative Pos. 2,Legislative District 14,Ezequiel Morfin,Democratic Party,,,https://voter.votewa.gov/elections/voterguide.ashx?e=898&la=en&c=03&p=
WA,Benton,ocd-division/country:us/state:wa/sldl:14,2026-08-04,Primary,candidate,State Representative Pos. 2,Legislative District 14,Tony G Sandoval,Democrat Party,,,https://voter.votewa.gov/elections/voterguide.ashx?e=898&la=en&c=03&p=
WA,Benton,ocd-division/country:us/state:wa/sldl:15,2026-08-04,Primary,candidate,State Representative Pos. 2,Legislative District 15,Chase Foster,Republican Party,,,https://voter.votewa.gov/elections/voterguide.ashx?e=898&la=en&c=03&p=
WA,Benton,ocd-division/country:us/state:wa/sldl:15,2026-08-04,Primary,candidate,State Representative Pos. 2,Legislative District 15,Liz Hallock,No Kings Party,,,https://voter.votewa.gov/elections/voterguide.ashx?e=898&la=en&c=03&p=
WA,Benton,ocd-division/country:us/state:wa/sldl:15,2026-08-04,Primary,candidate,State Representative Pos. 2,Legislative District 15,Reedy Berg,Republican Party,,,https://voter.votewa.gov/elections/voterguide.ashx?e=898&la=en&c=03&p=
WA,Benton,ocd-division/country:us/state:wa/sldl:16,2026-08-04,Primary,candidate,State Representative Pos. 2,Legislative District 16,Derek Sarley,Democratic Party,,,https://voter.votewa.gov/elections/voterguide.ashx?e=898&la=en&c=03&p=
WA,Benton,ocd-division/country:us/state:wa/sldl:16,2026-08-04,Primary,candidate,State Representative Pos. 2,Legislative District 16,Skyler Rude,Republican Party,,,https://voter.votewa.gov/elections/voterguide.ashx?e=898&la=en&c=03&p=
WA,Benton,ocd-division/country:us/state:wa/sldu:8,2026-08-04,Primary,candidate,State Senator,Legislative District 8,Gabe Galbraith,Republican Party,,,https://voter.votewa.gov/elections/voterguide.ashx?e=898&la=en&c=03&p=
WA,Benton,ocd-division/country:us/state:wa/sldu:8,2026-08-04,Primary,candidate,State Senator,Legislative District 8,Nikki Torres,Republican Party,,,https://voter.votewa.gov/elections/voterguide.ashx?e=898&la=en&c=03&p=
WA,Benton,ocd-division/country:us/state:wa/sldu:15,2026-08-04,Primary,candidate,State Senator,Legislative District 15,Jeremie Dufault,Republican Party,,,https://voter.votewa.gov/elections/voterguide.ashx?e=898&la=en&c=03&p=
WA,Benton,ocd-division/country:us/state:wa,2026-08-04,Primary,candidate,Treasurer,County,Kenneth Spencer Jr,Republican Party,,,https://voter.votewa.gov/elections/voterguide.ashx?e=898&la=en&c=03&p=
WA,Benton,ocd-division/country:us/state:wa/cd:4,2026-08-04,Primary,candidate,U.S. Representative,Congressional District 4,Amanda McKinney,Republican Party,,,https://voter.votewa.gov/elections/voterguide.ashx?e=898&la=en&c=03&p=
WA,Benton,ocd-division/country:us/state:wa/cd:4,2026-08-04,Primary,candidate,U.S. Representative,Congressional District 4,Devin Poore,Cascade Party,,,https://voter.votewa.gov/elections/voterguide.ashx?e=898&la=en&c=03&p=
WA,Benton,ocd-division/country:us/state:wa/cd:4,2026-08-04,Primary,candidate,U.S. Representative,Congressional District 4,Elpidia Saavedra,Republican Party,,,https://voter.votewa.gov/elections/voterguide.ashx?e=898&la=en&c=03&p=
WA,Benton,ocd-division/country:us/state:wa/cd:4,2026-08-04,Primary,candidate,U.S. Representative,Congressional District 4,Favian Valencia,Independent Party,,,https://voter.votewa.gov/elections/voterguide.ashx?e=898&la=en&c=03&p=
WA,Benton,ocd-division/country:us/state:wa/cd:4,2026-08-04,Primary,candidate,U.S. Representative,Congressional District 4,"Jacek ""Jack"" Kobiesa",No Party Preference,,,https://voter.votewa.gov/elections/voterguide.ashx?e=898&la=en&c=03&p=
WA,Benton,ocd-division/country:us/state:wa/cd:4,2026-08-04,Primary,candidate,U.S. Representative,Congressional District 4,Jerrod Sessler,Republican Party,,,https://voter.votewa.gov/elections/voterguide.ashx?e=898&la=en&c=03&p=
WA,Benton,ocd-division/country:us/state:wa/cd:4,2026-08-04,Primary,candidate,U.S. Representative,Congressional District 4,John C. Hughs,Republican Party,,,https://voter.votewa.gov/elections/voterguide.ashx?e=898&la=en&c=03&p=
WA,Benton,ocd-division/country:us/state:wa/cd:4,2026-08-04,Primary,candidate,U.S. Representative,Congressional District 4,John Duresky,Democratic Party,,,https://voter.votewa.gov/elections/voterguide.ashx?e=898&la=en&c=03&p=
WA,Benton,ocd-division/country:us/state:wa/cd:4,2026-08-04,Primary,candidate,U.S. Representative,Congressional District 4,Ken Vaz,Republican Party,,,https://voter.votewa.gov/elections/voterguide.ashx?e=898&la=en&c=03&p=
WA,Benton,ocd-division/country:us/state:wa/cd:4,2026-08-04,Primary,candidate,U.S. Representative,Congressional District 4,Matt Boehnke,Republican Party,,,https://voter.votewa.gov/elections/voterguide.ashx?e=898&la=en&c=03&p=
WA,Benton,ocd-division/country:us/state:wa/cd:4,2026-08-04,Primary,candidate,U.S. Representative,Congressional District 4,Zac Rossi,No Party Preference,,,https://voter.votewa.gov/elections/voterguide.ashx?e=898&la=en&c=03&p=
WA,Benton,ocd-division/country:us/state:wa/county:benton,2026-08-04,Primary,measure,,,,,7173,Fire District #6 - Proposition No. 1,https://voter.votewa.gov/elections/voterguide.ashx?e=898&la=en&c=03&p=
WA,Benton,ocd-division/country:us/state:wa/county:benton,2026-08-04,Primary,measure,,,,,7187,Fire District #4 - Proposition No. 1,https://voter.votewa.gov/elections/voterguide.ashx?e=898&la=en&c=03&p=
WA,Chelan,ocd-division/country:us/state:wa/county:chelan,2026-08-04,Primary,candidate,ASSESSOR,Chelan County,Britini Port,Independent Party,,,https://voter.votewa.gov/elections/voterguide.ashx?e=898&la=en&c=04&p=
WA,Chelan,ocd-division/country:us/state:wa/county:chelan,2026-08-04,Primary,candidate,ASSESSOR,Chelan County,Wes Cornelius,GOP Party,,,https://voter.votewa.gov/elections/voterguide.ashx?e=898&la=en&c=04&p=
WA,Chelan,ocd-division/country:us/state:wa/county:chelan,2026-08-04,Primary,candidate,AUDITOR,Chelan County,Brandt Cappell,Republican Party,,,https://voter.votewa.gov/elections/voterguide.ashx?e=898&la=en&c=04&p=
WA,Chelan,ocd-division/country:us/state:wa/county:chelan,2026-08-04,Primary,candidate,AUDITOR,Chelan County,Brian Brett,Republican Party,,,https://voter.votewa.gov/elections/voterguide.ashx?e=898&la=en&c=04&p=
WA,Chelan,ocd-division/country:us/state:wa/county:chelan,2026-08-04,Primary,candidate,CLERK,Chelan County,Charlene Beck,No Party Preference,,,https://voter.votewa.gov/elections/voterguide.ashx?e=898&la=en&c=04&p=
WA,Chelan,ocd-division/country:us/state:wa/county:chelan,2026-08-04,Primary,candidate,CLERK,Chelan County,Marty Young,Republican Party,,,https://voter.votewa.gov/elections/voterguide.ashx?e=898&la=en&c=04&p=
WA,Chelan,ocd-division/country:us/state:wa/county:chelan,2026-08-04,Primary,candidate,CLERK,Chelan County,Samantha J Thompson,Republican Party,,,https://voter.votewa.gov/elections/voterguide.ashx?e=898&la=en&c=04&p=
WA,Chelan,ocd-division/country:us/state:wa/county:chelan,2026-08-04,Primary,candidate,CLERK,Chelan County,Sandra Arechiga,Independent Party,,,https://voter.votewa.gov/elections/voterguide.ashx?e=898&la=en&c=04&p=
WA,Chelan,ocd-division/country:us/state:wa/county:chelan,2026-08-04,Primary,candidate,COMMISSIONER DISTRICT NO. 2,Co Commissioner District No. 2,Clint Strand,Democrat Party,,,https://voter.votewa.gov/elections/voterguide.ashx?e=898&la=en&c=04&p=
WA,Chelan,ocd-division/country:us/state:wa/county:chelan,2026-08-04,Primary,candidate,COMMISSIONER DISTRICT NO. 2,Co Commissioner District No. 2,Nathanial Helligso,Independent Party,,,https://voter.votewa.gov/elections/voterguide.ashx?e=898&la=en&c=04&p=
WA,Chelan,ocd-division/country:us/state:wa/county:chelan,2026-08-04,Primary,candidate,COMMISSIONER DISTRICT NO. 2,Co Commissioner District No. 2,Shon D. Smith,Republican Party,,,https://voter.votewa.gov/elections/voterguide.ashx?e=898&la=en&c=04&p=
WA,Chelan,ocd-division/country:us/state:wa/county:chelan,2026-08-04,Primary,candidate,CORONER,Chelan County,Earl J. Crowe,Republican Party,,,https://voter.votewa.gov/elections/voterguide.ashx?e=898&la=en&c=04&p=
WA,Chelan,ocd-division/country:us/state:wa/county:chelan,2026-08-04,Primary,candidate,Justice Position #01,Supreme Court,Colleen Melody,,,,https://voter.votewa.gov/elections/voterguide.ashx?e=898&la=en&c=04&p=
WA,Chelan,ocd-division/country:us/state:wa/county:chelan,2026-08-04,Primary,candidate,Justice Position #01,Supreme Court,Laura Christensen Colberg,,,,https://voter.votewa.gov/elections/voterguide.ashx?e=898&la=en&c=04&p=
WA,Chelan,ocd-division/country:us/state:wa/county:chelan,2026-08-04,Primary,candidate,Justice Position #01,Supreme Court,Scott Edwards,,,,https://voter.votewa.gov/elections/voterguide.ashx?e=898&la=en&c=04&p=
WA,Chelan,ocd-division/country:us/state:wa/county:chelan,2026-08-04,Primary,candidate,Justice Position #03,Supreme Court,David Stevens,,,,https://voter.votewa.gov/elections/voterguide.ashx?e=898&la=en&c=04&p=
WA,Chelan,ocd-division/country:us/state:wa/county:chelan,2026-08-04,Primary,candidate,Justice Position #03,Supreme Court,Jaime Michelle Hawk,,,,https://voter.votewa.gov/elections/voterguide.ashx?e=898&la=en&c=04&p=
WA,Chelan,ocd-division/country:us/state:wa/county:chelan,2026-08-04,Primary,candidate,Justice Position #03,Supreme Court,Mike Diaz,,,,https://voter.votewa.gov/elections/voterguide.ashx?e=898&la=en&c=04&p=
WA,Chelan,ocd-division/country:us/state:wa/county:chelan,2026-08-04,Primary,candidate,Justice Position #05,Supreme Court,Dave Larson,,,,https://voter.votewa.gov/elections/voterguide.ashx?e=898&la=en&c=04&p=
WA,Chelan,ocd-division/country:us/state:wa/county:chelan,2026-08-04,Primary,candidate,Justice Position #05,Supreme Court,Greg Miller,,,,https://voter.votewa.gov/elections/voterguide.ashx?e=898&la=en&c=04&p=
WA,Chelan,ocd-division/country:us/state:wa/county:chelan,2026-08-04,Primary,candidate,Justice Position #05,Supreme Court,Sharonda Amamilo,,,,https://voter.votewa.gov/elections/voterguide.ashx?e=898&la=en&c=04&p=
WA,Chelan,ocd-division/country:us/state:wa/county:chelan,2026-08-04,Primary,candidate,Justice Position #05,Supreme Court,Theo Angelis,,,,https://voter.votewa.gov/elections/voterguide.ashx?e=898&la=en&c=04&p=
WA,Chelan,ocd-division/country:us/state:wa/county:chelan,2026-08-04,Primary,candidate,Justice Position #07,Supreme Court,David R Shelvey,,,,https://voter.votewa.gov/elections/voterguide.ashx?e=898&la=en&c=04&p=
WA,Chelan,ocd-division/country:us/state:wa/county:chelan,2026-08-04,Primary,candidate,Justice Position #07,Supreme Court,Debra L. Stephens,,,,https://voter.votewa.gov/elections/voterguide.ashx?e=898&la=en&c=04&p=
WA,Chelan,ocd-division/country:us/state:wa/county:chelan,2026-08-04,Primary,candidate,Justice Position #07,Supreme Court,Karim A. Merchant,,,,https://voter.votewa.gov/elections/voterguide.ashx?e=898&la=en&c=04&p=
WA,Chelan,ocd-division/country:us/state:wa/county:chelan,2026-08-04,Primary,candidate,Justice Position #07,Supreme Court,Todd A. Bloom,,,,https://voter.votewa.gov/elections/voterguide.ashx?e=898&la=en&c=04&p=
WA,Chelan,ocd-division/country:us/state:wa/county:chelan,2026-08-04,Primary,candidate,PROSECUTING ATTORNEY,Chelan County,Robert W. Sealby,Republican Party,,,https://voter.votewa.gov/elections/voterguide.ashx?e=898&la=en&c=04&p=
WA,Chelan,ocd-division/country:us/state:wa/county:chelan,2026-08-04,Primary,candidate,SHERIFF,Chelan County,Mike Morrison,Republican Party,,,https://voter.votewa.gov/elections/voterguide.ashx?e=898&la=en&c=04&p=
WA,Chelan,ocd-division/country:us/state:wa/county:chelan,2026-08-04,Primary,candidate,SHERIFF,Chelan County,Stan Langlow,Republican Party,,,https://voter.votewa.gov/elections/voterguide.ashx?e=898&la=en&c=04&p=
WA,Chelan,ocd-division/country:us/state:wa/sldl:7,2026-08-04,Primary,candidate,State Representative Pos. 1,Legislative District 7,Andrew Engell,Republican Party,,,https://voter.votewa.gov/elections/voterguide.ashx?e=898&la=en&c=04&p=
WA,Chelan,ocd-division/country:us/state:wa/sldl:12,2026-08-04,Primary,candidate,State Representative Pos. 1,Legislative District 12,Brian Burnett,Republican Party,,,https://voter.votewa.gov/elections/voterguide.ashx?e=898&la=en&c=04&p=
WA,Chelan,ocd-division/country:us/state:wa/sldl:12,2026-08-04,Primary,candidate,State Representative Pos. 1,Legislative District 12,Stacy Willoughby,Democratic Party,,,https://voter.votewa.gov/elections/voterguide.ashx?e=898&la=en&c=04&p=
WA,Chelan,ocd-division/country:us/state:wa/sldl:7,2026-08-04,Primary,candidate,State Representative Pos. 2,Legislative District 7,Hunter Abell,Republican Party,,,https://voter.votewa.gov/elections/voterguide.ashx?e=898&la=en&c=04&p=
WA,Chelan,ocd-division/country:us/state:wa/sldl:12,2026-08-04,Primary,candidate,State Representative Pos. 2,Legislative District 12,Adam James,Republican Party,,,https://voter.votewa.gov/elections/voterguide.ashx?e=898&la=en&c=04&p=
WA,Chelan,ocd-division/country:us/state:wa/sldl:12,2026-08-04,Primary,candidate,State Representative Pos. 2,Legislative District 12,Maggie Adams,Democratic Party,,,https://voter.votewa.gov/elections/voterguide.ashx?e=898&la=en&c=04&p=
WA,Chelan,ocd-division/country:us/state:wa/sldl:12,2026-08-04,Primary,candidate,State Representative Pos. 2,Legislative District 12,Mike Steele,Republican Party,,,https://voter.votewa.gov/elections/voterguide.ashx?e=898&la=en&c=04&p=
WA,Chelan,ocd-division/country:us/state:wa/sldu:7,2026-08-04,Primary,candidate,State Senator,Legislative District 7,Brandon Ray Medina,Republican Party,,,https://voter.votewa.gov/elections/voterguide.ashx?e=898&la=en&c=04&p=
WA,Chelan,ocd-division/country:us/state:wa/sldu:7,2026-08-04,Primary,candidate,State Senator,Legislative District 7,David Swoap,Republican Party,,,https://voter.votewa.gov/elections/voterguide.ashx?e=898&la=en&c=04&p=
WA,Chelan,ocd-division/country:us/state:wa/sldu:7,2026-08-04,Primary,candidate,State Senator,Legislative District 7,Ronald L McCoy,Independent Party,,,https://voter.votewa.gov/elections/voterguide.ashx?e=898&la=en&c=04&p=
WA,Chelan,ocd-division/country:us/state:wa/sldu:7,2026-08-04,Primary,candidate,State Senator,Legislative District 7,Shelly Short,Republican Party,,,https://voter.votewa.gov/elections/voterguide.ashx?e=898&la=en&c=04&p=
WA,Chelan,ocd-division/country:us/state:wa,2026-08-04,Primary,candidate,TREASURER,Chelan County,Doug Miller,Democratic Party,,,https://voter.votewa.gov/elections/voterguide.ashx?e=898&la=en&c=04&p=
WA,Chelan,ocd-division/country:us/state:wa,2026-08-04,Primary,candidate,TREASURER,Chelan County,Richard (Rick) Viall,GOP Party,,,https://voter.votewa.gov/elections/voterguide.ashx?e=898&la=en&c=04&p=
WA,Chelan,ocd-division/country:us/state:wa/cd:8,2026-08-04,Primary,candidate,U.S. Representative,Congressional District 8,Andres Valleza,Republican Party,,,https://voter.votewa.gov/elections/voterguide.ashx?e=898&la=en&c=04&p=
WA,Chelan,ocd-division/country:us/state:wa/cd:8,2026-08-04,Primary,candidate,U.S. Representative,Congressional District 8,Bob Hagglund,Republican Party,,,https://voter.votewa.gov/elections/voterguide.ashx?e=898&la=en&c=04&p=
WA,Chelan,ocd-division/country:us/state:wa/cd:8,2026-08-04,Primary,candidate,U.S. Representative,Congressional District 8,Keith Arnold,Democratic Party,,,https://voter.votewa.gov/elections/voterguide.ashx?e=898&la=en&c=04&p=
WA,Chelan,ocd-division/country:us/state:wa/cd:8,2026-08-04,Primary,candidate,U.S. Representative,Congressional District 8,Kim Schrier,Democratic Party,,,https://voter.votewa.gov/elections/voterguide.ashx?e=898&la=en&c=04&p=
WA,Chelan,ocd-division/country:us/state:wa/cd:8,2026-08-04,Primary,candidate,U.S. Representative,Congressional District 8,Spencer Meline,Republican Party,,,https://voter.votewa.gov/elections/voterguide.ashx?e=898&la=en&c=04&p=
WA,Chelan,ocd-division/country:us/state:wa/cd:8,2026-08-04,Primary,candidate,U.S. Representative,Congressional District 8,Trinh Ha,Republican Party,,,https://voter.votewa.gov/elections/voterguide.ashx?e=898&la=en&c=04&p=
WA,Clallam,ocd-division/country:us/state:wa/county:clallam,2026-08-04,Primary,candidate,Commissioner District No. 2,Pud 1 Commissioner Dist 2,John W “Jack” Smith,,,,https://voter.votewa.gov/elections/voterguide.ashx?e=898&la=en&c=05&p=
WA,Clallam,ocd-division/country:us/state:wa/county:clallam,2026-08-04,Primary,candidate,Commissioner District No. 2,Pud 1 Commissioner Dist 2,Missi Baker,,,,https://voter.votewa.gov/elections/voterguide.ashx?e=898&la=en&c=05&p=
WA,Clallam,ocd-division/country:us/state:wa/county:clallam,2026-08-04,Primary,candidate,Commissioner District No. 2,Pud 1 Commissioner Dist 2,Randy Brackett,,,,https://voter.votewa.gov/elections/voterguide.ashx?e=898&la=en&c=05&p=
WA,Clallam,ocd-division/country:us/state:wa/county:clallam,2026-08-04,Primary,candidate,Commissioner District No. 2,Pud 1 Commissioner Dist 2,Rick Paschall,,,,https://voter.votewa.gov/elections/voterguide.ashx?e=898&la=en&c=05&p=
WA,Clallam,ocd-division/country:us/state:wa/county:clallam,2026-08-04,Primary,candidate,Commissioner District No. 2,Pud 1 Commissioner Dist 2,Timothy Dalton,,,,https://voter.votewa.gov/elections/voterguide.ashx?e=898&la=en&c=05&p=
WA,Clallam,ocd-division/country:us/state:wa/county:clallam,2026-08-04,Primary,candidate,County Commissioner Dist. No. 3,County Commissioner District No. 3,Jake Seegers,Independent Party,,,https://voter.votewa.gov/elections/voterguide.ashx?e=898&la=en&c=05&p=
WA,Clallam,ocd-division/country:us/state:wa/county:clallam,2026-08-04,Primary,candidate,County Commissioner Dist. No. 3,County Commissioner District No. 3,Mike French,Democratic Party,,,https://voter.votewa.gov/elections/voterguide.ashx?e=898&la=en&c=05&p=
WA,Clallam,ocd-division/country:us/state:wa/county:clallam,2026-08-04,Primary,candidate,Justice Position #01,Supreme Court,Colleen Melody,,,,https://voter.votewa.gov/elections/voterguide.ashx?e=898&la=en&c=05&p=
WA,Clallam,ocd-division/country:us/state:wa/county:clallam,2026-08-04,Primary,candidate,Justice Position #01,Supreme Court,Laura Christensen Colberg,,,,https://voter.votewa.gov/elections/voterguide.ashx?e=898&la=en&c=05&p=
WA,Clallam,ocd-division/country:us/state:wa/county:clallam,2026-08-04,Primary,candidate,Justice Position #01,Supreme Court,Scott Edwards,,,,https://voter.votewa.gov/elections/voterguide.ashx?e=898&la=en&c=05&p=
WA,Clallam,ocd-division/country:us/state:wa/county:clallam,2026-08-04,Primary,candidate,Justice Position #03,Supreme Court,David Stevens,,,,https://voter.votewa.gov/elections/voterguide.ashx?e=898&la=en&c=05&p=
WA,Clallam,ocd-division/country:us/state:wa/county:clallam,2026-08-04,Primary,candidate,Justice Position #03,Supreme Court,Jaime Michelle Hawk,,,,https://voter.votewa.gov/elections/voterguide.ashx?e=898&la=en&c=05&p=
WA,Clallam,ocd-division/country:us/state:wa/county:clallam,2026-08-04,Primary,candidate,Justice Position #03,Supreme Court,Mike Diaz,,,,https://voter.votewa.gov/elections/voterguide.ashx?e=898&la=en&c=05&p=
WA,Clallam,ocd-division/country:us/state:wa/county:clallam,2026-08-04,Primary,candidate,Justice Position #05,Supreme Court,Dave Larson,,,,https://voter.votewa.gov/elections/voterguide.ashx?e=898&la=en&c=05&p=
WA,Clallam,ocd-division/country:us/state:wa/county:clallam,2026-08-04,Primary,candidate,Justice Position #05,Supreme Court,Greg Miller,,,,https://voter.votewa.gov/elections/voterguide.ashx?e=898&la=en&c=05&p=
WA,Clallam,ocd-division/country:us/state:wa/county:clallam,2026-08-04,Primary,candidate,Justice Position #05,Supreme Court,Sharonda Amamilo,,,,https://voter.votewa.gov/elections/voterguide.ashx?e=898&la=en&c=05&p=
WA,Clallam,ocd-division/country:us/state:wa/county:clallam,2026-08-04,Primary,candidate,Justice Position #05,Supreme Court,Theo Angelis,,,,https://voter.votewa.gov/elections/voterguide.ashx?e=898&la=en&c=05&p=
WA,Clallam,ocd-division/country:us/state:wa/county:clallam,2026-08-04,Primary,candidate,Justice Position #07,Supreme Court,David R Shelvey,,,,https://voter.votewa.gov/elections/voterguide.ashx?e=898&la=en&c=05&p=
WA,Clallam,ocd-division/country:us/state:wa/county:clallam,2026-08-04,Primary,candidate,Justice Position #07,Supreme Court,Debra L. Stephens,,,,https://voter.votewa.gov/elections/voterguide.ashx?e=898&la=en&c=05&p=
WA,Clallam,ocd-division/country:us/state:wa/county:clallam,2026-08-04,Primary,candidate,Justice Position #07,Supreme Court,Karim A. Merchant,,,,https://voter.votewa.gov/elections/voterguide.ashx?e=898&la=en&c=05&p=
WA,Clallam,ocd-division/country:us/state:wa/county:clallam,2026-08-04,Primary,candidate,Justice Position #07,Supreme Court,Todd A. Bloom,,,,https://voter.votewa.gov/elections/voterguide.ashx?e=898&la=en&c=05&p=
WA,Clallam,ocd-division/country:us/state:wa/county:clallam,2026-08-04,Primary,candidate,Precinct Committee Officer - Democratic,Port Angeles 101,Bradley Nemo Callaway,,,,https://voter.votewa.gov/elections/voterguide.ashx?e=898&la=en&c=05&p=
WA,Clallam,ocd-division/country:us/state:wa/county:clallam,2026-08-04,Primary,candidate,Precinct Committee Officer - Democratic,Port Angeles 101,Judith M Morris,,,,https://voter.votewa.gov/elections/voterguide.ashx?e=898&la=en&c=05&p=
WA,Clallam,ocd-division/country:us/state:wa/county:clallam,2026-08-04,Primary,candidate,Precinct Committee Officer - Democratic,Blue Mountain 209,Brenda S Carpenter,,,,https://voter.votewa.gov/elections/voterguide.ashx?e=898&la=en&c=05&p=
WA,Clallam,ocd-division/country:us/state:wa/county:clallam,2026-08-04,Primary,candidate,Precinct Committee Officer - Democratic,Blue Mountain 209,Brian Pruiett,,,,https://voter.votewa.gov/elections/voterguide.ashx?e=898&la=en&c=05&p=
WA,Clallam,ocd-division/country:us/state:wa/sldl:24,2026-08-04,Primary,candidate,State Representative Pos. 1,Legislative District 24,Adam Bernbaum,Democratic Party,,,https://voter.votewa.gov/elections/voterguide.ashx?e=898&la=en&c=05&p=
WA,Clallam,ocd-division/country:us/state:wa/sldl:24,2026-08-04,Primary,candidate,State Representative Pos. 1,Legislative District 24,Aiden I.R. Hamilton,Republican Party,,,https://voter.votewa.gov/elections/voterguide.ashx?e=898&la=en&c=05&p=
WA,Clallam,ocd-division/country:us/state:wa/sldl:24,2026-08-04,Primary,candidate,State Representative Pos. 1,Legislative District 24,Eric W. Pratt,Republican Party,,,https://voter.votewa.gov/elections/voterguide.ashx?e=898&la=en&c=05&p=
WA,Clallam,ocd-division/country:us/state:wa/sldl:24,2026-08-04,Primary,candidate,State Representative Pos. 1,Legislative District 24,Ted Bowen,Independent Party,,,https://voter.votewa.gov/elections/voterguide.ashx?e=898&la=en&c=05&p=
WA,Clallam,ocd-division/country:us/state:wa/sldl:24,2026-08-04,Primary,candidate,State Representative Pos. 2,Legislative District 24,Bradley Nemo Callaway,Democratic Party,,,https://voter.votewa.gov/elections/voterguide.ashx?e=898&la=en&c=05&p=
WA,Clallam,ocd-division/country:us/state:wa/sldl:24,2026-08-04,Primary,candidate,State Representative Pos. 2,Legislative District 24,Kaylee Kuehn,Democratic Party,,,https://voter.votewa.gov/elections/voterguide.ashx?e=898&la=en&c=05&p=
WA,Clallam,ocd-division/country:us/state:wa/sldl:24,2026-08-04,Primary,candidate,State Representative Pos. 2,Legislative District 24,Marcia Kelbon,No Party Preference,,,https://voter.votewa.gov/elections/voterguide.ashx?e=898&la=en&c=05&p=
WA,Clallam,ocd-division/country:us/state:wa/sldl:24,2026-08-04,Primary,candidate,State Representative Pos. 2,Legislative District 24,Mark Hodgson,Democratic Party,,,https://voter.votewa.gov/elections/voterguide.ashx?e=898&la=en&c=05&p=
WA,Clallam,ocd-division/country:us/state:wa/sldl:24,2026-08-04,Primary,candidate,State Representative Pos. 2,Legislative District 24,Patrick DePoe,Democratic Party,,,https://voter.votewa.gov/elections/voterguide.ashx?e=898&la=en&c=05&p=
WA,Clallam,ocd-division/country:us/state:wa/cd:6,2026-08-04,Primary,candidate,U.S. Representative,Congressional District No. 6,Brian P. O'Gorman,Independent Party,,,https://voter.votewa.gov/elections/voterguide.ashx?e=898&la=en&c=05&p=
WA,Clallam,ocd-division/country:us/state:wa/cd:6,2026-08-04,Primary,candidate,U.S. Representative,Congressional District No. 6,Emily Randall,Democratic Party,,,https://voter.votewa.gov/elections/voterguide.ashx?e=898&la=en&c=05&p=
WA,Clallam,ocd-division/country:us/state:wa/cd:6,2026-08-04,Primary,candidate,U.S. Representative,Congressional District No. 6,Leon Lawson,Trump Republican Party,,,https://voter.votewa.gov/elections/voterguide.ashx?e=898&la=en&c=05&p=
WA,Clallam,ocd-division/country:us/state:wa/cd:6,2026-08-04,Primary,candidate,U.S. Representative,Congressional District No. 6,Macy Jones,No Party Preference,,,https://voter.votewa.gov/elections/voterguide.ashx?e=898&la=en&c=05&p=
WA,Clallam,ocd-division/country:us/state:wa/cd:6,2026-08-04,Primary,candidate,U.S. Representative,Congressional District No. 6,Teresa Fox,Republican Party,,,https://voter.votewa.gov/elections/voterguide.ashx?e=898&la=en&c=05&p=
WA,Clallam,ocd-division/country:us/state:wa/county:clallam,2026-08-04,Primary,measure,,,,,7218,Fire Protection District No. 2 - Proposition 1,https://voter.votewa.gov/elections/voterguide.ashx?e=898&la=en&c=05&p=
WA,Clark,ocd-division/country:us/state:wa/county:clark,2026-08-04,Primary,candidate,"COMMISSIONER, DISTRICT NO. 3",Clark Public Utilities - Comm. Dist. #3,Gordon Matthews,,,,https://voter.votewa.gov/elections/voterguide.ashx?e=898&la=en&c=06&p=
WA,Clark,ocd-division/country:us/state:wa/county:clark,2026-08-04,Primary,candidate,"COMMISSIONER, DISTRICT NO. 3",Clark Public Utilities - Comm. Dist. #3,Jane A. Van Dyke,,,,https://voter.votewa.gov/elections/voterguide.ashx?e=898&la=en&c=06&p=
WA,Clark,ocd-division/country:us/state:wa/county:clark,2026-08-04,Primary,candidate,"COMMISSIONER, DISTRICT NO. 3",Clark Public Utilities - Comm. Dist. #3,Kevin Roegner,,,,https://voter.votewa.gov/elections/voterguide.ashx?e=898&la=en&c=06&p=
WA,Clark,ocd-division/country:us/state:wa/county:clark,2026-08-04,Primary,candidate,"COUNCILOR, DISTRICT NO. 1",County Councilor District No. 1,Bryan Shull,,,,https://voter.votewa.gov/elections/voterguide.ashx?e=898&la=en&c=06&p=
WA,Clark,ocd-division/country:us/state:wa/county:clark,2026-08-04,Primary,candidate,"COUNCILOR, DISTRICT NO. 1",County Councilor District No. 1,Dusti Arab,,,,https://voter.votewa.gov/elections/voterguide.ashx?e=898&la=en&c=06&p=
WA,Clark,ocd-division/country:us/state:wa/county:clark,2026-08-04,Primary,candidate,"COUNCILOR, DISTRICT NO. 1",County Councilor District No. 1,Glen Yung,,,,https://voter.votewa.gov/elections/voterguide.ashx?e=898&la=en&c=06&p=
WA,Clark,ocd-division/country:us/state:wa/county:clark,2026-08-04,Primary,candidate,"COUNCILOR, DISTRICT NO. 1",County Councilor District No. 1,Lukas Bardue,,,,https://voter.votewa.gov/elections/voterguide.ashx?e=898&la=en&c=06&p=
WA,Clark,ocd-division/country:us/state:wa/county:clark,2026-08-04,Primary,candidate,"COUNCILOR, DISTRICT NO. 2",County Councilor District No. 2,John Zingale,,,,https://voter.votewa.gov/elections/voterguide.ashx?e=898&la=en&c=06&p=
WA,Clark,ocd-division/country:us/state:wa/county:clark,2026-08-04,Primary,candidate,"COUNCILOR, DISTRICT NO. 2",County Councilor District No. 2,Martin Pittioni,,,,https://voter.votewa.gov/elections/voterguide.ashx?e=898&la=en&c=06&p=
WA,Clark,ocd-division/country:us/state:wa/county:clark,2026-08-04,Primary,candidate,"COUNCILOR, DISTRICT NO. 2",County Councilor District No. 2,Michelle Belkot,,,,https://voter.votewa.gov/elections/voterguide.ashx?e=898&la=en&c=06&p=
WA,Clark,ocd-division/country:us/state:wa/county:clark,2026-08-04,Primary,candidate,"COUNCILOR, DISTRICT NO. 5",County Councilor District No. 5,Peter Silliman,,,,https://voter.votewa.gov/elections/voterguide.ashx?e=898&la=en&c=06&p=
WA,Clark,ocd-division/country:us/state:wa/county:clark,2026-08-04,Primary,candidate,"COUNCILOR, DISTRICT NO. 5",County Councilor District No. 5,Troy McCoy,,,,https://voter.votewa.gov/elections/voterguide.ashx?e=898&la=en&c=06&p=
WA,Clark,ocd-division/country:us/state:wa/county:clark,2026-08-04,Primary,candidate,COUNTY ASSESSOR,County,Peter Van Nortwick,,,,https://voter.votewa.gov/elections/voterguide.ashx?e=898&la=en&c=06&p=
WA,Clark,ocd-division/country:us/state:wa/county:clark,2026-08-04,Primary,candidate,COUNTY ASSESSOR,County,Tyler Thoune,,,,https://voter.votewa.gov/elections/voterguide.ashx?e=898&la=en&c=06&p=
WA,Clark,ocd-division/country:us/state:wa/county:clark,2026-08-04,Primary,candidate,COUNTY AUDITOR,County,Eileen Quiring O'Brien,,,,https://voter.votewa.gov/elections/voterguide.ashx?e=898&la=en&c=06&p=
WA,Clark,ocd-division/country:us/state:wa/county:clark,2026-08-04,Primary,candidate,COUNTY AUDITOR,County,Mitchell Kelly,,,,https://voter.votewa.gov/elections/voterguide.ashx?e=898&la=en&c=06&p=
WA,Clark,ocd-division/country:us/state:wa/county:clark,2026-08-04,Primary,candidate,COUNTY AUDITOR,County,Sharon Wylie,,,,https://voter.votewa.gov/elections/voterguide.ashx?e=898&la=en&c=06&p=
WA,Clark,ocd-division/country:us/state:wa/county:clark,2026-08-04,Primary,candidate,COUNTY AUDITOR,County,Ty Stober,,,,https://voter.votewa.gov/elections/voterguide.ashx?e=898&la=en&c=06&p=
WA,Clark,ocd-division/country:us/state:wa/county:clark,2026-08-04,Primary,candidate,COUNTY CLERK,County,Gerald E. Gray,,,,https://voter.votewa.gov/elections/voterguide.ashx?e=898&la=en&c=06&p=
WA,Clark,ocd-division/country:us/state:wa/county:clark,2026-08-04,Primary,candidate,COUNTY CLERK,County,Rachel Shapiro,,,,https://voter.votewa.gov/elections/voterguide.ashx?e=898&la=en&c=06&p=
WA,Clark,ocd-division/country:us/state:wa/county:clark,2026-08-04,Primary,candidate,COUNTY CLERK,County,Scott G Weber,,,,https://voter.votewa.gov/elections/voterguide.ashx?e=898&la=en&c=06&p=
WA,Clark,ocd-division/country:us/state:wa/county:clark,2026-08-04,Primary,candidate,COUNTY PROSECUTING ATTORNEY,County,Laurel Smith,,,,https://voter.votewa.gov/elections/voterguide.ashx?e=898&la=en&c=06&p=
WA,Clark,ocd-division/country:us/state:wa/county:clark,2026-08-04,Primary,candidate,COUNTY SHERIFF,County,John Horch,,,,https://voter.votewa.gov/elections/voterguide.ashx?e=898&la=en&c=06&p=
WA,Clark,ocd-division/country:us/state:wa/county:clark,2026-08-04,Primary,candidate,COUNTY TREASURER,County,Alishia Topper,,,,https://voter.votewa.gov/elections/voterguide.ashx?e=898&la=en&c=06&p=
WA,Clark,ocd-division/country:us/state:wa/county:clark,2026-08-04,Primary,candidate,Justice Position #01,Supreme Court,Colleen Melody,,,,https://voter.votewa.gov/elections/voterguide.ashx?e=898&la=en&c=06&p=
WA,Clark,ocd-division/country:us/state:wa/county:clark,2026-08-04,Primary,candidate,Justice Position #01,Supreme Court,Laura Christensen Colberg,,,,https://voter.votewa.gov/elections/voterguide.ashx?e=898&la=en&c=06&p=
WA,Clark,ocd-division/country:us/state:wa/county:clark,2026-08-04,Primary,candidate,Justice Position #01,Supreme Court,Scott Edwards,,,,https://voter.votewa.gov/elections/voterguide.ashx?e=898&la=en&c=06&p=
WA,Clark,ocd-division/country:us/state:wa/county:clark,2026-08-04,Primary,candidate,Justice Position #03,Supreme Court,David Stevens,,,,https://voter.votewa.gov/elections/voterguide.ashx?e=898&la=en&c=06&p=
WA,Clark,ocd-division/country:us/state:wa/county:clark,2026-08-04,Primary,candidate,Justice Position #03,Supreme Court,Jaime Michelle Hawk,,,,https://voter.votewa.gov/elections/voterguide.ashx?e=898&la=en&c=06&p=
WA,Clark,ocd-division/country:us/state:wa/county:clark,2026-08-04,Primary,candidate,Justice Position #03,Supreme Court,Mike Diaz,,,,https://voter.votewa.gov/elections/voterguide.ashx?e=898&la=en&c=06&p=
WA,Clark,ocd-division/country:us/state:wa/county:clark,2026-08-04,Primary,candidate,Justice Position #05,Supreme Court,Dave Larson,,,,https://voter.votewa.gov/elections/voterguide.ashx?e=898&la=en&c=06&p=
WA,Clark,ocd-division/country:us/state:wa/county:clark,2026-08-04,Primary,candidate,Justice Position #05,Supreme Court,Greg Miller,,,,https://voter.votewa.gov/elections/voterguide.ashx?e=898&la=en&c=06&p=
WA,Clark,ocd-division/country:us/state:wa/county:clark,2026-08-04,Primary,candidate,Justice Position #05,Supreme Court,Sharonda Amamilo,,,,https://voter.votewa.gov/elections/voterguide.ashx?e=898&la=en&c=06&p=
WA,Clark,ocd-division/country:us/state:wa/county:clark,2026-08-04,Primary,candidate,Justice Position #05,Supreme Court,Theo Angelis,,,,https://voter.votewa.gov/elections/voterguide.ashx?e=898&la=en&c=06&p=
WA,Clark,ocd-division/country:us/state:wa/county:clark,2026-08-04,Primary,candidate,Justice Position #07,Supreme Court,David R Shelvey,,,,https://voter.votewa.gov/elections/voterguide.ashx?e=898&la=en&c=06&p=
WA,Clark,ocd-division/country:us/state:wa/county:clark,2026-08-04,Primary,candidate,Justice Position #07,Supreme Court,Debra L. Stephens,,,,https://voter.votewa.gov/elections/voterguide.ashx?e=898&la=en&c=06&p=
WA,Clark,ocd-division/country:us/state:wa/county:clark,2026-08-04,Primary,candidate,Justice Position #07,Supreme Court,Karim A. Merchant,,,,https://voter.votewa.gov/elections/voterguide.ashx?e=898&la=en&c=06&p=
WA,Clark,ocd-division/country:us/state:wa/county:clark,2026-08-04,Primary,candidate,Justice Position #07,Supreme Court,Todd A. Bloom,,,,https://voter.votewa.gov/elections/voterguide.ashx?e=898&la=en&c=06&p=
WA,Clark,ocd-division/country:us/state:wa/county:clark,2026-08-04,Primary,candidate,Precinct Committee Officer - Democratic,150,Monica Zazueta Tabor,,,,https://voter.votewa.gov/elections/voterguide.ashx?e=898&la=en&c=06&p=
WA,Clark,ocd-division/country:us/state:wa/county:clark,2026-08-04,Primary,candidate,Precinct Committee Officer - Democratic,150,Patrick Adigweme,,,,https://voter.votewa.gov/elections/voterguide.ashx?e=898&la=en&c=06&p=
WA,Clark,ocd-division/country:us/state:wa/county:clark,2026-08-04,Primary,candidate,Precinct Committee Officer - Democratic,170,Joe Maldonado,,,,https://voter.votewa.gov/elections/voterguide.ashx?e=898&la=en&c=06&p=
WA,Clark,ocd-division/country:us/state:wa/county:clark,2026-08-04,Primary,candidate,Precinct Committee Officer - Democratic,170,Stephanie VanVolkinburg,,,,https://voter.votewa.gov/elections/voterguide.ashx?e=898&la=en&c=06&p=
WA,Clark,ocd-division/country:us/state:wa/county:clark,2026-08-04,Primary,candidate,Precinct Committee Officer - Democratic,225,Anne Wiley,,,,https://voter.votewa.gov/elections/voterguide.ashx?e=898&la=en&c=06&p=
WA,Clark,ocd-division/country:us/state:wa/county:clark,2026-08-04,Primary,candidate,Precinct Committee Officer - Democratic,225,Jim Luce,,,,https://voter.votewa.gov/elections/voterguide.ashx?e=898&la=en&c=06&p=
WA,Clark,ocd-division/country:us/state:wa/county:clark,2026-08-04,Primary,candidate,Precinct Committee Officer - Democratic,245,Emily Crowe,,,,https://voter.votewa.gov/elections/voterguide.ashx?e=898&la=en&c=06&p=
WA,Clark,ocd-division/country:us/state:wa/county:clark,2026-08-04,Primary,candidate,Precinct Committee Officer - Democratic,245,Will Hesselgrave,,,,https://voter.votewa.gov/elections/voterguide.ashx?e=898&la=en&c=06&p=
WA,Clark,ocd-division/country:us/state:wa/county:clark,2026-08-04,Primary,candidate,Precinct Committee Officer - Democratic,325,James Watson-Hughes,,,,https://voter.votewa.gov/elections/voterguide.ashx?e=898&la=en&c=06&p=
WA,Clark,ocd-division/country:us/state:wa/county:clark,2026-08-04,Primary,candidate,Precinct Committee Officer - Democratic,325,John M. Acken,,,,https://voter.votewa.gov/elections/voterguide.ashx?e=898&la=en&c=06&p=
WA,Clark,ocd-division/country:us/state:wa/county:clark,2026-08-04,Primary,candidate,Precinct Committee Officer - Democratic,330,Candice Schafer,,,,https://voter.votewa.gov/elections/voterguide.ashx?e=898&la=en&c=06&p=
WA,Clark,ocd-division/country:us/state:wa/county:clark,2026-08-04,Primary,candidate,Precinct Committee Officer - Democratic,330,Justin Chance Allen,,,,https://voter.votewa.gov/elections/voterguide.ashx?e=898&la=en&c=06&p=
WA,Clark,ocd-division/country:us/state:wa/county:clark,2026-08-04,Primary,candidate,Precinct Committee Officer - Republican,452,Joel Mattila,,,,https://voter.votewa.gov/elections/voterguide.ashx?e=898&la=en&c=06&p=
WA,Clark,ocd-division/country:us/state:wa/county:clark,2026-08-04,Primary,candidate,Precinct Committee Officer - Republican,452,Juan Gamboa,,,,https://voter.votewa.gov/elections/voterguide.ashx?e=898&la=en&c=06&p=
WA,Clark,ocd-division/country:us/state:wa/county:clark,2026-08-04,Primary,candidate,Precinct Committee Officer - Republican,570,Joey DeRuntz,,,,https://voter.votewa.gov/elections/voterguide.ashx?e=898&la=en&c=06&p=
WA,Clark,ocd-division/country:us/state:wa/county:clark,2026-08-04,Primary,candidate,Precinct Committee Officer - Republican,570,Olga Fisenko,,,,https://voter.votewa.gov/elections/voterguide.ashx?e=898&la=en&c=06&p=
WA,Clark,ocd-division/country:us/state:wa/county:clark,2026-08-04,Primary,candidate,Precinct Committee Officer - Republican,572,Alex Gardner,,,,https://voter.votewa.gov/elections/voterguide.ashx?e=898&la=en&c=06&p=
WA,Clark,ocd-division/country:us/state:wa/county:clark,2026-08-04,Primary,candidate,Precinct Committee Officer - Republican,572,Bridgette White,,,,https://voter.votewa.gov/elections/voterguide.ashx?e=898&la=en&c=06&p=
WA,Clark,ocd-division/country:us/state:wa/county:clark,2026-08-04,Primary,candidate,Precinct Committee Officer - Republican,607,Philip L. Johnson,,,,https://voter.votewa.gov/elections/voterguide.ashx?e=898&la=en&c=06&p=
WA,Clark,ocd-division/country:us/state:wa/county:clark,2026-08-04,Primary,candidate,Precinct Committee Officer - Republican,607,Vernon B. Jeremica,,,,https://voter.votewa.gov/elections/voterguide.ashx?e=898&la=en&c=06&p=
WA,Clark,ocd-division/country:us/state:wa/sldl:17,2026-08-04,Primary,candidate,State Representative Pos. 1,Legislative District 17,Ben Christly,Democratic Party,,,https://voter.votewa.gov/elections/voterguide.ashx?e=898&la=en&c=06&p=
WA,Clark,ocd-division/country:us/state:wa/sldl:17,2026-08-04,Primary,candidate,State Representative Pos. 1,Legislative District 17,Kevin Waters,Republican Party,,,https://voter.votewa.gov/elections/voterguide.ashx?e=898&la=en&c=06&p=
WA,Clark,ocd-division/country:us/state:wa/sldl:17,2026-08-04,Primary,candidate,State Representative Pos. 1,Legislative District 17,Thomas Everett Haynes,Pro Gun Liberal Party,,,https://voter.votewa.gov/elections/voterguide.ashx?e=898&la=en&c=06&p=
WA,Clark,ocd-division/country:us/state:wa/sldl:18,2026-08-04,Primary,candidate,State Representative Pos. 1,Legislative District 18,Randi L. Knott,Democratic Party,,,https://voter.votewa.gov/elections/voterguide.ashx?e=898&la=en&c=06&p=
WA,Clark,ocd-division/country:us/state:wa/sldl:18,2026-08-04,Primary,candidate,State Representative Pos. 1,Legislative District 18,Stephanie McClintock,Republican Party,,,https://voter.votewa.gov/elections/voterguide.ashx?e=898&la=en&c=06&p=
WA,Clark,ocd-division/country:us/state:wa/sldl:20,2026-08-04,Primary,candidate,State Representative Pos. 1,Legislative District 20,Andy Zahn,Democratic Party,,,https://voter.votewa.gov/elections/voterguide.ashx?e=898&la=en&c=06&p=
WA,Clark,ocd-division/country:us/state:wa/sldl:20,2026-08-04,Primary,candidate,State Representative Pos. 1,Legislative District 20,Peter Abbarno,Republican Party,,,https://voter.votewa.gov/elections/voterguide.ashx?e=898&la=en&c=06&p=
WA,Clark,ocd-division/country:us/state:wa/sldl:49,2026-08-04,Primary,candidate,State Representative Pos. 1,Legislative District 49,Kim D. Harless,Democratic Party,,,https://voter.votewa.gov/elections/voterguide.ashx?e=898&la=en&c=06&p=
WA,Clark,ocd-division/country:us/state:wa/sldl:49,2026-08-04,Primary,candidate,State Representative Pos. 1,Legislative District 49,Mike Pond,Democratic Party,,,https://voter.votewa.gov/elections/voterguide.ashx?e=898&la=en&c=06&p=
WA,Clark,ocd-division/country:us/state:wa/sldl:49,2026-08-04,Primary,candidate,State Representative Pos. 1,Legislative District 49,Sarah Mittelman,Republican Party,,,https://voter.votewa.gov/elections/voterguide.ashx?e=898&la=en&c=06&p=
WA,Clark,ocd-division/country:us/state:wa/sldl:17,2026-08-04,Primary,candidate,State Representative Pos. 2,Legislative District 17,David Stuebe,Republican Party,,,https://voter.votewa.gov/elections/voterguide.ashx?e=898&la=en&c=06&p=
WA,Clark,ocd-division/country:us/state:wa/sldl:17,2026-08-04,Primary,candidate,State Representative Pos. 2,Legislative District 17,Diana H. Perez,Democratic Party,,,https://voter.votewa.gov/elections/voterguide.ashx?e=898&la=en&c=06&p=
WA,Clark,ocd-division/country:us/state:wa/sldl:18,2026-08-04,Primary,candidate,State Representative Pos. 2,Legislative District 18,Deken Letinich,Democratic Party,,,https://voter.votewa.gov/elections/voterguide.ashx?e=898&la=en&c=06&p=
WA,Clark,ocd-division/country:us/state:wa/sldl:18,2026-08-04,Primary,candidate,State Representative Pos. 2,Legislative District 18,John Ley,Republican Party,,,https://voter.votewa.gov/elections/voterguide.ashx?e=898&la=en&c=06&p=
WA,Clark,ocd-division/country:us/state:wa/sldl:20,2026-08-04,Primary,candidate,State Representative Pos. 2,Legislative District 20,Ed Orcutt,Republican Party,,,https://voter.votewa.gov/elections/voterguide.ashx?e=898&la=en&c=06&p=
WA,Clark,ocd-division/country:us/state:wa/sldl:20,2026-08-04,Primary,candidate,State Representative Pos. 2,Legislative District 20,Evan Jones,Democratic Party,,,https://voter.votewa.gov/elections/voterguide.ashx?e=898&la=en&c=06&p=
WA,Clark,ocd-division/country:us/state:wa/sldl:49,2026-08-04,Primary,candidate,State Representative Pos. 2,Legislative District 49,Derek Thompson,Republican Party,,,https://voter.votewa.gov/elections/voterguide.ashx?e=898&la=en&c=06&p=
WA,Clark,ocd-division/country:us/state:wa/sldl:49,2026-08-04,Primary,candidate,State Representative Pos. 2,Legislative District 49,Monica Jurado Stonier,Democratic Party,,,https://voter.votewa.gov/elections/voterguide.ashx?e=898&la=en&c=06&p=
WA,Clark,ocd-division/country:us/state:wa/cd:3,2026-08-04,Primary,candidate,U.S. Representative,Congressional District 3,Antony Barran,Cascade Party,,,https://voter.votewa.gov/elections/voterguide.ashx?e=898&la=en&c=06&p=
WA,Clark,ocd-division/country:us/state:wa/cd:3,2026-08-04,Primary,candidate,U.S. Representative,Congressional District 3,Austin Braswell,Democratic Party,,,https://voter.votewa.gov/elections/voterguide.ashx?e=898&la=en&c=06&p=
WA,Clark,ocd-division/country:us/state:wa/cd:3,2026-08-04,Primary,candidate,U.S. Representative,Congressional District 3,Brent Hennrich,Democratic Party,,,https://voter.votewa.gov/elections/voterguide.ashx?e=898&la=en&c=06&p=
WA,Clark,ocd-division/country:us/state:wa/cd:3,2026-08-04,Primary,candidate,U.S. Representative,Congressional District 3,John Braun,Republican Party,,,https://voter.votewa.gov/elections/voterguide.ashx?e=898&la=en&c=06&p=
WA,Clark,ocd-division/country:us/state:wa/cd:3,2026-08-04,Primary,candidate,U.S. Representative,Congressional District 3,John P. Roco,Republican Party,,,https://voter.votewa.gov/elections/voterguide.ashx?e=898&la=en&c=06&p=
WA,Clark,ocd-division/country:us/state:wa/cd:3,2026-08-04,Primary,candidate,U.S. Representative,Congressional District 3,John Saulie-Rohman,Independent Party,,,https://voter.votewa.gov/elections/voterguide.ashx?e=898&la=en&c=06&p=
WA,Clark,ocd-division/country:us/state:wa/cd:3,2026-08-04,Primary,candidate,U.S. Representative,Congressional District 3,Lawrence Kellogg,Republican Party,,,https://voter.votewa.gov/elections/voterguide.ashx?e=898&la=en&c=06&p=
WA,Clark,ocd-division/country:us/state:wa/cd:3,2026-08-04,Primary,candidate,U.S. Representative,Congressional District 3,Marie Gluesenkamp Perez,Democratic Party,,,https://voter.votewa.gov/elections/voterguide.ashx?e=898&la=en&c=06&p=
WA,Clark,ocd-division/country:us/state:wa/cd:3,2026-08-04,Primary,candidate,U.S. Representative,Congressional District 3,Troy Rasband,Democratic Party,,,https://voter.votewa.gov/elections/voterguide.ashx?e=898&la=en&c=06&p=
WA,Clark,ocd-division/country:us/state:wa/county:clark,2026-08-04,Primary,measure,,,,,7221,FIRE PROTECTION DISTRICT NO. 10 - Proposition No. 3,https://voter.votewa.gov/elections/voterguide.ashx?e=898&la=en&c=06&p=
WA,Clark,ocd-division/country:us/state:wa/county:clark,2026-08-04,Primary,measure,,,,,7222,EAST COUNTY FIRE AND RESCUE - Proposition No. 6,https://voter.votewa.gov/elections/voterguide.ashx?e=898&la=en&c=06&p=
WA,Columbia,ocd-division/country:us/state:wa/county:columbia,2026-08-04,Primary,candidate,Columbia County  Assessor,County,Tammy Groom Ketterman,Republican Party,,,https://voter.votewa.gov/elections/voterguide.ashx?e=898&la=en&c=07&p=
WA,Columbia,ocd-division/country:us/state:wa/county:columbia,2026-08-04,Primary,candidate,Columbia County Auditor,County,Will Hutchens,No Party Preference,,,https://voter.votewa.gov/elections/voterguide.ashx?e=898&la=en&c=07&p=
WA,Columbia,ocd-division/country:us/state:wa/county:columbia,2026-08-04,Primary,candidate,Columbia County Clerk,County,Kriston Chapman,Republican Party,,,https://voter.votewa.gov/elections/voterguide.ashx?e=898&la=en&c=07&p=
WA,Columbia,ocd-division/country:us/state:wa/county:columbia,2026-08-04,Primary,candidate,Columbia County Commissioner No. 3,Commissioner District 3,Bill Warren,Republican Party,,,https://voter.votewa.gov/elections/voterguide.ashx?e=898&la=en&c=07&p=
WA,Columbia,ocd-division/country:us/state:wa/county:columbia,2026-08-04,Primary,candidate,Columbia County Commissioner No. 3,Commissioner District 3,Jack Miller,Republican Party,,,https://voter.votewa.gov/elections/voterguide.ashx?e=898&la=en&c=07&p=
WA,Columbia,ocd-division/country:us/state:wa/county:columbia,2026-08-04,Primary,candidate,Columbia County Prosecutor,County,Nickolas J. Ward,No Party Preference,,,https://voter.votewa.gov/elections/voterguide.ashx?e=898&la=en&c=07&p=
WA,Columbia,ocd-division/country:us/state:wa/county:columbia,2026-08-04,Primary,candidate,Columbia County Sheriff,County,Joe Helm,Republican Party,,,https://voter.votewa.gov/elections/voterguide.ashx?e=898&la=en&c=07&p=
WA,Columbia,ocd-division/country:us/state:wa/county:columbia,2026-08-04,Primary,candidate,Columbia County Treasurer,County,Carla Rowe,No Party Preference,,,https://voter.votewa.gov/elections/voterguide.ashx?e=898&la=en&c=07&p=
WA,Columbia,ocd-division/country:us/state:wa/county:columbia,2026-08-04,Primary,candidate,Justice Position #01,Supreme Court,Colleen Melody,,,,https://voter.votewa.gov/elections/voterguide.ashx?e=898&la=en&c=07&p=
WA,Columbia,ocd-division/country:us/state:wa/county:columbia,2026-08-04,Primary,candidate,Justice Position #01,Supreme Court,Laura Christensen Colberg,,,,https://voter.votewa.gov/elections/voterguide.ashx?e=898&la=en&c=07&p=
WA,Columbia,ocd-division/country:us/state:wa/county:columbia,2026-08-04,Primary,candidate,Justice Position #01,Supreme Court,Scott Edwards,,,,https://voter.votewa.gov/elections/voterguide.ashx?e=898&la=en&c=07&p=
WA,Columbia,ocd-division/country:us/state:wa/county:columbia,2026-08-04,Primary,candidate,Justice Position #03,Supreme Court,David Stevens,,,,https://voter.votewa.gov/elections/voterguide.ashx?e=898&la=en&c=07&p=
WA,Columbia,ocd-division/country:us/state:wa/county:columbia,2026-08-04,Primary,candidate,Justice Position #03,Supreme Court,Jaime Michelle Hawk,,,,https://voter.votewa.gov/elections/voterguide.ashx?e=898&la=en&c=07&p=
WA,Columbia,ocd-division/country:us/state:wa/county:columbia,2026-08-04,Primary,candidate,Justice Position #03,Supreme Court,Mike Diaz,,,,https://voter.votewa.gov/elections/voterguide.ashx?e=898&la=en&c=07&p=
WA,Columbia,ocd-division/country:us/state:wa/county:columbia,2026-08-04,Primary,candidate,Justice Position #05,Supreme Court,Dave Larson,,,,https://voter.votewa.gov/elections/voterguide.ashx?e=898&la=en&c=07&p=
WA,Columbia,ocd-division/country:us/state:wa/county:columbia,2026-08-04,Primary,candidate,Justice Position #05,Supreme Court,Greg Miller,,,,https://voter.votewa.gov/elections/voterguide.ashx?e=898&la=en&c=07&p=
WA,Columbia,ocd-division/country:us/state:wa/county:columbia,2026-08-04,Primary,candidate,Justice Position #05,Supreme Court,Sharonda Amamilo,,,,https://voter.votewa.gov/elections/voterguide.ashx?e=898&la=en&c=07&p=
WA,Columbia,ocd-division/country:us/state:wa/county:columbia,2026-08-04,Primary,candidate,Justice Position #05,Supreme Court,Theo Angelis,,,,https://voter.votewa.gov/elections/voterguide.ashx?e=898&la=en&c=07&p=
WA,Columbia,ocd-division/country:us/state:wa/county:columbia,2026-08-04,Primary,candidate,Justice Position #07,Supreme Court,David R Shelvey,,,,https://voter.votewa.gov/elections/voterguide.ashx?e=898&la=en&c=07&p=
WA,Columbia,ocd-division/country:us/state:wa/county:columbia,2026-08-04,Primary,candidate,Justice Position #07,Supreme Court,Debra L. Stephens,,,,https://voter.votewa.gov/elections/voterguide.ashx?e=898&la=en&c=07&p=
WA,Columbia,ocd-division/country:us/state:wa/county:columbia,2026-08-04,Primary,candidate,Justice Position #07,Supreme Court,Karim A. Merchant,,,,https://voter.votewa.gov/elections/voterguide.ashx?e=898&la=en&c=07&p=
WA,Columbia,ocd-division/country:us/state:wa/county:columbia,2026-08-04,Primary,candidate,Justice Position #07,Supreme Court,Todd A. Bloom,,,,https://voter.votewa.gov/elections/voterguide.ashx?e=898&la=en&c=07&p=
WA,Columbia,ocd-division/country:us/state:wa/sldl:9,2026-08-04,Primary,candidate,State Representative Pos. 1,Legislative District 9,Mary Dye,Republican Party,,,https://voter.votewa.gov/elections/voterguide.ashx?e=898&la=en&c=07&p=
WA,Columbia,ocd-division/country:us/state:wa/sldl:9,2026-08-04,Primary,candidate,State Representative Pos. 2,Legislative District 9,Joe Schmick,Republican Party,,,https://voter.votewa.gov/elections/voterguide.ashx?e=898&la=en&c=07&p=
WA,Columbia,ocd-division/country:us/state:wa/sldl:9,2026-08-04,Primary,candidate,State Representative Pos. 2,Legislative District 9,Karina Wallace,Democratic Party,,,https://voter.votewa.gov/elections/voterguide.ashx?e=898&la=en&c=07&p=
WA,Columbia,ocd-division/country:us/state:wa/cd:5,2026-08-04,Primary,candidate,U.S. Representative,Congressional District 5,Andrew Bartleson,Independent Party,,,https://voter.votewa.gov/elections/voterguide.ashx?e=898&la=en&c=07&p=
WA,Columbia,ocd-division/country:us/state:wa/cd:5,2026-08-04,Primary,candidate,U.S. Representative,Congressional District 5,Ann Marie Danimus,Independent Party,,,https://voter.votewa.gov/elections/voterguide.ashx?e=898&la=en&c=07&p=
WA,Columbia,ocd-division/country:us/state:wa/cd:5,2026-08-04,Primary,candidate,U.S. Representative,Congressional District 5,Bajun R. Mavalwalla,Democratic Party,,,https://voter.votewa.gov/elections/voterguide.ashx?e=898&la=en&c=07&p=
WA,Columbia,ocd-division/country:us/state:wa/cd:5,2026-08-04,Primary,candidate,U.S. Representative,Congressional District 5,Carmela Conroy,Democratic Party,,,https://voter.votewa.gov/elections/voterguide.ashx?e=898&la=en&c=07&p=
WA,Columbia,ocd-division/country:us/state:wa/cd:5,2026-08-04,Primary,candidate,U.S. Representative,Congressional District 5,David Womack,Democratic Party,,,https://voter.votewa.gov/elections/voterguide.ashx?e=898&la=en&c=07&p=
WA,Columbia,ocd-division/country:us/state:wa/cd:5,2026-08-04,Primary,candidate,U.S. Representative,Congressional District 5,Kevin Fagan,Democratic Party,,,https://voter.votewa.gov/elections/voterguide.ashx?e=898&la=en&c=07&p=
WA,Columbia,ocd-division/country:us/state:wa/cd:5,2026-08-04,Primary,candidate,U.S. Representative,Congressional District 5,Kyle Usrey,Independent Party,,,https://voter.votewa.gov/elections/voterguide.ashx?e=898&la=en&c=07&p=
WA,Columbia,ocd-division/country:us/state:wa/cd:5,2026-08-04,Primary,candidate,U.S. Representative,Congressional District 5,Matthew Hayes,Independent Party,,,https://voter.votewa.gov/elections/voterguide.ashx?e=898&la=en&c=07&p=
WA,Columbia,ocd-division/country:us/state:wa/cd:5,2026-08-04,Primary,candidate,U.S. Representative,Congressional District 5,Michael Baumgartner,Republican Party,,,https://voter.votewa.gov/elections/voterguide.ashx?e=898&la=en&c=07&p=
WA,Columbia,ocd-division/country:us/state:wa/cd:5,2026-08-04,Primary,candidate,U.S. Representative,Congressional District 5,Michael McGarr,Democratic Party,,,https://voter.votewa.gov/elections/voterguide.ashx?e=898&la=en&c=07&p=
WA,Columbia,ocd-division/country:us/state:wa/cd:5,2026-08-04,Primary,candidate,U.S. Representative,Congressional District 5,Nate Powell,Independent Party,,,https://voter.votewa.gov/elections/voterguide.ashx?e=898&la=en&c=07&p=
WA,Columbia,ocd-division/country:us/state:wa/cd:5,2026-08-04,Primary,candidate,U.S. Representative,Congressional District 5,Richard Freudenberg,Democratic Party,,,https://voter.votewa.gov/elections/voterguide.ashx?e=898&la=en&c=07&p=
WA,Cowlitz,ocd-division/country:us/state:wa/county:cowlitz,2026-08-04,Primary,candidate,Assessor,County,Emily Wilcox,Independent Party,,,https://voter.votewa.gov/elections/voterguide.ashx?e=898&la=en&c=08&p=
WA,Cowlitz,ocd-division/country:us/state:wa/county:cowlitz,2026-08-04,Primary,candidate,Auditor,County,Carolyn Fundingsland,Independent Party,,,https://voter.votewa.gov/elections/voterguide.ashx?e=898&la=en&c=08&p=
WA,Cowlitz,ocd-division/country:us/state:wa/county:cowlitz,2026-08-04,Primary,candidate,Clerk,County,Ashley White,Independent Party,,,https://voter.votewa.gov/elections/voterguide.ashx?e=898&la=en&c=08&p=
WA,Cowlitz,ocd-division/country:us/state:wa/county:cowlitz,2026-08-04,Primary,candidate,Clerk,County,Staci Myklebust,Independant Party,,,https://voter.votewa.gov/elections/voterguide.ashx?e=898&la=en&c=08&p=
WA,Cowlitz,ocd-division/country:us/state:wa/county:cowlitz,2026-08-04,Primary,candidate,Commissioner District 3,Commissioner District 3,Chelsea Chandler,Democratic Party,,,https://voter.votewa.gov/elections/voterguide.ashx?e=898&la=en&c=08&p=
WA,Cowlitz,ocd-division/country:us/state:wa/county:cowlitz,2026-08-04,Primary,candidate,Commissioner District 3,Commissioner District 3,Richard Dahl,Republican Party,,,https://voter.votewa.gov/elections/voterguide.ashx?e=898&la=en&c=08&p=
WA,Cowlitz,ocd-division/country:us/state:wa/county:cowlitz,2026-08-04,Primary,candidate,Coroner,County,Dana M. Tucker,Republican Party,,,https://voter.votewa.gov/elections/voterguide.ashx?e=898&la=en&c=08&p=
WA,Cowlitz,ocd-division/country:us/state:wa/county:cowlitz,2026-08-04,Primary,candidate,Justice Position #01,Supreme Court,Colleen Melody,,,,https://voter.votewa.gov/elections/voterguide.ashx?e=898&la=en&c=08&p=
WA,Cowlitz,ocd-division/country:us/state:wa/county:cowlitz,2026-08-04,Primary,candidate,Justice Position #01,Supreme Court,Laura Christensen Colberg,,,,https://voter.votewa.gov/elections/voterguide.ashx?e=898&la=en&c=08&p=
WA,Cowlitz,ocd-division/country:us/state:wa/county:cowlitz,2026-08-04,Primary,candidate,Justice Position #01,Supreme Court,Scott Edwards,,,,https://voter.votewa.gov/elections/voterguide.ashx?e=898&la=en&c=08&p=
WA,Cowlitz,ocd-division/country:us/state:wa/county:cowlitz,2026-08-04,Primary,candidate,Justice Position #03,Supreme Court,David Stevens,,,,https://voter.votewa.gov/elections/voterguide.ashx?e=898&la=en&c=08&p=
WA,Cowlitz,ocd-division/country:us/state:wa/county:cowlitz,2026-08-04,Primary,candidate,Justice Position #03,Supreme Court,Jaime Michelle Hawk,,,,https://voter.votewa.gov/elections/voterguide.ashx?e=898&la=en&c=08&p=
WA,Cowlitz,ocd-division/country:us/state:wa/county:cowlitz,2026-08-04,Primary,candidate,Justice Position #03,Supreme Court,Mike Diaz,,,,https://voter.votewa.gov/elections/voterguide.ashx?e=898&la=en&c=08&p=
WA,Cowlitz,ocd-division/country:us/state:wa/county:cowlitz,2026-08-04,Primary,candidate,Justice Position #05,Supreme Court,Dave Larson,,,,https://voter.votewa.gov/elections/voterguide.ashx?e=898&la=en&c=08&p=
WA,Cowlitz,ocd-division/country:us/state:wa/county:cowlitz,2026-08-04,Primary,candidate,Justice Position #05,Supreme Court,Greg Miller,,,,https://voter.votewa.gov/elections/voterguide.ashx?e=898&la=en&c=08&p=
WA,Cowlitz,ocd-division/country:us/state:wa/county:cowlitz,2026-08-04,Primary,candidate,Justice Position #05,Supreme Court,Sharonda Amamilo,,,,https://voter.votewa.gov/elections/voterguide.ashx?e=898&la=en&c=08&p=
WA,Cowlitz,ocd-division/country:us/state:wa/county:cowlitz,2026-08-04,Primary,candidate,Justice Position #05,Supreme Court,Theo Angelis,,,,https://voter.votewa.gov/elections/voterguide.ashx?e=898&la=en&c=08&p=
WA,Cowlitz,ocd-division/country:us/state:wa/county:cowlitz,2026-08-04,Primary,candidate,Justice Position #07,Supreme Court,David R Shelvey,,,,https://voter.votewa.gov/elections/voterguide.ashx?e=898&la=en&c=08&p=
WA,Cowlitz,ocd-division/country:us/state:wa/county:cowlitz,2026-08-04,Primary,candidate,Justice Position #07,Supreme Court,Debra L. Stephens,,,,https://voter.votewa.gov/elections/voterguide.ashx?e=898&la=en&c=08&p=
WA,Cowlitz,ocd-division/country:us/state:wa/county:cowlitz,2026-08-04,Primary,candidate,Justice Position #07,Supreme Court,Karim A. Merchant,,,,https://voter.votewa.gov/elections/voterguide.ashx?e=898&la=en&c=08&p=
WA,Cowlitz,ocd-division/country:us/state:wa/county:cowlitz,2026-08-04,Primary,candidate,Justice Position #07,Supreme Court,Todd A. Bloom,,,,https://voter.votewa.gov/elections/voterguide.ashx?e=898&la=en&c=08&p=
WA,Cowlitz,ocd-division/country:us/state:wa/county:cowlitz,2026-08-04,Primary,candidate,Precinct Committee Officer - Democratic,Delameter,Meike Weyrauch,,,,https://voter.votewa.gov/elections/voterguide.ashx?e=898&la=en&c=08&p=
WA,Cowlitz,ocd-division/country:us/state:wa/county:cowlitz,2026-08-04,Primary,candidate,Precinct Committee Officer - Democratic,Delameter,Mike Kayser,,,,https://voter.votewa.gov/elections/voterguide.ashx?e=898&la=en&c=08&p=
WA,Cowlitz,ocd-division/country:us/state:wa/county:cowlitz,2026-08-04,Primary,candidate,Precinct Committee Officer - Republican,Ammons,Erik Halvorson,,,,https://voter.votewa.gov/elections/voterguide.ashx?e=898&la=en&c=08&p=
WA,Cowlitz,ocd-division/country:us/state:wa/county:cowlitz,2026-08-04,Primary,candidate,Precinct Committee Officer - Republican,Ammons,Randy Knox,,,,https://voter.votewa.gov/elections/voterguide.ashx?e=898&la=en&c=08&p=
WA,Cowlitz,ocd-division/country:us/state:wa/county:cowlitz,2026-08-04,Primary,candidate,Precinct Committee Officer - Republican,Arkansas,Flo Paget,,,,https://voter.votewa.gov/elections/voterguide.ashx?e=898&la=en&c=08&p=
WA,Cowlitz,ocd-division/country:us/state:wa/county:cowlitz,2026-08-04,Primary,candidate,Precinct Committee Officer - Republican,Arkansas,Nathan D. Hockett,,,,https://voter.votewa.gov/elections/voterguide.ashx?e=898&la=en&c=08&p=
WA,Cowlitz,ocd-division/country:us/state:wa/county:cowlitz,2026-08-04,Primary,candidate,Precinct Committee Officer - Republican,Burcham,Adam St Germain,,,,https://voter.votewa.gov/elections/voterguide.ashx?e=898&la=en&c=08&p=
WA,Cowlitz,ocd-division/country:us/state:wa/county:cowlitz,2026-08-04,Primary,candidate,Precinct Committee Officer - Republican,Burcham,Jim Hill,,,,https://voter.votewa.gov/elections/voterguide.ashx?e=898&la=en&c=08&p=
WA,Cowlitz,ocd-division/country:us/state:wa/county:cowlitz,2026-08-04,Primary,candidate,Precinct Committee Officer - Republican,Hudson,Carol Bales,,,,https://voter.votewa.gov/elections/voterguide.ashx?e=898&la=en&c=08&p=
WA,Cowlitz,ocd-division/country:us/state:wa/county:cowlitz,2026-08-04,Primary,candidate,Precinct Committee Officer - Republican,Hudson,Darrell Smith,,,,https://voter.votewa.gov/elections/voterguide.ashx?e=898&la=en&c=08&p=
WA,Cowlitz,ocd-division/country:us/state:wa/county:cowlitz,2026-08-04,Primary,candidate,Precinct Committee Officer - Republican,Kessler,Conner Thurman,,,,https://voter.votewa.gov/elections/voterguide.ashx?e=898&la=en&c=08&p=
WA,Cowlitz,ocd-division/country:us/state:wa/county:cowlitz,2026-08-04,Primary,candidate,Precinct Committee Officer - Republican,Kessler,Jerame Moore,,,,https://voter.votewa.gov/elections/voterguide.ashx?e=898&la=en&c=08&p=
WA,Cowlitz,ocd-division/country:us/state:wa/county:cowlitz,2026-08-04,Primary,candidate,Precinct Committee Officer - Republican,Lexington,Cliff Jay Shaw,,,,https://voter.votewa.gov/elections/voterguide.ashx?e=898&la=en&c=08&p=
WA,Cowlitz,ocd-division/country:us/state:wa/county:cowlitz,2026-08-04,Primary,candidate,Precinct Committee Officer - Republican,Lexington,James Hanberry,,,,https://voter.votewa.gov/elections/voterguide.ashx?e=898&la=en&c=08&p=
WA,Cowlitz,ocd-division/country:us/state:wa/county:cowlitz,2026-08-04,Primary,candidate,Precinct Committee Officer - Republican,Mcgowan,Alan Lee Waddell,,,,https://voter.votewa.gov/elections/voterguide.ashx?e=898&la=en&c=08&p=
WA,Cowlitz,ocd-division/country:us/state:wa/county:cowlitz,2026-08-04,Primary,candidate,Precinct Committee Officer - Republican,Mcgowan,Danny McCracken,,,,https://voter.votewa.gov/elections/voterguide.ashx?e=898&la=en&c=08&p=
WA,Cowlitz,ocd-division/country:us/state:wa/county:cowlitz,2026-08-04,Primary,candidate,Precinct Committee Officer - Republican,Nevada,Dana M. Tucker,,,,https://voter.votewa.gov/elections/voterguide.ashx?e=898&la=en&c=08&p=
WA,Cowlitz,ocd-division/country:us/state:wa/county:cowlitz,2026-08-04,Primary,candidate,Precinct Committee Officer - Republican,Nevada,Laine Emmons,,,,https://voter.votewa.gov/elections/voterguide.ashx?e=898&la=en&c=08&p=
WA,Cowlitz,ocd-division/country:us/state:wa/county:cowlitz,2026-08-04,Primary,candidate,Precinct Committee Officer - Republican,Rose Valley,Christie Masters,,,,https://voter.votewa.gov/elections/voterguide.ashx?e=898&la=en&c=08&p=
WA,Cowlitz,ocd-division/country:us/state:wa/county:cowlitz,2026-08-04,Primary,candidate,Precinct Committee Officer - Republican,Rose Valley,Dwight Carlson,,,,https://voter.votewa.gov/elections/voterguide.ashx?e=898&la=en&c=08&p=
WA,Cowlitz,ocd-division/country:us/state:wa/county:cowlitz,2026-08-04,Primary,candidate,Precinct Committee Officer - Republican,Silver Lake North,Jordan Spencer,,,,https://voter.votewa.gov/elections/voterguide.ashx?e=898&la=en&c=08&p=
WA,Cowlitz,ocd-division/country:us/state:wa/county:cowlitz,2026-08-04,Primary,candidate,Precinct Committee Officer - Republican,Silver Lake North,Wally Wentz,,,,https://voter.votewa.gov/elections/voterguide.ashx?e=898&la=en&c=08&p=
WA,Cowlitz,ocd-division/country:us/state:wa/county:cowlitz,2026-08-04,Primary,candidate,Precinct Committee Officer - Republican,Willow Grove,Dave Handy,,,,https://voter.votewa.gov/elections/voterguide.ashx?e=898&la=en&c=08&p=
WA,Cowlitz,ocd-division/country:us/state:wa/county:cowlitz,2026-08-04,Primary,candidate,Precinct Committee Officer - Republican,Willow Grove,Penny Frostad,,,,https://voter.votewa.gov/elections/voterguide.ashx?e=898&la=en&c=08&p=
WA,Cowlitz,ocd-division/country:us/state:wa/county:cowlitz,2026-08-04,Primary,candidate,Prosecuting Attorney,County,Ryan P. Jurvakainen,Independent Party,,,https://voter.votewa.gov/elections/voterguide.ashx?e=898&la=en&c=08&p=
WA,Cowlitz,ocd-division/country:us/state:wa/county:cowlitz,2026-08-04,Primary,candidate,Sheriff,County,Troy Brightbill,Republican Party,,,https://voter.votewa.gov/elections/voterguide.ashx?e=898&la=en&c=08&p=
WA,Cowlitz,ocd-division/country:us/state:wa/sldl:19,2026-08-04,Primary,candidate,State Representative Pos. 1,Legislative District 19,Jim Walsh,Republican Party,,,https://voter.votewa.gov/elections/voterguide.ashx?e=898&la=en&c=08&p=
WA,Cowlitz,ocd-division/country:us/state:wa/sldl:19,2026-08-04,Primary,candidate,State Representative Pos. 1,Legislative District 19,Kevin Moynihan,Democratic Party,,,https://voter.votewa.gov/elections/voterguide.ashx?e=898&la=en&c=08&p=
WA,Cowlitz,ocd-division/country:us/state:wa/sldl:20,2026-08-04,Primary,candidate,State Representative Pos. 1,Legislative District 20,Andy Zahn,Democratic Party,,,https://voter.votewa.gov/elections/voterguide.ashx?e=898&la=en&c=08&p=
WA,Cowlitz,ocd-division/country:us/state:wa/sldl:20,2026-08-04,Primary,candidate,State Representative Pos. 1,Legislative District 20,Peter Abbarno,Republican Party,,,https://voter.votewa.gov/elections/voterguide.ashx?e=898&la=en&c=08&p=
WA,Cowlitz,ocd-division/country:us/state:wa/sldl:19,2026-08-04,Primary,candidate,State Representative Pos. 2,Legislative District 19,Daniel William Bradley,Republican Party,,,https://voter.votewa.gov/elections/voterguide.ashx?e=898&la=en&c=08&p=
WA,Cowlitz,ocd-division/country:us/state:wa/sldl:19,2026-08-04,Primary,candidate,State Representative Pos. 2,Legislative District 19,Jimi O'Hagan,Republican Party,,,https://voter.votewa.gov/elections/voterguide.ashx?e=898&la=en&c=08&p=
WA,Cowlitz,ocd-division/country:us/state:wa/sldl:19,2026-08-04,Primary,candidate,State Representative Pos. 2,Legislative District 19,Joel McEntire,Republican Party,,,https://voter.votewa.gov/elections/voterguide.ashx?e=898&la=en&c=08&p=
WA,Cowlitz,ocd-division/country:us/state:wa/sldl:19,2026-08-04,Primary,candidate,State Representative Pos. 2,Legislative District 19,Terry Carlson,Democratic Party,,,https://voter.votewa.gov/elections/voterguide.ashx?e=898&la=en&c=08&p=
WA,Cowlitz,ocd-division/country:us/state:wa/sldl:20,2026-08-04,Primary,candidate,State Representative Pos. 2,Legislative District 20,Ed Orcutt,Republican Party,,,https://voter.votewa.gov/elections/voterguide.ashx?e=898&la=en&c=08&p=
WA,Cowlitz,ocd-division/country:us/state:wa/sldl:20,2026-08-04,Primary,candidate,State Representative Pos. 2,Legislative District 20,Evan Jones,Democratic Party,,,https://voter.votewa.gov/elections/voterguide.ashx?e=898&la=en&c=08&p=
WA,Cowlitz,ocd-division/country:us/state:wa,2026-08-04,Primary,candidate,Treasurer,County,Debra Gardner,Independent Party,,,https://voter.votewa.gov/elections/voterguide.ashx?e=898&la=en&c=08&p=
WA,Cowlitz,ocd-division/country:us/state:wa/cd:3,2026-08-04,Primary,candidate,U.S. Representative,Congressional District 3,Antony Barran,Cascade Party,,,https://voter.votewa.gov/elections/voterguide.ashx?e=898&la=en&c=08&p=
WA,Cowlitz,ocd-division/country:us/state:wa/cd:3,2026-08-04,Primary,candidate,U.S. Representative,Congressional District 3,Austin Braswell,Democratic Party,,,https://voter.votewa.gov/elections/voterguide.ashx?e=898&la=en&c=08&p=
WA,Cowlitz,ocd-division/country:us/state:wa/cd:3,2026-08-04,Primary,candidate,U.S. Representative,Congressional District 3,Brent Hennrich,Democratic Party,,,https://voter.votewa.gov/elections/voterguide.ashx?e=898&la=en&c=08&p=
WA,Cowlitz,ocd-division/country:us/state:wa/cd:3,2026-08-04,Primary,candidate,U.S. Representative,Congressional District 3,John Braun,Republican Party,,,https://voter.votewa.gov/elections/voterguide.ashx?e=898&la=en&c=08&p=
WA,Cowlitz,ocd-division/country:us/state:wa/cd:3,2026-08-04,Primary,candidate,U.S. Representative,Congressional District 3,John P. Roco,Republican Party,,,https://voter.votewa.gov/elections/voterguide.ashx?e=898&la=en&c=08&p=
WA,Cowlitz,ocd-division/country:us/state:wa/cd:3,2026-08-04,Primary,candidate,U.S. Representative,Congressional District 3,John Saulie-Rohman,Independent Party,,,https://voter.votewa.gov/elections/voterguide.ashx?e=898&la=en&c=08&p=
WA,Cowlitz,ocd-division/country:us/state:wa/cd:3,2026-08-04,Primary,candidate,U.S. Representative,Congressional District 3,Lawrence Kellogg,Republican Party,,,https://voter.votewa.gov/elections/voterguide.ashx?e=898&la=en&c=08&p=
WA,Cowlitz,ocd-division/country:us/state:wa/cd:3,2026-08-04,Primary,candidate,U.S. Representative,Congressional District 3,Marie Gluesenkamp Perez,Democratic Party,,,https://voter.votewa.gov/elections/voterguide.ashx?e=898&la=en&c=08&p=
WA,Cowlitz,ocd-division/country:us/state:wa/cd:3,2026-08-04,Primary,candidate,U.S. Representative,Congressional District 3,Troy Rasband,Democratic Party,,,https://voter.votewa.gov/elections/voterguide.ashx?e=898&la=en&c=08&p=
WA,Douglas,ocd-division/country:us/state:wa/county:douglas,2026-08-04,Primary,candidate,Assessor,County,Jim Ruud,Republican Party,,,https://voter.votewa.gov/elections/voterguide.ashx?e=898&la=en&c=09&p=
WA,Douglas,ocd-division/country:us/state:wa/county:douglas,2026-08-04,Primary,candidate,Auditor,County,Thad Duvall,Nonpartisan Party,,,https://voter.votewa.gov/elections/voterguide.ashx?e=898&la=en&c=09&p=
WA,Douglas,ocd-division/country:us/state:wa/county:douglas,2026-08-04,Primary,candidate,Clerk of Superior Court,County,Andrea Jester,Republican Party,,,https://voter.votewa.gov/elections/voterguide.ashx?e=898&la=en&c=09&p=
WA,Douglas,ocd-division/country:us/state:wa/county:douglas,2026-08-04,Primary,candidate,Clerk of Superior Court,County,Jenn Biggar,Republican Party,,,https://voter.votewa.gov/elections/voterguide.ashx?e=898&la=en&c=09&p=
WA,Douglas,ocd-division/country:us/state:wa/county:douglas,2026-08-04,Primary,candidate,Commissioner District No. 3,Commissioner District #3,MARC S. STRAUB,REPUBLICAN Party,,,https://voter.votewa.gov/elections/voterguide.ashx?e=898&la=en&c=09&p=
WA,Douglas,ocd-division/country:us/state:wa/county:douglas,2026-08-04,Primary,candidate,Commissioner District No. 3,Commissioner District #3,Michael S. Lesky,Independent Party,,,https://voter.votewa.gov/elections/voterguide.ashx?e=898&la=en&c=09&p=
WA,Douglas,ocd-division/country:us/state:wa/county:douglas,2026-08-04,Primary,candidate,Coroner,County,Tanner Bateman,REPUBLICAN Party,,,https://voter.votewa.gov/elections/voterguide.ashx?e=898&la=en&c=09&p=
WA,Douglas,ocd-division/country:us/state:wa/county:douglas,2026-08-04,Primary,candidate,Justice Position #01,Supreme Court,Colleen Melody,,,,https://voter.votewa.gov/elections/voterguide.ashx?e=898&la=en&c=09&p=
WA,Douglas,ocd-division/country:us/state:wa/county:douglas,2026-08-04,Primary,candidate,Justice Position #01,Supreme Court,Laura Christensen Colberg,,,,https://voter.votewa.gov/elections/voterguide.ashx?e=898&la=en&c=09&p=
WA,Douglas,ocd-division/country:us/state:wa/county:douglas,2026-08-04,Primary,candidate,Justice Position #01,Supreme Court,Scott Edwards,,,,https://voter.votewa.gov/elections/voterguide.ashx?e=898&la=en&c=09&p=
WA,Douglas,ocd-division/country:us/state:wa/county:douglas,2026-08-04,Primary,candidate,Justice Position #03,Supreme Court,David Stevens,,,,https://voter.votewa.gov/elections/voterguide.ashx?e=898&la=en&c=09&p=
WA,Douglas,ocd-division/country:us/state:wa/county:douglas,2026-08-04,Primary,candidate,Justice Position #03,Supreme Court,Jaime Michelle Hawk,,,,https://voter.votewa.gov/elections/voterguide.ashx?e=898&la=en&c=09&p=
WA,Douglas,ocd-division/country:us/state:wa/county:douglas,2026-08-04,Primary,candidate,Justice Position #03,Supreme Court,Mike Diaz,,,,https://voter.votewa.gov/elections/voterguide.ashx?e=898&la=en&c=09&p=
WA,Douglas,ocd-division/country:us/state:wa/county:douglas,2026-08-04,Primary,candidate,Justice Position #05,Supreme Court,Dave Larson,,,,https://voter.votewa.gov/elections/voterguide.ashx?e=898&la=en&c=09&p=
WA,Douglas,ocd-division/country:us/state:wa/county:douglas,2026-08-04,Primary,candidate,Justice Position #05,Supreme Court,Greg Miller,,,,https://voter.votewa.gov/elections/voterguide.ashx?e=898&la=en&c=09&p=
WA,Douglas,ocd-division/country:us/state:wa/county:douglas,2026-08-04,Primary,candidate,Justice Position #05,Supreme Court,Sharonda Amamilo,,,,https://voter.votewa.gov/elections/voterguide.ashx?e=898&la=en&c=09&p=
WA,Douglas,ocd-division/country:us/state:wa/county:douglas,2026-08-04,Primary,candidate,Justice Position #05,Supreme Court,Theo Angelis,,,,https://voter.votewa.gov/elections/voterguide.ashx?e=898&la=en&c=09&p=
WA,Douglas,ocd-division/country:us/state:wa/county:douglas,2026-08-04,Primary,candidate,Justice Position #07,Supreme Court,David R Shelvey,,,,https://voter.votewa.gov/elections/voterguide.ashx?e=898&la=en&c=09&p=
WA,Douglas,ocd-division/country:us/state:wa/county:douglas,2026-08-04,Primary,candidate,Justice Position #07,Supreme Court,Debra L. Stephens,,,,https://voter.votewa.gov/elections/voterguide.ashx?e=898&la=en&c=09&p=
WA,Douglas,ocd-division/country:us/state:wa/county:douglas,2026-08-04,Primary,candidate,Justice Position #07,Supreme Court,Karim A. Merchant,,,,https://voter.votewa.gov/elections/voterguide.ashx?e=898&la=en&c=09&p=
WA,Douglas,ocd-division/country:us/state:wa/county:douglas,2026-08-04,Primary,candidate,Justice Position #07,Supreme Court,Todd A. Bloom,,,,https://voter.votewa.gov/elections/voterguide.ashx?e=898&la=en&c=09&p=
WA,Douglas,ocd-division/country:us/state:wa/county:douglas,2026-08-04,Primary,candidate,Precinct Committee Officer - Republican,Precinct 206,Gerry Crum,,,,https://voter.votewa.gov/elections/voterguide.ashx?e=898&la=en&c=09&p=
WA,Douglas,ocd-division/country:us/state:wa/county:douglas,2026-08-04,Primary,candidate,Precinct Committee Officer - Republican,Precinct 206,Joe Hinkle,,,,https://voter.votewa.gov/elections/voterguide.ashx?e=898&la=en&c=09&p=
WA,Douglas,ocd-division/country:us/state:wa/county:douglas,2026-08-04,Primary,candidate,Precinct Committee Officer - Republican,Precinct 209,James (Dave) Farley,,,,https://voter.votewa.gov/elections/voterguide.ashx?e=898&la=en&c=09&p=
WA,Douglas,ocd-division/country:us/state:wa/county:douglas,2026-08-04,Primary,candidate,Precinct Committee Officer - Republican,Precinct 209,Mona Guentzel,,,,https://voter.votewa.gov/elections/voterguide.ashx?e=898&la=en&c=09&p=
WA,Douglas,ocd-division/country:us/state:wa/county:douglas,2026-08-04,Primary,candidate,Precinct Committee Officer - Republican,Precinct 301,Cindy Wright,,,,https://voter.votewa.gov/elections/voterguide.ashx?e=898&la=en&c=09&p=
WA,Douglas,ocd-division/country:us/state:wa/county:douglas,2026-08-04,Primary,candidate,Precinct Committee Officer - Republican,Precinct 301,Harvey Gjesdal,,,,https://voter.votewa.gov/elections/voterguide.ashx?e=898&la=en&c=09&p=
WA,Douglas,ocd-division/country:us/state:wa/county:douglas,2026-08-04,Primary,candidate,Prosecuting Attorney,County,Sean P. Lewis,Republican Party,,,https://voter.votewa.gov/elections/voterguide.ashx?e=898&la=en&c=09&p=
WA,Douglas,ocd-division/country:us/state:wa/county:douglas,2026-08-04,Primary,candidate,Sheriff,County,Adam Musgrove,Republican Party,,,https://voter.votewa.gov/elections/voterguide.ashx?e=898&la=en&c=09&p=
WA,Douglas,ocd-division/country:us/state:wa/county:douglas,2026-08-04,Primary,candidate,Sheriff,County,Kieth A. Siebert,Republican Party,,,https://voter.votewa.gov/elections/voterguide.ashx?e=898&la=en&c=09&p=
WA,Douglas,ocd-division/country:us/state:wa/county:douglas,2026-08-04,Primary,candidate,Sheriff,County,Tyler I. Caille,Republican Party,,,https://voter.votewa.gov/elections/voterguide.ashx?e=898&la=en&c=09&p=
WA,Douglas,ocd-division/country:us/state:wa/sldl:7,2026-08-04,Primary,candidate,State Representative Pos. 1,Legislative District 7,Andrew Engell,Republican Party,,,https://voter.votewa.gov/elections/voterguide.ashx?e=898&la=en&c=09&p=
WA,Douglas,ocd-division/country:us/state:wa/sldl:13,2026-08-04,Primary,candidate,State Representative Pos. 1,Legislative District 13,"Juan ""Jerry"" Garcia",Democratic Party,,,https://voter.votewa.gov/elections/voterguide.ashx?e=898&la=en&c=09&p=
WA,Douglas,ocd-division/country:us/state:wa/sldl:13,2026-08-04,Primary,candidate,State Representative Pos. 1,Legislative District 13,Tom Dent,Republican Party,,,https://voter.votewa.gov/elections/voterguide.ashx?e=898&la=en&c=09&p=
WA,Douglas,ocd-division/country:us/state:wa/sldl:7,2026-08-04,Primary,candidate,State Representative Pos. 2,Legislative District 7,Hunter Abell,Republican Party,,,https://voter.votewa.gov/elections/voterguide.ashx?e=898&la=en&c=09&p=
WA,Douglas,ocd-division/country:us/state:wa/sldl:13,2026-08-04,Primary,candidate,State Representative Pos. 2,Legislative District 13,Deanna Martinez,Republican Party,,,https://voter.votewa.gov/elections/voterguide.ashx?e=898&la=en&c=09&p=
WA,Douglas,ocd-division/country:us/state:wa/sldl:13,2026-08-04,Primary,candidate,State Representative Pos. 2,Legislative District 13,Don Myers,Republican Party,,,https://voter.votewa.gov/elections/voterguide.ashx?e=898&la=en&c=09&p=
WA,Douglas,ocd-division/country:us/state:wa/sldl:13,2026-08-04,Primary,candidate,State Representative Pos. 2,Legislative District 13,Joshua Thompson,Republican Party,,,https://voter.votewa.gov/elections/voterguide.ashx?e=898&la=en&c=09&p=
WA,Douglas,ocd-division/country:us/state:wa/sldu:7,2026-08-04,Primary,candidate,State Senator,Legislative District 7,Brandon Ray Medina,Republican Party,,,https://voter.votewa.gov/elections/voterguide.ashx?e=898&la=en&c=09&p=
WA,Douglas,ocd-division/country:us/state:wa/sldu:7,2026-08-04,Primary,candidate,State Senator,Legislative District 7,David Swoap,Republican Party,,,https://voter.votewa.gov/elections/voterguide.ashx?e=898&la=en&c=09&p=
WA,Douglas,ocd-division/country:us/state:wa/sldu:7,2026-08-04,Primary,candidate,State Senator,Legislative District 7,Ronald L McCoy,Independent Party,,,https://voter.votewa.gov/elections/voterguide.ashx?e=898&la=en&c=09&p=
WA,Douglas,ocd-division/country:us/state:wa/sldu:7,2026-08-04,Primary,candidate,State Senator,Legislative District 7,Shelly Short,Republican Party,,,https://voter.votewa.gov/elections/voterguide.ashx?e=898&la=en&c=09&p=
WA,Douglas,ocd-division/country:us/state:wa/sldu:13,2026-08-04,Primary,candidate,State Senator,Legislative District 13,Alex Ybarra,Republican Party,,,https://voter.votewa.gov/elections/voterguide.ashx?e=898&la=en&c=09&p=
WA,Douglas,ocd-division/country:us/state:wa,2026-08-04,Primary,candidate,Treasurer,County,Felisha L. Rosales,Republican Party,,,https://voter.votewa.gov/elections/voterguide.ashx?e=898&la=en&c=09&p=
WA,Douglas,ocd-division/country:us/state:wa/cd:4,2026-08-04,Primary,candidate,U.S. Representative,Congressional District 4,Amanda McKinney,Republican Party,,,https://voter.votewa.gov/elections/voterguide.ashx?e=898&la=en&c=09&p=
WA,Douglas,ocd-division/country:us/state:wa/cd:4,2026-08-04,Primary,candidate,U.S. Representative,Congressional District 4,Devin Poore,Cascade Party,,,https://voter.votewa.gov/elections/voterguide.ashx?e=898&la=en&c=09&p=
WA,Douglas,ocd-division/country:us/state:wa/cd:4,2026-08-04,Primary,candidate,U.S. Representative,Congressional District 4,Elpidia Saavedra,Republican Party,,,https://voter.votewa.gov/elections/voterguide.ashx?e=898&la=en&c=09&p=
WA,Douglas,ocd-division/country:us/state:wa/cd:4,2026-08-04,Primary,candidate,U.S. Representative,Congressional District 4,Favian Valencia,Independent Party,,,https://voter.votewa.gov/elections/voterguide.ashx?e=898&la=en&c=09&p=
WA,Douglas,ocd-division/country:us/state:wa/cd:4,2026-08-04,Primary,candidate,U.S. Representative,Congressional District 4,"Jacek ""Jack"" Kobiesa",No Party Preference,,,https://voter.votewa.gov/elections/voterguide.ashx?e=898&la=en&c=09&p=
WA,Douglas,ocd-division/country:us/state:wa/cd:4,2026-08-04,Primary,candidate,U.S. Representative,Congressional District 4,Jerrod Sessler,Republican Party,,,https://voter.votewa.gov/elections/voterguide.ashx?e=898&la=en&c=09&p=
WA,Douglas,ocd-division/country:us/state:wa/cd:4,2026-08-04,Primary,candidate,U.S. Representative,Congressional District 4,John C. Hughs,Republican Party,,,https://voter.votewa.gov/elections/voterguide.ashx?e=898&la=en&c=09&p=
WA,Douglas,ocd-division/country:us/state:wa/cd:4,2026-08-04,Primary,candidate,U.S. Representative,Congressional District 4,John Duresky,Democratic Party,,,https://voter.votewa.gov/elections/voterguide.ashx?e=898&la=en&c=09&p=
WA,Douglas,ocd-division/country:us/state:wa/cd:4,2026-08-04,Primary,candidate,U.S. Representative,Congressional District 4,Ken Vaz,Republican Party,,,https://voter.votewa.gov/elections/voterguide.ashx?e=898&la=en&c=09&p=
WA,Douglas,ocd-division/country:us/state:wa/cd:4,2026-08-04,Primary,candidate,U.S. Representative,Congressional District 4,Matt Boehnke,Republican Party,,,https://voter.votewa.gov/elections/voterguide.ashx?e=898&la=en&c=09&p=
WA,Douglas,ocd-division/country:us/state:wa/cd:4,2026-08-04,Primary,candidate,U.S. Representative,Congressional District 4,Zac Rossi,No Party Preference,,,https://voter.votewa.gov/elections/voterguide.ashx?e=898&la=en&c=09&p=
WA,Douglas,ocd-division/country:us/state:wa/cd:8,2026-08-04,Primary,candidate,U.S. Representative,Congressional District 8,Andres Valleza,Republican Party,,,https://voter.votewa.gov/elections/voterguide.ashx?e=898&la=en&c=09&p=
WA,Douglas,ocd-division/country:us/state:wa/cd:8,2026-08-04,Primary,candidate,U.S. Representative,Congressional District 8,Bob Hagglund,Republican Party,,,https://voter.votewa.gov/elections/voterguide.ashx?e=898&la=en&c=09&p=
WA,Douglas,ocd-division/country:us/state:wa/cd:8,2026-08-04,Primary,candidate,U.S. Representative,Congressional District 8,Keith Arnold,Democratic Party,,,https://voter.votewa.gov/elections/voterguide.ashx?e=898&la=en&c=09&p=
WA,Douglas,ocd-division/country:us/state:wa/cd:8,2026-08-04,Primary,candidate,U.S. Representative,Congressional District 8,Kim Schrier,Democratic Party,,,https://voter.votewa.gov/elections/voterguide.ashx?e=898&la=en&c=09&p=
WA,Douglas,ocd-division/country:us/state:wa/cd:8,2026-08-04,Primary,candidate,U.S. Representative,Congressional District 8,Spencer Meline,Republican Party,,,https://voter.votewa.gov/elections/voterguide.ashx?e=898&la=en&c=09&p=
WA,Douglas,ocd-division/country:us/state:wa/cd:8,2026-08-04,Primary,candidate,U.S. Representative,Congressional District 8,Trinh Ha,Republican Party,,,https://voter.votewa.gov/elections/voterguide.ashx?e=898&la=en&c=09&p=
WA,Douglas,ocd-division/country:us/state:wa/county:douglas,2026-08-04,Primary,measure,,,,,7191,PUBLIC HOSPITAL DISTRICT NO. 1 - Proposition No. 1 Renewal of One-Year Special Levy,https://voter.votewa.gov/elections/voterguide.ashx?e=898&la=en&c=09&p=
WA,Douglas,ocd-division/country:us/state:wa/county:douglas,2026-08-04,Primary,measure,,,,,7192,DOUGLAS-OKANOGAN FIRE DISTRICT NO. 15 - Proposition No. 1 Emergency Medical Services Property Tax Levy,https://voter.votewa.gov/elections/voterguide.ashx?e=898&la=en&c=09&p=
WA,Ferry,ocd-division/country:us/state:wa/county:ferry,2026-08-04,Primary,candidate,Justice Position #01,Supreme Court,Colleen Melody,,,,https://voter.votewa.gov/elections/voterguide.ashx?e=898&la=en&c=10&p=
WA,Ferry,ocd-division/country:us/state:wa/county:ferry,2026-08-04,Primary,candidate,Justice Position #01,Supreme Court,Laura Christensen Colberg,,,,https://voter.votewa.gov/elections/voterguide.ashx?e=898&la=en&c=10&p=
WA,Ferry,ocd-division/country:us/state:wa/county:ferry,2026-08-04,Primary,candidate,Justice Position #01,Supreme Court,Scott Edwards,,,,https://voter.votewa.gov/elections/voterguide.ashx?e=898&la=en&c=10&p=
WA,Ferry,ocd-division/country:us/state:wa/county:ferry,2026-08-04,Primary,candidate,Justice Position #03,Supreme Court,David Stevens,,,,https://voter.votewa.gov/elections/voterguide.ashx?e=898&la=en&c=10&p=
WA,Ferry,ocd-division/country:us/state:wa/county:ferry,2026-08-04,Primary,candidate,Justice Position #03,Supreme Court,Jaime Michelle Hawk,,,,https://voter.votewa.gov/elections/voterguide.ashx?e=898&la=en&c=10&p=
WA,Ferry,ocd-division/country:us/state:wa/county:ferry,2026-08-04,Primary,candidate,Justice Position #03,Supreme Court,Mike Diaz,,,,https://voter.votewa.gov/elections/voterguide.ashx?e=898&la=en&c=10&p=
WA,Ferry,ocd-division/country:us/state:wa/county:ferry,2026-08-04,Primary,candidate,Justice Position #05,Supreme Court,Dave Larson,,,,https://voter.votewa.gov/elections/voterguide.ashx?e=898&la=en&c=10&p=
WA,Ferry,ocd-division/country:us/state:wa/county:ferry,2026-08-04,Primary,candidate,Justice Position #05,Supreme Court,Greg Miller,,,,https://voter.votewa.gov/elections/voterguide.ashx?e=898&la=en&c=10&p=
WA,Ferry,ocd-division/country:us/state:wa/county:ferry,2026-08-04,Primary,candidate,Justice Position #05,Supreme Court,Sharonda Amamilo,,,,https://voter.votewa.gov/elections/voterguide.ashx?e=898&la=en&c=10&p=
WA,Ferry,ocd-division/country:us/state:wa/county:ferry,2026-08-04,Primary,candidate,Justice Position #05,Supreme Court,Theo Angelis,,,,https://voter.votewa.gov/elections/voterguide.ashx?e=898&la=en&c=10&p=
WA,Ferry,ocd-division/country:us/state:wa/county:ferry,2026-08-04,Primary,candidate,Justice Position #07,Supreme Court,David R Shelvey,,,,https://voter.votewa.gov/elections/voterguide.ashx?e=898&la=en&c=10&p=
WA,Ferry,ocd-division/country:us/state:wa/county:ferry,2026-08-04,Primary,candidate,Justice Position #07,Supreme Court,Debra L. Stephens,,,,https://voter.votewa.gov/elections/voterguide.ashx?e=898&la=en&c=10&p=
WA,Ferry,ocd-division/country:us/state:wa/county:ferry,2026-08-04,Primary,candidate,Justice Position #07,Supreme Court,Karim A. Merchant,,,,https://voter.votewa.gov/elections/voterguide.ashx?e=898&la=en&c=10&p=
WA,Ferry,ocd-division/country:us/state:wa/county:ferry,2026-08-04,Primary,candidate,Justice Position #07,Supreme Court,Todd A. Bloom,,,,https://voter.votewa.gov/elections/voterguide.ashx?e=898&la=en&c=10&p=
WA,Ferry,ocd-division/country:us/state:wa/sldl:7,2026-08-04,Primary,candidate,State Representative Pos. 1,Legislative District 7,Andrew Engell,Republican Party,,,https://voter.votewa.gov/elections/voterguide.ashx?e=898&la=en&c=10&p=
WA,Ferry,ocd-division/country:us/state:wa/sldl:7,2026-08-04,Primary,candidate,State Representative Pos. 2,Legislative District 7,Hunter Abell,Republican Party,,,https://voter.votewa.gov/elections/voterguide.ashx?e=898&la=en&c=10&p=
WA,Ferry,ocd-division/country:us/state:wa/sldu:7,2026-08-04,Primary,candidate,State Senator,Legislative District 7,Brandon Ray Medina,Republican Party,,,https://voter.votewa.gov/elections/voterguide.ashx?e=898&la=en&c=10&p=
WA,Ferry,ocd-division/country:us/state:wa/sldu:7,2026-08-04,Primary,candidate,State Senator,Legislative District 7,David Swoap,Republican Party,,,https://voter.votewa.gov/elections/voterguide.ashx?e=898&la=en&c=10&p=
WA,Ferry,ocd-division/country:us/state:wa/sldu:7,2026-08-04,Primary,candidate,State Senator,Legislative District 7,Ronald L McCoy,Independent Party,,,https://voter.votewa.gov/elections/voterguide.ashx?e=898&la=en&c=10&p=
WA,Ferry,ocd-division/country:us/state:wa/sldu:7,2026-08-04,Primary,candidate,State Senator,Legislative District 7,Shelly Short,Republican Party,,,https://voter.votewa.gov/elections/voterguide.ashx?e=898&la=en&c=10&p=
WA,Ferry,ocd-division/country:us/state:wa/cd:5,2026-08-04,Primary,candidate,U.S. Representative,Congressional District 5,Andrew Bartleson,Independent Party,,,https://voter.votewa.gov/elections/voterguide.ashx?e=898&la=en&c=10&p=
WA,Ferry,ocd-division/country:us/state:wa/cd:5,2026-08-04,Primary,candidate,U.S. Representative,Congressional District 5,Ann Marie Danimus,Independent Party,,,https://voter.votewa.gov/elections/voterguide.ashx?e=898&la=en&c=10&p=
WA,Ferry,ocd-division/country:us/state:wa/cd:5,2026-08-04,Primary,candidate,U.S. Representative,Congressional District 5,Bajun R. Mavalwalla,Democratic Party,,,https://voter.votewa.gov/elections/voterguide.ashx?e=898&la=en&c=10&p=
WA,Ferry,ocd-division/country:us/state:wa/cd:5,2026-08-04,Primary,candidate,U.S. Representative,Congressional District 5,Carmela Conroy,Democratic Party,,,https://voter.votewa.gov/elections/voterguide.ashx?e=898&la=en&c=10&p=
WA,Ferry,ocd-division/country:us/state:wa/cd:5,2026-08-04,Primary,candidate,U.S. Representative,Congressional District 5,David Womack,Democratic Party,,,https://voter.votewa.gov/elections/voterguide.ashx?e=898&la=en&c=10&p=
WA,Ferry,ocd-division/country:us/state:wa/cd:5,2026-08-04,Primary,candidate,U.S. Representative,Congressional District 5,Kevin Fagan,Democratic Party,,,https://voter.votewa.gov/elections/voterguide.ashx?e=898&la=en&c=10&p=
WA,Ferry,ocd-division/country:us/state:wa/cd:5,2026-08-04,Primary,candidate,U.S. Representative,Congressional District 5,Kyle Usrey,Independent Party,,,https://voter.votewa.gov/elections/voterguide.ashx?e=898&la=en&c=10&p=
WA,Ferry,ocd-division/country:us/state:wa/cd:5,2026-08-04,Primary,candidate,U.S. Representative,Congressional District 5,Matthew Hayes,Independent Party,,,https://voter.votewa.gov/elections/voterguide.ashx?e=898&la=en&c=10&p=
WA,Ferry,ocd-division/country:us/state:wa/cd:5,2026-08-04,Primary,candidate,U.S. Representative,Congressional District 5,Michael Baumgartner,Republican Party,,,https://voter.votewa.gov/elections/voterguide.ashx?e=898&la=en&c=10&p=
WA,Ferry,ocd-division/country:us/state:wa/cd:5,2026-08-04,Primary,candidate,U.S. Representative,Congressional District 5,Michael McGarr,Democratic Party,,,https://voter.votewa.gov/elections/voterguide.ashx?e=898&la=en&c=10&p=
WA,Ferry,ocd-division/country:us/state:wa/cd:5,2026-08-04,Primary,candidate,U.S. Representative,Congressional District 5,Nate Powell,Independent Party,,,https://voter.votewa.gov/elections/voterguide.ashx?e=898&la=en&c=10&p=
WA,Ferry,ocd-division/country:us/state:wa/cd:5,2026-08-04,Primary,candidate,U.S. Representative,Congressional District 5,Richard Freudenberg,Democratic Party,,,https://voter.votewa.gov/elections/voterguide.ashx?e=898&la=en&c=10&p=
WA,Franklin,ocd-division/country:us/state:wa/county:franklin,2026-08-04,Primary,candidate,Assessor,County,Chris Hollingsworth,Republican Party,,,https://voter.votewa.gov/elections/voterguide.ashx?e=898&la=en&c=11&p=
WA,Franklin,ocd-division/country:us/state:wa/county:franklin,2026-08-04,Primary,candidate,Assessor,County,John A Rosenau,Republican Party,,,https://voter.votewa.gov/elections/voterguide.ashx?e=898&la=en&c=11&p=
WA,Franklin,ocd-division/country:us/state:wa/county:franklin,2026-08-04,Primary,candidate,Auditor,County,Matt Beaton,Republican Party,,,https://voter.votewa.gov/elections/voterguide.ashx?e=898&la=en&c=11&p=
WA,Franklin,ocd-division/country:us/state:wa/county:franklin,2026-08-04,Primary,candidate,Clerk,County,Ruby Ochoa,Republican Party,,,https://voter.votewa.gov/elections/voterguide.ashx?e=898&la=en&c=11&p=
WA,Franklin,ocd-division/country:us/state:wa/county:franklin,2026-08-04,Primary,candidate,Commissioner District 3,County Commission District 3,Clint Didier,Republican Party,,,https://voter.votewa.gov/elections/voterguide.ashx?e=898&la=en&c=11&p=
WA,Franklin,ocd-division/country:us/state:wa/county:franklin,2026-08-04,Primary,candidate,Commissioner District 3,County Commission District 3,Joel Prantle,Republican Party,,,https://voter.votewa.gov/elections/voterguide.ashx?e=898&la=en&c=11&p=
WA,Franklin,ocd-division/country:us/state:wa/county:franklin,2026-08-04,Primary,candidate,Coroner,County,Curtis McGary,Republican Party,,,https://voter.votewa.gov/elections/voterguide.ashx?e=898&la=en&c=11&p=
WA,Franklin,ocd-division/country:us/state:wa/county:franklin,2026-08-04,Primary,candidate,Justice Position #01,Supreme Court,Colleen Melody,,,,https://voter.votewa.gov/elections/voterguide.ashx?e=898&la=en&c=11&p=
WA,Franklin,ocd-division/country:us/state:wa/county:franklin,2026-08-04,Primary,candidate,Justice Position #01,Supreme Court,Laura Christensen Colberg,,,,https://voter.votewa.gov/elections/voterguide.ashx?e=898&la=en&c=11&p=
WA,Franklin,ocd-division/country:us/state:wa/county:franklin,2026-08-04,Primary,candidate,Justice Position #01,Supreme Court,Scott Edwards,,,,https://voter.votewa.gov/elections/voterguide.ashx?e=898&la=en&c=11&p=
WA,Franklin,ocd-division/country:us/state:wa/county:franklin,2026-08-04,Primary,candidate,Justice Position #03,Supreme Court,David Stevens,,,,https://voter.votewa.gov/elections/voterguide.ashx?e=898&la=en&c=11&p=
WA,Franklin,ocd-division/country:us/state:wa/county:franklin,2026-08-04,Primary,candidate,Justice Position #03,Supreme Court,Jaime Michelle Hawk,,,,https://voter.votewa.gov/elections/voterguide.ashx?e=898&la=en&c=11&p=
WA,Franklin,ocd-division/country:us/state:wa/county:franklin,2026-08-04,Primary,candidate,Justice Position #03,Supreme Court,Mike Diaz,,,,https://voter.votewa.gov/elections/voterguide.ashx?e=898&la=en&c=11&p=
WA,Franklin,ocd-division/country:us/state:wa/county:franklin,2026-08-04,Primary,candidate,Justice Position #05,Supreme Court,Dave Larson,,,,https://voter.votewa.gov/elections/voterguide.ashx?e=898&la=en&c=11&p=
WA,Franklin,ocd-division/country:us/state:wa/county:franklin,2026-08-04,Primary,candidate,Justice Position #05,Supreme Court,Greg Miller,,,,https://voter.votewa.gov/elections/voterguide.ashx?e=898&la=en&c=11&p=
WA,Franklin,ocd-division/country:us/state:wa/county:franklin,2026-08-04,Primary,candidate,Justice Position #05,Supreme Court,Sharonda Amamilo,,,,https://voter.votewa.gov/elections/voterguide.ashx?e=898&la=en&c=11&p=
WA,Franklin,ocd-division/country:us/state:wa/county:franklin,2026-08-04,Primary,candidate,Justice Position #05,Supreme Court,Theo Angelis,,,,https://voter.votewa.gov/elections/voterguide.ashx?e=898&la=en&c=11&p=
WA,Franklin,ocd-division/country:us/state:wa/county:franklin,2026-08-04,Primary,candidate,Justice Position #07,Supreme Court,David R Shelvey,,,,https://voter.votewa.gov/elections/voterguide.ashx?e=898&la=en&c=11&p=
WA,Franklin,ocd-division/country:us/state:wa/county:franklin,2026-08-04,Primary,candidate,Justice Position #07,Supreme Court,Debra L. Stephens,,,,https://voter.votewa.gov/elections/voterguide.ashx?e=898&la=en&c=11&p=
WA,Franklin,ocd-division/country:us/state:wa/county:franklin,2026-08-04,Primary,candidate,Justice Position #07,Supreme Court,Karim A. Merchant,,,,https://voter.votewa.gov/elections/voterguide.ashx?e=898&la=en&c=11&p=
WA,Franklin,ocd-division/country:us/state:wa/county:franklin,2026-08-04,Primary,candidate,Justice Position #07,Supreme Court,Todd A. Bloom,,,,https://voter.votewa.gov/elections/voterguide.ashx?e=898&la=en&c=11&p=
WA,Franklin,ocd-division/country:us/state:wa/county:franklin,2026-08-04,Primary,candidate,Precinct Committee Officer - Republican,Pct 049,Matt Beaton,,,,https://voter.votewa.gov/elections/voterguide.ashx?e=898&la=en&c=11&p=
WA,Franklin,ocd-division/country:us/state:wa/county:franklin,2026-08-04,Primary,candidate,Precinct Committee Officer - Republican,Pct 049,Michelle Andres,,,,https://voter.votewa.gov/elections/voterguide.ashx?e=898&la=en&c=11&p=
WA,Franklin,ocd-division/country:us/state:wa/county:franklin,2026-08-04,Primary,candidate,Precinct Committee Officer - Republican,Pct 123,Joe Cotta,,,,https://voter.votewa.gov/elections/voterguide.ashx?e=898&la=en&c=11&p=
WA,Franklin,ocd-division/country:us/state:wa/county:franklin,2026-08-04,Primary,candidate,Precinct Committee Officer - Republican,Pct 123,Ruslan Stetskiy,,,,https://voter.votewa.gov/elections/voterguide.ashx?e=898&la=en&c=11&p=
WA,Franklin,ocd-division/country:us/state:wa/county:franklin,2026-08-04,Primary,candidate,Prosecuting Attorney,County,Shawn P. Sant,Republican Party,,,https://voter.votewa.gov/elections/voterguide.ashx?e=898&la=en&c=11&p=
WA,Franklin,ocd-division/country:us/state:wa/county:franklin,2026-08-04,Primary,candidate,Sheriff,County,Christopher (Chris) Lee,Republican Party,,,https://voter.votewa.gov/elections/voterguide.ashx?e=898&la=en&c=11&p=
WA,Franklin,ocd-division/country:us/state:wa/county:franklin,2026-08-04,Primary,candidate,Sheriff,County,Kohl ST. Peter,Independent Party,,,https://voter.votewa.gov/elections/voterguide.ashx?e=898&la=en&c=11&p=
WA,Franklin,ocd-division/country:us/state:wa/county:franklin,2026-08-04,Primary,candidate,Sheriff,County,Monty Huber,Republican Party,,,https://voter.votewa.gov/elections/voterguide.ashx?e=898&la=en&c=11&p=
WA,Franklin,ocd-division/country:us/state:wa/sldl:8,2026-08-04,Primary,candidate,State Representative Pos. 1,Legislative District 8,Stephanie Barnard,Republican Party,,,https://voter.votewa.gov/elections/voterguide.ashx?e=898&la=en&c=11&p=
WA,Franklin,ocd-division/country:us/state:wa/sldl:14,2026-08-04,Primary,candidate,State Representative Pos. 1,Legislative District 14,Chelsea Dimas,Democratic Party,,,https://voter.votewa.gov/elections/voterguide.ashx?e=898&la=en&c=11&p=
WA,Franklin,ocd-division/country:us/state:wa/sldl:14,2026-08-04,Primary,candidate,State Representative Pos. 1,Legislative District 14,Gloria Mendoza,Republican Party,,,https://voter.votewa.gov/elections/voterguide.ashx?e=898&la=en&c=11&p=
WA,Franklin,ocd-division/country:us/state:wa/sldl:14,2026-08-04,Primary,candidate,State Representative Pos. 1,Legislative District 14,William Chichenoff,No Party Preference,,,https://voter.votewa.gov/elections/voterguide.ashx?e=898&la=en&c=11&p=
WA,Franklin,ocd-division/country:us/state:wa/sldl:16,2026-08-04,Primary,candidate,State Representative Pos. 1,Legislative District 16,Kyle Palmer,Democratic Party,,,https://voter.votewa.gov/elections/voterguide.ashx?e=898&la=en&c=11&p=
WA,Franklin,ocd-division/country:us/state:wa/sldl:16,2026-08-04,Primary,candidate,State Representative Pos. 1,Legislative District 16,Mark Klicker,Republican Party,,,https://voter.votewa.gov/elections/voterguide.ashx?e=898&la=en&c=11&p=
WA,Franklin,ocd-division/country:us/state:wa/sldl:8,2026-08-04,Primary,candidate,State Representative Pos. 2,Legislative District 8,April Connors,Republican Party,,,https://voter.votewa.gov/elections/voterguide.ashx?e=898&la=en&c=11&p=
WA,Franklin,ocd-division/country:us/state:wa/sldl:14,2026-08-04,Primary,candidate,State Representative Pos. 2,Legislative District 14,Deb Manjarrez,Republican Party,,,https://voter.votewa.gov/elections/voterguide.ashx?e=898&la=en&c=11&p=
WA,Franklin,ocd-division/country:us/state:wa/sldl:14,2026-08-04,Primary,candidate,State Representative Pos. 2,Legislative District 14,Ezequiel Morfin,Democratic Party,,,https://voter.votewa.gov/elections/voterguide.ashx?e=898&la=en&c=11&p=
WA,Franklin,ocd-division/country:us/state:wa/sldl:14,2026-08-04,Primary,candidate,State Representative Pos. 2,Legislative District 14,Tony G Sandoval,Democrat Party,,,https://voter.votewa.gov/elections/voterguide.ashx?e=898&la=en&c=11&p=
WA,Franklin,ocd-division/country:us/state:wa/sldl:16,2026-08-04,Primary,candidate,State Representative Pos. 2,Legislative District 16,Derek Sarley,Democratic Party,,,https://voter.votewa.gov/elections/voterguide.ashx?e=898&la=en&c=11&p=
WA,Franklin,ocd-division/country:us/state:wa/sldl:16,2026-08-04,Primary,candidate,State Representative Pos. 2,Legislative District 16,Skyler Rude,Republican Party,,,https://voter.votewa.gov/elections/voterguide.ashx?e=898&la=en&c=11&p=
WA,Franklin,ocd-division/country:us/state:wa/sldu:8,2026-08-04,Primary,candidate,State Senator,Legislative District 8,Gabe Galbraith,Republican Party,,,https://voter.votewa.gov/elections/voterguide.ashx?e=898&la=en&c=11&p=
WA,Franklin,ocd-division/country:us/state:wa/sldu:8,2026-08-04,Primary,candidate,State Senator,Legislative District 8,Nikki Torres,Republican Party,,,https://voter.votewa.gov/elections/voterguide.ashx?e=898&la=en&c=11&p=
WA,Franklin,ocd-division/country:us/state:wa,2026-08-04,Primary,candidate,Treasurer,County,Josie Koelzer,Republican Party,,,https://voter.votewa.gov/elections/voterguide.ashx?e=898&la=en&c=11&p=
WA,Franklin,ocd-division/country:us/state:wa/cd:4,2026-08-04,Primary,candidate,U.S. Representative,Congressional District 4,Amanda McKinney,Republican Party,,,https://voter.votewa.gov/elections/voterguide.ashx?e=898&la=en&c=11&p=
WA,Franklin,ocd-division/country:us/state:wa/cd:4,2026-08-04,Primary,candidate,U.S. Representative,Congressional District 4,Devin Poore,Cascade Party,,,https://voter.votewa.gov/elections/voterguide.ashx?e=898&la=en&c=11&p=
WA,Franklin,ocd-division/country:us/state:wa/cd:4,2026-08-04,Primary,candidate,U.S. Representative,Congressional District 4,Elpidia Saavedra,Republican Party,,,https://voter.votewa.gov/elections/voterguide.ashx?e=898&la=en&c=11&p=
WA,Franklin,ocd-division/country:us/state:wa/cd:4,2026-08-04,Primary,candidate,U.S. Representative,Congressional District 4,Favian Valencia,Independent Party,,,https://voter.votewa.gov/elections/voterguide.ashx?e=898&la=en&c=11&p=
WA,Franklin,ocd-division/country:us/state:wa/cd:4,2026-08-04,Primary,candidate,U.S. Representative,Congressional District 4,"Jacek ""Jack"" Kobiesa",No Party Preference,,,https://voter.votewa.gov/elections/voterguide.ashx?e=898&la=en&c=11&p=
WA,Franklin,ocd-division/country:us/state:wa/cd:4,2026-08-04,Primary,candidate,U.S. Representative,Congressional District 4,Jerrod Sessler,Republican Party,,,https://voter.votewa.gov/elections/voterguide.ashx?e=898&la=en&c=11&p=
WA,Franklin,ocd-division/country:us/state:wa/cd:4,2026-08-04,Primary,candidate,U.S. Representative,Congressional District 4,John C. Hughs,Republican Party,,,https://voter.votewa.gov/elections/voterguide.ashx?e=898&la=en&c=11&p=
WA,Franklin,ocd-division/country:us/state:wa/cd:4,2026-08-04,Primary,candidate,U.S. Representative,Congressional District 4,John Duresky,Democratic Party,,,https://voter.votewa.gov/elections/voterguide.ashx?e=898&la=en&c=11&p=
WA,Franklin,ocd-division/country:us/state:wa/cd:4,2026-08-04,Primary,candidate,U.S. Representative,Congressional District 4,Ken Vaz,Republican Party,,,https://voter.votewa.gov/elections/voterguide.ashx?e=898&la=en&c=11&p=
WA,Franklin,ocd-division/country:us/state:wa/cd:4,2026-08-04,Primary,candidate,U.S. Representative,Congressional District 4,Matt Boehnke,Republican Party,,,https://voter.votewa.gov/elections/voterguide.ashx?e=898&la=en&c=11&p=
WA,Franklin,ocd-division/country:us/state:wa/cd:4,2026-08-04,Primary,candidate,U.S. Representative,Congressional District 4,Zac Rossi,No Party Preference,,,https://voter.votewa.gov/elections/voterguide.ashx?e=898&la=en&c=11&p=
WA,Franklin,ocd-division/country:us/state:wa/cd:5,2026-08-04,Primary,candidate,U.S. Representative,Congressional District 5,Andrew Bartleson,Independent Party,,,https://voter.votewa.gov/elections/voterguide.ashx?e=898&la=en&c=11&p=
WA,Franklin,ocd-division/country:us/state:wa/cd:5,2026-08-04,Primary,candidate,U.S. Representative,Congressional District 5,Ann Marie Danimus,Independent Party,,,https://voter.votewa.gov/elections/voterguide.ashx?e=898&la=en&c=11&p=
WA,Franklin,ocd-division/country:us/state:wa/cd:5,2026-08-04,Primary,candidate,U.S. Representative,Congressional District 5,Bajun R. Mavalwalla,Democratic Party,,,https://voter.votewa.gov/elections/voterguide.ashx?e=898&la=en&c=11&p=
WA,Franklin,ocd-division/country:us/state:wa/cd:5,2026-08-04,Primary,candidate,U.S. Representative,Congressional District 5,Carmela Conroy,Democratic Party,,,https://voter.votewa.gov/elections/voterguide.ashx?e=898&la=en&c=11&p=
WA,Franklin,ocd-division/country:us/state:wa/cd:5,2026-08-04,Primary,candidate,U.S. Representative,Congressional District 5,David Womack,Democratic Party,,,https://voter.votewa.gov/elections/voterguide.ashx?e=898&la=en&c=11&p=
WA,Franklin,ocd-division/country:us/state:wa/cd:5,2026-08-04,Primary,candidate,U.S. Representative,Congressional District 5,Kevin Fagan,Democratic Party,,,https://voter.votewa.gov/elections/voterguide.ashx?e=898&la=en&c=11&p=
WA,Franklin,ocd-division/country:us/state:wa/cd:5,2026-08-04,Primary,candidate,U.S. Representative,Congressional District 5,Kyle Usrey,Independent Party,,,https://voter.votewa.gov/elections/voterguide.ashx?e=898&la=en&c=11&p=
WA,Franklin,ocd-division/country:us/state:wa/cd:5,2026-08-04,Primary,candidate,U.S. Representative,Congressional District 5,Matthew Hayes,Independent Party,,,https://voter.votewa.gov/elections/voterguide.ashx?e=898&la=en&c=11&p=
WA,Franklin,ocd-division/country:us/state:wa/cd:5,2026-08-04,Primary,candidate,U.S. Representative,Congressional District 5,Michael Baumgartner,Republican Party,,,https://voter.votewa.gov/elections/voterguide.ashx?e=898&la=en&c=11&p=
WA,Franklin,ocd-division/country:us/state:wa/cd:5,2026-08-04,Primary,candidate,U.S. Representative,Congressional District 5,Michael McGarr,Democratic Party,,,https://voter.votewa.gov/elections/voterguide.ashx?e=898&la=en&c=11&p=
WA,Franklin,ocd-division/country:us/state:wa/cd:5,2026-08-04,Primary,candidate,U.S. Representative,Congressional District 5,Nate Powell,Independent Party,,,https://voter.votewa.gov/elections/voterguide.ashx?e=898&la=en&c=11&p=
WA,Franklin,ocd-division/country:us/state:wa/cd:5,2026-08-04,Primary,candidate,U.S. Representative,Congressional District 5,Richard Freudenberg,Democratic Party,,,https://voter.votewa.gov/elections/voterguide.ashx?e=898&la=en&c=11&p=
WA,Garfield,ocd-division/country:us/state:wa/county:garfield,2026-08-04,Primary,candidate,COUNTY ASSESSOR,County,Brian Bartels,Republican Party,,,https://voter.votewa.gov/elections/voterguide.ashx?e=898&la=en&c=12&p=
WA,Garfield,ocd-division/country:us/state:wa/county:garfield,2026-08-04,Primary,candidate,COUNTY AUDITOR,County,McKenzie Lueck,No Party Preference,,,https://voter.votewa.gov/elections/voterguide.ashx?e=898&la=en&c=12&p=
WA,Garfield,ocd-division/country:us/state:wa/county:garfield,2026-08-04,Primary,candidate,COUNTY CLERK,County,Marie Gormsen,Republican Party,,,https://voter.votewa.gov/elections/voterguide.ashx?e=898&la=en&c=12&p=
WA,Garfield,ocd-division/country:us/state:wa/county:garfield,2026-08-04,Primary,candidate,COUNTY COMMISSIONER 1,Commissioner District 1,Beau Blachly,No Party Preference,,,https://voter.votewa.gov/elections/voterguide.ashx?e=898&la=en&c=12&p=
WA,Garfield,ocd-division/country:us/state:wa/county:garfield,2026-08-04,Primary,candidate,COUNTY COMMISSIONER 1,Commissioner District 1,Vonda (Vonni) Mulrony,Republican Party,,,https://voter.votewa.gov/elections/voterguide.ashx?e=898&la=en&c=12&p=
WA,Garfield,ocd-division/country:us/state:wa/county:garfield,2026-08-04,Primary,candidate,COUNTY COMMISSIONER 3,Commissioner District 3,Gary W. Bowles,No Party Preference,,,https://voter.votewa.gov/elections/voterguide.ashx?e=898&la=en&c=12&p=
WA,Garfield,ocd-division/country:us/state:wa/county:garfield,2026-08-04,Primary,candidate,COUNTY COMMISSIONER 3,Commissioner District 3,Justin E. Dixon,Republican Party,,,https://voter.votewa.gov/elections/voterguide.ashx?e=898&la=en&c=12&p=
WA,Garfield,ocd-division/country:us/state:wa/county:garfield,2026-08-04,Primary,candidate,COUNTY PROSECUTOR,County,Matt L. Newberg,REPUBLICAN Party,,,https://voter.votewa.gov/elections/voterguide.ashx?e=898&la=en&c=12&p=
WA,Garfield,ocd-division/country:us/state:wa/county:garfield,2026-08-04,Primary,candidate,COUNTY SHERIFF,County,Calvin Dansereau,No Party Preference,,,https://voter.votewa.gov/elections/voterguide.ashx?e=898&la=en&c=12&p=
WA,Garfield,ocd-division/country:us/state:wa/county:garfield,2026-08-04,Primary,candidate,COUNTY SHERIFF,County,Kristopher Lee Taylor,No Party Preference,,,https://voter.votewa.gov/elections/voterguide.ashx?e=898&la=en&c=12&p=
WA,Garfield,ocd-division/country:us/state:wa/county:garfield,2026-08-04,Primary,candidate,COUNTY TREASURER,County,Tereasa Summers,Democratic Party,,,https://voter.votewa.gov/elections/voterguide.ashx?e=898&la=en&c=12&p=
WA,Garfield,ocd-division/country:us/state:wa/county:garfield,2026-08-04,Primary,candidate,Justice Position #01,Supreme Court,Colleen Melody,,,,https://voter.votewa.gov/elections/voterguide.ashx?e=898&la=en&c=12&p=
WA,Garfield,ocd-division/country:us/state:wa/county:garfield,2026-08-04,Primary,candidate,Justice Position #01,Supreme Court,Laura Christensen Colberg,,,,https://voter.votewa.gov/elections/voterguide.ashx?e=898&la=en&c=12&p=
WA,Garfield,ocd-division/country:us/state:wa/county:garfield,2026-08-04,Primary,candidate,Justice Position #01,Supreme Court,Scott Edwards,,,,https://voter.votewa.gov/elections/voterguide.ashx?e=898&la=en&c=12&p=
WA,Garfield,ocd-division/country:us/state:wa/county:garfield,2026-08-04,Primary,candidate,Justice Position #03,Supreme Court,David Stevens,,,,https://voter.votewa.gov/elections/voterguide.ashx?e=898&la=en&c=12&p=
WA,Garfield,ocd-division/country:us/state:wa/county:garfield,2026-08-04,Primary,candidate,Justice Position #03,Supreme Court,Jaime Michelle Hawk,,,,https://voter.votewa.gov/elections/voterguide.ashx?e=898&la=en&c=12&p=
WA,Garfield,ocd-division/country:us/state:wa/county:garfield,2026-08-04,Primary,candidate,Justice Position #03,Supreme Court,Mike Diaz,,,,https://voter.votewa.gov/elections/voterguide.ashx?e=898&la=en&c=12&p=
WA,Garfield,ocd-division/country:us/state:wa/county:garfield,2026-08-04,Primary,candidate,Justice Position #05,Supreme Court,Dave Larson,,,,https://voter.votewa.gov/elections/voterguide.ashx?e=898&la=en&c=12&p=
WA,Garfield,ocd-division/country:us/state:wa/county:garfield,2026-08-04,Primary,candidate,Justice Position #05,Supreme Court,Greg Miller,,,,https://voter.votewa.gov/elections/voterguide.ashx?e=898&la=en&c=12&p=
WA,Garfield,ocd-division/country:us/state:wa/county:garfield,2026-08-04,Primary,candidate,Justice Position #05,Supreme Court,Sharonda Amamilo,,,,https://voter.votewa.gov/elections/voterguide.ashx?e=898&la=en&c=12&p=
WA,Garfield,ocd-division/country:us/state:wa/county:garfield,2026-08-04,Primary,candidate,Justice Position #05,Supreme Court,Theo Angelis,,,,https://voter.votewa.gov/elections/voterguide.ashx?e=898&la=en&c=12&p=
WA,Garfield,ocd-division/country:us/state:wa/county:garfield,2026-08-04,Primary,candidate,Justice Position #07,Supreme Court,David R Shelvey,,,,https://voter.votewa.gov/elections/voterguide.ashx?e=898&la=en&c=12&p=
WA,Garfield,ocd-division/country:us/state:wa/county:garfield,2026-08-04,Primary,candidate,Justice Position #07,Supreme Court,Debra L. Stephens,,,,https://voter.votewa.gov/elections/voterguide.ashx?e=898&la=en&c=12&p=
WA,Garfield,ocd-division/country:us/state:wa/county:garfield,2026-08-04,Primary,candidate,Justice Position #07,Supreme Court,Karim A. Merchant,,,,https://voter.votewa.gov/elections/voterguide.ashx?e=898&la=en&c=12&p=
WA,Garfield,ocd-division/country:us/state:wa/county:garfield,2026-08-04,Primary,candidate,Justice Position #07,Supreme Court,Todd A. Bloom,,,,https://voter.votewa.gov/elections/voterguide.ashx?e=898&la=en&c=12&p=
WA,Garfield,ocd-division/country:us/state:wa/sldl:9,2026-08-04,Primary,candidate,State Representative Pos. 1,Legislative District 9,Mary Dye,Republican Party,,,https://voter.votewa.gov/elections/voterguide.ashx?e=898&la=en&c=12&p=
WA,Garfield,ocd-division/country:us/state:wa/sldl:9,2026-08-04,Primary,candidate,State Representative Pos. 2,Legislative District 9,Joe Schmick,Republican Party,,,https://voter.votewa.gov/elections/voterguide.ashx?e=898&la=en&c=12&p=
WA,Garfield,ocd-division/country:us/state:wa/sldl:9,2026-08-04,Primary,candidate,State Representative Pos. 2,Legislative District 9,Karina Wallace,Democratic Party,,,https://voter.votewa.gov/elections/voterguide.ashx?e=898&la=en&c=12&p=
WA,Garfield,ocd-division/country:us/state:wa/cd:5,2026-08-04,Primary,candidate,U.S. Representative,Congressional District 5,Andrew Bartleson,Independent Party,,,https://voter.votewa.gov/elections/voterguide.ashx?e=898&la=en&c=12&p=
WA,Garfield,ocd-division/country:us/state:wa/cd:5,2026-08-04,Primary,candidate,U.S. Representative,Congressional District 5,Ann Marie Danimus,Independent Party,,,https://voter.votewa.gov/elections/voterguide.ashx?e=898&la=en&c=12&p=
WA,Garfield,ocd-division/country:us/state:wa/cd:5,2026-08-04,Primary,candidate,U.S. Representative,Congressional District 5,Bajun R. Mavalwalla,Democratic Party,,,https://voter.votewa.gov/elections/voterguide.ashx?e=898&la=en&c=12&p=
WA,Garfield,ocd-division/country:us/state:wa/cd:5,2026-08-04,Primary,candidate,U.S. Representative,Congressional District 5,Carmela Conroy,Democratic Party,,,https://voter.votewa.gov/elections/voterguide.ashx?e=898&la=en&c=12&p=
WA,Garfield,ocd-division/country:us/state:wa/cd:5,2026-08-04,Primary,candidate,U.S. Representative,Congressional District 5,David Womack,Democratic Party,,,https://voter.votewa.gov/elections/voterguide.ashx?e=898&la=en&c=12&p=
WA,Garfield,ocd-division/country:us/state:wa/cd:5,2026-08-04,Primary,candidate,U.S. Representative,Congressional District 5,Kevin Fagan,Democratic Party,,,https://voter.votewa.gov/elections/voterguide.ashx?e=898&la=en&c=12&p=
WA,Garfield,ocd-division/country:us/state:wa/cd:5,2026-08-04,Primary,candidate,U.S. Representative,Congressional District 5,Kyle Usrey,Independent Party,,,https://voter.votewa.gov/elections/voterguide.ashx?e=898&la=en&c=12&p=
WA,Garfield,ocd-division/country:us/state:wa/cd:5,2026-08-04,Primary,candidate,U.S. Representative,Congressional District 5,Matthew Hayes,Independent Party,,,https://voter.votewa.gov/elections/voterguide.ashx?e=898&la=en&c=12&p=
WA,Garfield,ocd-division/country:us/state:wa/cd:5,2026-08-04,Primary,candidate,U.S. Representative,Congressional District 5,Michael Baumgartner,Republican Party,,,https://voter.votewa.gov/elections/voterguide.ashx?e=898&la=en&c=12&p=
WA,Garfield,ocd-division/country:us/state:wa/cd:5,2026-08-04,Primary,candidate,U.S. Representative,Congressional District 5,Michael McGarr,Democratic Party,,,https://voter.votewa.gov/elections/voterguide.ashx?e=898&la=en&c=12&p=
WA,Garfield,ocd-division/country:us/state:wa/cd:5,2026-08-04,Primary,candidate,U.S. Representative,Congressional District 5,Nate Powell,Independent Party,,,https://voter.votewa.gov/elections/voterguide.ashx?e=898&la=en&c=12&p=
WA,Garfield,ocd-division/country:us/state:wa/cd:5,2026-08-04,Primary,candidate,U.S. Representative,Congressional District 5,Richard Freudenberg,Democratic Party,,,https://voter.votewa.gov/elections/voterguide.ashx?e=898&la=en&c=12&p=
WA,Grant,ocd-division/country:us/state:wa/county:grant,2026-08-04,Primary,candidate,Commissioner District #3,Commissioner Dist #3,Janice Flynn,Republican Party,,,https://voter.votewa.gov/elections/voterguide.ashx?e=898&la=en&c=13&p=
WA,Grant,ocd-division/country:us/state:wa/county:grant,2026-08-04,Primary,candidate,Commissioner District #3,Commissioner Dist #3,Kelly Raap,Republican Party,,,https://voter.votewa.gov/elections/voterguide.ashx?e=898&la=en&c=13&p=
WA,Grant,ocd-division/country:us/state:wa/county:grant,2026-08-04,Primary,candidate,Commissioner District #3,Commissioner Dist #3,Seth Weeks,Republican Party,,,https://voter.votewa.gov/elections/voterguide.ashx?e=898&la=en&c=13&p=
WA,Grant,ocd-division/country:us/state:wa/county:grant,2026-08-04,Primary,candidate,Commissioner District #3,Commissioner Dist #3,Shannon Durfee,Republican Party,,,https://voter.votewa.gov/elections/voterguide.ashx?e=898&la=en&c=13&p=
WA,Grant,ocd-division/country:us/state:wa/county:grant,2026-08-04,Primary,candidate,County Assessor,County,Clayton Johnson,No Party Preference,,,https://voter.votewa.gov/elections/voterguide.ashx?e=898&la=en&c=13&p=
WA,Grant,ocd-division/country:us/state:wa/county:grant,2026-08-04,Primary,candidate,County Auditor,County,Andrew Koeppen,Republican Party,,,https://voter.votewa.gov/elections/voterguide.ashx?e=898&la=en&c=13&p=
WA,Grant,ocd-division/country:us/state:wa/county:grant,2026-08-04,Primary,candidate,County Auditor,County,Darci Homesley,Republican Party,,,https://voter.votewa.gov/elections/voterguide.ashx?e=898&la=en&c=13&p=
WA,Grant,ocd-division/country:us/state:wa/county:grant,2026-08-04,Primary,candidate,County Auditor,County,Shannon Falstad,Republican Party,,,https://voter.votewa.gov/elections/voterguide.ashx?e=898&la=en&c=13&p=
WA,Grant,ocd-division/country:us/state:wa/county:grant,2026-08-04,Primary,candidate,County Clerk,County,Kimberly A. Allen,Republican Party,,,https://voter.votewa.gov/elections/voterguide.ashx?e=898&la=en&c=13&p=
WA,Grant,ocd-division/country:us/state:wa/county:grant,2026-08-04,Primary,candidate,County Coroner,County,Craig Morrison,Republican Party,,,https://voter.votewa.gov/elections/voterguide.ashx?e=898&la=en&c=13&p=
WA,Grant,ocd-division/country:us/state:wa/county:grant,2026-08-04,Primary,candidate,County Prosecutor,County,Brandon K. Guernsey,Republican Party,,,https://voter.votewa.gov/elections/voterguide.ashx?e=898&la=en&c=13&p=
WA,Grant,ocd-division/country:us/state:wa/county:grant,2026-08-04,Primary,candidate,County Sheriff,County,Darrik Gregg,Republican Party,,,https://voter.votewa.gov/elections/voterguide.ashx?e=898&la=en&c=13&p=
WA,Grant,ocd-division/country:us/state:wa/county:grant,2026-08-04,Primary,candidate,County Sheriff,County,Joey Kriete,Republican Party,,,https://voter.votewa.gov/elections/voterguide.ashx?e=898&la=en&c=13&p=
WA,Grant,ocd-division/country:us/state:wa/county:grant,2026-08-04,Primary,candidate,County Sheriff,County,Josh Sainsbury,Republican Party,,,https://voter.votewa.gov/elections/voterguide.ashx?e=898&la=en&c=13&p=
WA,Grant,ocd-division/country:us/state:wa/county:grant,2026-08-04,Primary,candidate,County Treasurer,County,Carrie Heston,No Party Preference,,,https://voter.votewa.gov/elections/voterguide.ashx?e=898&la=en&c=13&p=
WA,Grant,ocd-division/country:us/state:wa/county:grant,2026-08-04,Primary,candidate,Judge Position #03,Grant Superior Court,Jennifer Richardson,,,,https://voter.votewa.gov/elections/voterguide.ashx?e=898&la=en&c=13&p=
WA,Grant,ocd-division/country:us/state:wa/county:grant,2026-08-04,Primary,candidate,Judge Position #03,Grant Superior Court,"Kenneth ""Ken"" Chadwick",,,,https://voter.votewa.gov/elections/voterguide.ashx?e=898&la=en&c=13&p=
WA,Grant,ocd-division/country:us/state:wa/county:grant,2026-08-04,Primary,candidate,Judge Position #03,Grant Superior Court,Trevor Bevier,,,,https://voter.votewa.gov/elections/voterguide.ashx?e=898&la=en&c=13&p=
WA,Grant,ocd-division/country:us/state:wa/county:grant,2026-08-04,Primary,candidate,Justice Position #01,Supreme Court,Colleen Melody,,,,https://voter.votewa.gov/elections/voterguide.ashx?e=898&la=en&c=13&p=
WA,Grant,ocd-division/country:us/state:wa/county:grant,2026-08-04,Primary,candidate,Justice Position #01,Supreme Court,Laura Christensen Colberg,,,,https://voter.votewa.gov/elections/voterguide.ashx?e=898&la=en&c=13&p=
WA,Grant,ocd-division/country:us/state:wa/county:grant,2026-08-04,Primary,candidate,Justice Position #01,Supreme Court,Scott Edwards,,,,https://voter.votewa.gov/elections/voterguide.ashx?e=898&la=en&c=13&p=
WA,Grant,ocd-division/country:us/state:wa/county:grant,2026-08-04,Primary,candidate,Justice Position #03,Supreme Court,David Stevens,,,,https://voter.votewa.gov/elections/voterguide.ashx?e=898&la=en&c=13&p=
WA,Grant,ocd-division/country:us/state:wa/county:grant,2026-08-04,Primary,candidate,Justice Position #03,Supreme Court,Jaime Michelle Hawk,,,,https://voter.votewa.gov/elections/voterguide.ashx?e=898&la=en&c=13&p=
WA,Grant,ocd-division/country:us/state:wa/county:grant,2026-08-04,Primary,candidate,Justice Position #03,Supreme Court,Mike Diaz,,,,https://voter.votewa.gov/elections/voterguide.ashx?e=898&la=en&c=13&p=
WA,Grant,ocd-division/country:us/state:wa/county:grant,2026-08-04,Primary,candidate,Justice Position #05,Supreme Court,Dave Larson,,,,https://voter.votewa.gov/elections/voterguide.ashx?e=898&la=en&c=13&p=
WA,Grant,ocd-division/country:us/state:wa/county:grant,2026-08-04,Primary,candidate,Justice Position #05,Supreme Court,Greg Miller,,,,https://voter.votewa.gov/elections/voterguide.ashx?e=898&la=en&c=13&p=
WA,Grant,ocd-division/country:us/state:wa/county:grant,2026-08-04,Primary,candidate,Justice Position #05,Supreme Court,Sharonda Amamilo,,,,https://voter.votewa.gov/elections/voterguide.ashx?e=898&la=en&c=13&p=
WA,Grant,ocd-division/country:us/state:wa/county:grant,2026-08-04,Primary,candidate,Justice Position #05,Supreme Court,Theo Angelis,,,,https://voter.votewa.gov/elections/voterguide.ashx?e=898&la=en&c=13&p=
WA,Grant,ocd-division/country:us/state:wa/county:grant,2026-08-04,Primary,candidate,Justice Position #07,Supreme Court,David R Shelvey,,,,https://voter.votewa.gov/elections/voterguide.ashx?e=898&la=en&c=13&p=
WA,Grant,ocd-division/country:us/state:wa/county:grant,2026-08-04,Primary,candidate,Justice Position #07,Supreme Court,Debra L. Stephens,,,,https://voter.votewa.gov/elections/voterguide.ashx?e=898&la=en&c=13&p=
WA,Grant,ocd-division/country:us/state:wa/county:grant,2026-08-04,Primary,candidate,Justice Position #07,Supreme Court,Karim A. Merchant,,,,https://voter.votewa.gov/elections/voterguide.ashx?e=898&la=en&c=13&p=
WA,Grant,ocd-division/country:us/state:wa/county:grant,2026-08-04,Primary,candidate,Justice Position #07,Supreme Court,Todd A. Bloom,,,,https://voter.votewa.gov/elections/voterguide.ashx?e=898&la=en&c=13&p=
WA,Grant,ocd-division/country:us/state:wa/sldl:13,2026-08-04,Primary,candidate,State Representative Pos. 1,Legislative District 13,"Juan ""Jerry"" Garcia",Democratic Party,,,https://voter.votewa.gov/elections/voterguide.ashx?e=898&la=en&c=13&p=
WA,Grant,ocd-division/country:us/state:wa/sldl:13,2026-08-04,Primary,candidate,State Representative Pos. 1,Legislative District 13,Tom Dent,Republican Party,,,https://voter.votewa.gov/elections/voterguide.ashx?e=898&la=en&c=13&p=
WA,Grant,ocd-division/country:us/state:wa/sldl:16,2026-08-04,Primary,candidate,State Representative Pos. 1,Legislative District 16,Kyle Palmer,Democratic Party,,,https://voter.votewa.gov/elections/voterguide.ashx?e=898&la=en&c=13&p=
WA,Grant,ocd-division/country:us/state:wa/sldl:16,2026-08-04,Primary,candidate,State Representative Pos. 1,Legislative District 16,Mark Klicker,Republican Party,,,https://voter.votewa.gov/elections/voterguide.ashx?e=898&la=en&c=13&p=
WA,Grant,ocd-division/country:us/state:wa/sldl:13,2026-08-04,Primary,candidate,State Representative Pos. 2,Legislative District 13,Deanna Martinez,Republican Party,,,https://voter.votewa.gov/elections/voterguide.ashx?e=898&la=en&c=13&p=
WA,Grant,ocd-division/country:us/state:wa/sldl:13,2026-08-04,Primary,candidate,State Representative Pos. 2,Legislative District 13,Don Myers,Republican Party,,,https://voter.votewa.gov/elections/voterguide.ashx?e=898&la=en&c=13&p=
WA,Grant,ocd-division/country:us/state:wa/sldl:13,2026-08-04,Primary,candidate,State Representative Pos. 2,Legislative District 13,Joshua Thompson,Republican Party,,,https://voter.votewa.gov/elections/voterguide.ashx?e=898&la=en&c=13&p=
WA,Grant,ocd-division/country:us/state:wa/sldl:16,2026-08-04,Primary,candidate,State Representative Pos. 2,Legislative District 16,Derek Sarley,Democratic Party,,,https://voter.votewa.gov/elections/voterguide.ashx?e=898&la=en&c=13&p=
WA,Grant,ocd-division/country:us/state:wa/sldl:16,2026-08-04,Primary,candidate,State Representative Pos. 2,Legislative District 16,Skyler Rude,Republican Party,,,https://voter.votewa.gov/elections/voterguide.ashx?e=898&la=en&c=13&p=
WA,Grant,ocd-division/country:us/state:wa/sldu:13,2026-08-04,Primary,candidate,State Senator,Legislative District 13,Alex Ybarra,Republican Party,,,https://voter.votewa.gov/elections/voterguide.ashx?e=898&la=en&c=13&p=
WA,Grant,ocd-division/country:us/state:wa/cd:4,2026-08-04,Primary,candidate,U.S. Representative,Congressional District 4,Amanda McKinney,Republican Party,,,https://voter.votewa.gov/elections/voterguide.ashx?e=898&la=en&c=13&p=
WA,Grant,ocd-division/country:us/state:wa/cd:4,2026-08-04,Primary,candidate,U.S. Representative,Congressional District 4,Devin Poore,Cascade Party,,,https://voter.votewa.gov/elections/voterguide.ashx?e=898&la=en&c=13&p=
WA,Grant,ocd-division/country:us/state:wa/cd:4,2026-08-04,Primary,candidate,U.S. Representative,Congressional District 4,Elpidia Saavedra,Republican Party,,,https://voter.votewa.gov/elections/voterguide.ashx?e=898&la=en&c=13&p=
WA,Grant,ocd-division/country:us/state:wa/cd:4,2026-08-04,Primary,candidate,U.S. Representative,Congressional District 4,Favian Valencia,Independent Party,,,https://voter.votewa.gov/elections/voterguide.ashx?e=898&la=en&c=13&p=
WA,Grant,ocd-division/country:us/state:wa/cd:4,2026-08-04,Primary,candidate,U.S. Representative,Congressional District 4,"Jacek ""Jack"" Kobiesa",No Party Preference,,,https://voter.votewa.gov/elections/voterguide.ashx?e=898&la=en&c=13&p=
WA,Grant,ocd-division/country:us/state:wa/cd:4,2026-08-04,Primary,candidate,U.S. Representative,Congressional District 4,Jerrod Sessler,Republican Party,,,https://voter.votewa.gov/elections/voterguide.ashx?e=898&la=en&c=13&p=
WA,Grant,ocd-division/country:us/state:wa/cd:4,2026-08-04,Primary,candidate,U.S. Representative,Congressional District 4,John C. Hughs,Republican Party,,,https://voter.votewa.gov/elections/voterguide.ashx?e=898&la=en&c=13&p=
WA,Grant,ocd-division/country:us/state:wa/cd:4,2026-08-04,Primary,candidate,U.S. Representative,Congressional District 4,John Duresky,Democratic Party,,,https://voter.votewa.gov/elections/voterguide.ashx?e=898&la=en&c=13&p=
WA,Grant,ocd-division/country:us/state:wa/cd:4,2026-08-04,Primary,candidate,U.S. Representative,Congressional District 4,Ken Vaz,Republican Party,,,https://voter.votewa.gov/elections/voterguide.ashx?e=898&la=en&c=13&p=
WA,Grant,ocd-division/country:us/state:wa/cd:4,2026-08-04,Primary,candidate,U.S. Representative,Congressional District 4,Matt Boehnke,Republican Party,,,https://voter.votewa.gov/elections/voterguide.ashx?e=898&la=en&c=13&p=
WA,Grant,ocd-division/country:us/state:wa/cd:4,2026-08-04,Primary,candidate,U.S. Representative,Congressional District 4,Zac Rossi,No Party Preference,,,https://voter.votewa.gov/elections/voterguide.ashx?e=898&la=en&c=13&p=
WA,Grant,ocd-division/country:us/state:wa/county:grant,2026-08-04,Primary,measure,,,,,7225,Grant County  Hospital Dist #5 - Proposition No. 1,https://voter.votewa.gov/elections/voterguide.ashx?e=898&la=en&c=13&p=
WA,Grays Harbor,ocd-division/country:us/state:wa/county:grays_harbor,2026-08-04,Primary,candidate,Assessor,County,Dan Lindgren,Republican Party,,,https://voter.votewa.gov/elections/voterguide.ashx?e=898&la=en&c=14&p=
WA,Grays Harbor,ocd-division/country:us/state:wa/county:grays_harbor,2026-08-04,Primary,candidate,Assessor,County,Josh Nuxoll,Independent Party,,,https://voter.votewa.gov/elections/voterguide.ashx?e=898&la=en&c=14&p=
WA,Grays Harbor,ocd-division/country:us/state:wa/county:grays_harbor,2026-08-04,Primary,candidate,Auditor,County,Brielle S Joyce,Democratic Party,,,https://voter.votewa.gov/elections/voterguide.ashx?e=898&la=en&c=14&p=
WA,Grays Harbor,ocd-division/country:us/state:wa/county:grays_harbor,2026-08-04,Primary,candidate,Auditor,County,Charlee Paull,Republican Party,,,https://voter.votewa.gov/elections/voterguide.ashx?e=898&la=en&c=14&p=
WA,Grays Harbor,ocd-division/country:us/state:wa/county:grays_harbor,2026-08-04,Primary,candidate,Clerk,County,Kym Foster,Practical Democrat Party,,,https://voter.votewa.gov/elections/voterguide.ashx?e=898&la=en&c=14&p=
WA,Grays Harbor,ocd-division/country:us/state:wa/county:grays_harbor,2026-08-04,Primary,candidate,Commissioner #3,Commissioner District 3,Gordon E. Mitchell,Republican Party,,,https://voter.votewa.gov/elections/voterguide.ashx?e=898&la=en&c=14&p=
WA,Grays Harbor,ocd-division/country:us/state:wa/county:grays_harbor,2026-08-04,Primary,candidate,Commissioner #3,Commissioner District 3,JR Streifel,Republican Party,,,https://voter.votewa.gov/elections/voterguide.ashx?e=898&la=en&c=14&p=
WA,Grays Harbor,ocd-division/country:us/state:wa/county:grays_harbor,2026-08-04,Primary,candidate,Commissioner #3,Commissioner District 3,Stan Sturgeon,No Party Preference,,,https://voter.votewa.gov/elections/voterguide.ashx?e=898&la=en&c=14&p=
WA,Grays Harbor,ocd-division/country:us/state:wa/county:grays_harbor,2026-08-04,Primary,candidate,Coroner,County,George J Kelley,No Party Preference,,,https://voter.votewa.gov/elections/voterguide.ashx?e=898&la=en&c=14&p=
WA,Grays Harbor,ocd-division/country:us/state:wa/county:grays_harbor,2026-08-04,Primary,candidate,Justice Position #01,Supreme Court,Colleen Melody,,,,https://voter.votewa.gov/elections/voterguide.ashx?e=898&la=en&c=14&p=
WA,Grays Harbor,ocd-division/country:us/state:wa/county:grays_harbor,2026-08-04,Primary,candidate,Justice Position #01,Supreme Court,Laura Christensen Colberg,,,,https://voter.votewa.gov/elections/voterguide.ashx?e=898&la=en&c=14&p=
WA,Grays Harbor,ocd-division/country:us/state:wa/county:grays_harbor,2026-08-04,Primary,candidate,Justice Position #01,Supreme Court,Scott Edwards,,,,https://voter.votewa.gov/elections/voterguide.ashx?e=898&la=en&c=14&p=
WA,Grays Harbor,ocd-division/country:us/state:wa/county:grays_harbor,2026-08-04,Primary,candidate,Justice Position #03,Supreme Court,David Stevens,,,,https://voter.votewa.gov/elections/voterguide.ashx?e=898&la=en&c=14&p=
WA,Grays Harbor,ocd-division/country:us/state:wa/county:grays_harbor,2026-08-04,Primary,candidate,Justice Position #03,Supreme Court,Jaime Michelle Hawk,,,,https://voter.votewa.gov/elections/voterguide.ashx?e=898&la=en&c=14&p=
WA,Grays Harbor,ocd-division/country:us/state:wa/county:grays_harbor,2026-08-04,Primary,candidate,Justice Position #03,Supreme Court,Mike Diaz,,,,https://voter.votewa.gov/elections/voterguide.ashx?e=898&la=en&c=14&p=
WA,Grays Harbor,ocd-division/country:us/state:wa/county:grays_harbor,2026-08-04,Primary,candidate,Justice Position #05,Supreme Court,Dave Larson,,,,https://voter.votewa.gov/elections/voterguide.ashx?e=898&la=en&c=14&p=
WA,Grays Harbor,ocd-division/country:us/state:wa/county:grays_harbor,2026-08-04,Primary,candidate,Justice Position #05,Supreme Court,Greg Miller,,,,https://voter.votewa.gov/elections/voterguide.ashx?e=898&la=en&c=14&p=
WA,Grays Harbor,ocd-division/country:us/state:wa/county:grays_harbor,2026-08-04,Primary,candidate,Justice Position #05,Supreme Court,Sharonda Amamilo,,,,https://voter.votewa.gov/elections/voterguide.ashx?e=898&la=en&c=14&p=
WA,Grays Harbor,ocd-division/country:us/state:wa/county:grays_harbor,2026-08-04,Primary,candidate,Justice Position #05,Supreme Court,Theo Angelis,,,,https://voter.votewa.gov/elections/voterguide.ashx?e=898&la=en&c=14&p=
WA,Grays Harbor,ocd-division/country:us/state:wa/county:grays_harbor,2026-08-04,Primary,candidate,Justice Position #07,Supreme Court,David R Shelvey,,,,https://voter.votewa.gov/elections/voterguide.ashx?e=898&la=en&c=14&p=
WA,Grays Harbor,ocd-division/country:us/state:wa/county:grays_harbor,2026-08-04,Primary,candidate,Justice Position #07,Supreme Court,Debra L. Stephens,,,,https://voter.votewa.gov/elections/voterguide.ashx?e=898&la=en&c=14&p=
WA,Grays Harbor,ocd-division/country:us/state:wa/county:grays_harbor,2026-08-04,Primary,candidate,Justice Position #07,Supreme Court,Karim A. Merchant,,,,https://voter.votewa.gov/elections/voterguide.ashx?e=898&la=en&c=14&p=
WA,Grays Harbor,ocd-division/country:us/state:wa/county:grays_harbor,2026-08-04,Primary,candidate,Justice Position #07,Supreme Court,Todd A. Bloom,,,,https://voter.votewa.gov/elections/voterguide.ashx?e=898&la=en&c=14&p=
WA,Grays Harbor,ocd-division/country:us/state:wa/county:grays_harbor,2026-08-04,Primary,candidate,Precinct Committee Officer - Democratic,Melbourne 072,Jamie Nichols,,,,https://voter.votewa.gov/elections/voterguide.ashx?e=898&la=en&c=14&p=
WA,Grays Harbor,ocd-division/country:us/state:wa/county:grays_harbor,2026-08-04,Primary,candidate,Precinct Committee Officer - Democratic,Melbourne 072,Jeff Nichols,,,,https://voter.votewa.gov/elections/voterguide.ashx?e=898&la=en&c=14&p=
WA,Grays Harbor,ocd-division/country:us/state:wa/county:grays_harbor,2026-08-04,Primary,candidate,Precinct Committee Officer - Democratic,Melbourne 072,Riviera Nichols,,,,https://voter.votewa.gov/elections/voterguide.ashx?e=898&la=en&c=14&p=
WA,Grays Harbor,ocd-division/country:us/state:wa/county:grays_harbor,2026-08-04,Primary,candidate,Precinct Committee Officer - Democratic,Montesano 602,Ann Pelo,,,,https://voter.votewa.gov/elections/voterguide.ashx?e=898&la=en&c=14&p=
WA,Grays Harbor,ocd-division/country:us/state:wa/county:grays_harbor,2026-08-04,Primary,candidate,Precinct Committee Officer - Democratic,Montesano 602,Tiffany Schwalb,,,,https://voter.votewa.gov/elections/voterguide.ashx?e=898&la=en&c=14&p=
WA,Grays Harbor,ocd-division/country:us/state:wa/county:grays_harbor,2026-08-04,Primary,candidate,Precinct Committee Officer - Republican,Pacific Beach 008,Curt M Maier,,,,https://voter.votewa.gov/elections/voterguide.ashx?e=898&la=en&c=14&p=
WA,Grays Harbor,ocd-division/country:us/state:wa/county:grays_harbor,2026-08-04,Primary,candidate,Precinct Committee Officer - Republican,Pacific Beach 008,Tom  Greisamer,,,,https://voter.votewa.gov/elections/voterguide.ashx?e=898&la=en&c=14&p=
WA,Grays Harbor,ocd-division/country:us/state:wa/county:grays_harbor,2026-08-04,Primary,candidate,Precinct Committee Officer - Republican,Coats Landing 034,Jr. Streifel,,,,https://voter.votewa.gov/elections/voterguide.ashx?e=898&la=en&c=14&p=
WA,Grays Harbor,ocd-division/country:us/state:wa/county:grays_harbor,2026-08-04,Primary,candidate,Precinct Committee Officer - Republican,Coats Landing 034,Leon Lawson,,,,https://voter.votewa.gov/elections/voterguide.ashx?e=898&la=en&c=14&p=
WA,Grays Harbor,ocd-division/country:us/state:wa/county:grays_harbor,2026-08-04,Primary,candidate,Precinct Committee Officer - Republican,Aberdeen 151,Jenny Crawford,,,,https://voter.votewa.gov/elections/voterguide.ashx?e=898&la=en&c=14&p=
WA,Grays Harbor,ocd-division/country:us/state:wa/county:grays_harbor,2026-08-04,Primary,candidate,Precinct Committee Officer - Republican,Aberdeen 151,Pete Schave,,,,https://voter.votewa.gov/elections/voterguide.ashx?e=898&la=en&c=14&p=
WA,Grays Harbor,ocd-division/country:us/state:wa/county:grays_harbor,2026-08-04,Primary,candidate,Prosecutor,County,Daniel Crawford,Republican Party,,,https://voter.votewa.gov/elections/voterguide.ashx?e=898&la=en&c=14&p=
WA,Grays Harbor,ocd-division/country:us/state:wa/county:grays_harbor,2026-08-04,Primary,candidate,Prosecutor,County,Jason F. Walker,Democratic Party,,,https://voter.votewa.gov/elections/voterguide.ashx?e=898&la=en&c=14&p=
WA,Grays Harbor,ocd-division/country:us/state:wa/county:grays_harbor,2026-08-04,Primary,candidate,Sheriff,County,Darrin E. Wallace,No Party Preference,,,https://voter.votewa.gov/elections/voterguide.ashx?e=898&la=en&c=14&p=
WA,Grays Harbor,ocd-division/country:us/state:wa/county:grays_harbor,2026-08-04,Primary,candidate,Sheriff,County,Edward Welter,No Party Preference,,,https://voter.votewa.gov/elections/voterguide.ashx?e=898&la=en&c=14&p=
WA,Grays Harbor,ocd-division/country:us/state:wa/sldl:19,2026-08-04,Primary,candidate,State Representative Pos. 1,Legislative District 19,Jim Walsh,Republican Party,,,https://voter.votewa.gov/elections/voterguide.ashx?e=898&la=en&c=14&p=
WA,Grays Harbor,ocd-division/country:us/state:wa/sldl:19,2026-08-04,Primary,candidate,State Representative Pos. 1,Legislative District 19,Kevin Moynihan,Democratic Party,,,https://voter.votewa.gov/elections/voterguide.ashx?e=898&la=en&c=14&p=
WA,Grays Harbor,ocd-division/country:us/state:wa/sldl:24,2026-08-04,Primary,candidate,State Representative Pos. 1,Legislative District 24,Adam Bernbaum,Democratic Party,,,https://voter.votewa.gov/elections/voterguide.ashx?e=898&la=en&c=14&p=
WA,Grays Harbor,ocd-division/country:us/state:wa/sldl:24,2026-08-04,Primary,candidate,State Representative Pos. 1,Legislative District 24,Aiden I.R. Hamilton,Republican Party,,,https://voter.votewa.gov/elections/voterguide.ashx?e=898&la=en&c=14&p=
WA,Grays Harbor,ocd-division/country:us/state:wa/sldl:24,2026-08-04,Primary,candidate,State Representative Pos. 1,Legislative District 24,Eric W. Pratt,Republican Party,,,https://voter.votewa.gov/elections/voterguide.ashx?e=898&la=en&c=14&p=
WA,Grays Harbor,ocd-division/country:us/state:wa/sldl:24,2026-08-04,Primary,candidate,State Representative Pos. 1,Legislative District 24,Ted Bowen,Independent Party,,,https://voter.votewa.gov/elections/voterguide.ashx?e=898&la=en&c=14&p=
WA,Grays Harbor,ocd-division/country:us/state:wa/sldl:19,2026-08-04,Primary,candidate,State Representative Pos. 2,Legislative District 19,Daniel William Bradley,Republican Party,,,https://voter.votewa.gov/elections/voterguide.ashx?e=898&la=en&c=14&p=
WA,Grays Harbor,ocd-division/country:us/state:wa/sldl:19,2026-08-04,Primary,candidate,State Representative Pos. 2,Legislative District 19,Jimi O'Hagan,Republican Party,,,https://voter.votewa.gov/elections/voterguide.ashx?e=898&la=en&c=14&p=
WA,Grays Harbor,ocd-division/country:us/state:wa/sldl:19,2026-08-04,Primary,candidate,State Representative Pos. 2,Legislative District 19,Joel McEntire,Republican Party,,,https://voter.votewa.gov/elections/voterguide.ashx?e=898&la=en&c=14&p=
WA,Grays Harbor,ocd-division/country:us/state:wa/sldl:19,2026-08-04,Primary,candidate,State Representative Pos. 2,Legislative District 19,Terry Carlson,Democratic Party,,,https://voter.votewa.gov/elections/voterguide.ashx?e=898&la=en&c=14&p=
WA,Grays Harbor,ocd-division/country:us/state:wa/sldl:24,2026-08-04,Primary,candidate,State Representative Pos. 2,Legislative District 24,Bradley Nemo Callaway,Democratic Party,,,https://voter.votewa.gov/elections/voterguide.ashx?e=898&la=en&c=14&p=
WA,Grays Harbor,ocd-division/country:us/state:wa/sldl:24,2026-08-04,Primary,candidate,State Representative Pos. 2,Legislative District 24,Kaylee Kuehn,Democratic Party,,,https://voter.votewa.gov/elections/voterguide.ashx?e=898&la=en&c=14&p=
WA,Grays Harbor,ocd-division/country:us/state:wa/sldl:24,2026-08-04,Primary,candidate,State Representative Pos. 2,Legislative District 24,Marcia Kelbon,No Party Preference,,,https://voter.votewa.gov/elections/voterguide.ashx?e=898&la=en&c=14&p=
WA,Grays Harbor,ocd-division/country:us/state:wa/sldl:24,2026-08-04,Primary,candidate,State Representative Pos. 2,Legislative District 24,Mark Hodgson,Democratic Party,,,https://voter.votewa.gov/elections/voterguide.ashx?e=898&la=en&c=14&p=
WA,Grays Harbor,ocd-division/country:us/state:wa/sldl:24,2026-08-04,Primary,candidate,State Representative Pos. 2,Legislative District 24,Patrick DePoe,Democratic Party,,,https://voter.votewa.gov/elections/voterguide.ashx?e=898&la=en&c=14&p=
WA,Grays Harbor,ocd-division/country:us/state:wa,2026-08-04,Primary,candidate,Treasurer,County,Shawn D. Hill,Democratic Party,,,https://voter.votewa.gov/elections/voterguide.ashx?e=898&la=en&c=14&p=
WA,Grays Harbor,ocd-division/country:us/state:wa,2026-08-04,Primary,candidate,Treasurer,County,Wes Cormier,Republican Party,,,https://voter.votewa.gov/elections/voterguide.ashx?e=898&la=en&c=14&p=
WA,Grays Harbor,ocd-division/country:us/state:wa/cd:6,2026-08-04,Primary,candidate,U.S. Representative,Congressional District No. 6,Brian P. O'Gorman,Independent Party,,,https://voter.votewa.gov/elections/voterguide.ashx?e=898&la=en&c=14&p=
WA,Grays Harbor,ocd-division/country:us/state:wa/cd:6,2026-08-04,Primary,candidate,U.S. Representative,Congressional District No. 6,Emily Randall,Democratic Party,,,https://voter.votewa.gov/elections/voterguide.ashx?e=898&la=en&c=14&p=
WA,Grays Harbor,ocd-division/country:us/state:wa/cd:6,2026-08-04,Primary,candidate,U.S. Representative,Congressional District No. 6,Leon Lawson,Trump Republican Party,,,https://voter.votewa.gov/elections/voterguide.ashx?e=898&la=en&c=14&p=
WA,Grays Harbor,ocd-division/country:us/state:wa/cd:6,2026-08-04,Primary,candidate,U.S. Representative,Congressional District No. 6,Macy Jones,No Party Preference,,,https://voter.votewa.gov/elections/voterguide.ashx?e=898&la=en&c=14&p=
WA,Grays Harbor,ocd-division/country:us/state:wa/cd:6,2026-08-04,Primary,candidate,U.S. Representative,Congressional District No. 6,Teresa Fox,Republican Party,,,https://voter.votewa.gov/elections/voterguide.ashx?e=898&la=en&c=14&p=
WA,Grays Harbor,ocd-division/country:us/state:wa/county:grays_harbor,2026-08-04,Primary,measure,,,,,7154,South Beach Regional Fire Authority - South Beach Regional Fire Authority - Bonds Issue,https://voter.votewa.gov/elections/voterguide.ashx?e=898&la=en&c=14&p=
WA,Grays Harbor,ocd-division/country:us/state:wa/county:grays_harbor,2026-08-04,Primary,measure,,,,,7170,Fire District 7 - Fire District No.7 - Ambulance Excess Levy,https://voter.votewa.gov/elections/voterguide.ashx?e=898&la=en&c=14&p=
WA,Grays Harbor,ocd-division/country:us/state:wa/county:grays_harbor,2026-08-04,Primary,measure,,,,,7208,Fire Protection Dist 12 - Renewal and Increase of Emergency Medical Services Levy,https://voter.votewa.gov/elections/voterguide.ashx?e=898&la=en&c=14&p=
WA,Island,ocd-division/country:us/state:wa/county:island,2026-08-04,Primary,candidate,Commissioner District 1,Pud Commissioner District 1,Bruce King,,,,https://voter.votewa.gov/elections/voterguide.ashx?e=898&la=en&c=15&p=
WA,Island,ocd-division/country:us/state:wa/county:island,2026-08-04,Primary,candidate,Commissioner District 1,Pud Commissioner District 1,Janet St Clair,,,,https://voter.votewa.gov/elections/voterguide.ashx?e=898&la=en&c=15&p=
WA,Island,ocd-division/country:us/state:wa/county:island,2026-08-04,Primary,candidate,Commissioner District 1,Pud Commissioner District 1,Sid Logan,,,,https://voter.votewa.gov/elections/voterguide.ashx?e=898&la=en&c=15&p=
WA,Island,ocd-division/country:us/state:wa/county:island,2026-08-04,Primary,candidate,County Assessor,County,Doug Stults,Democratic Party,,,https://voter.votewa.gov/elections/voterguide.ashx?e=898&la=en&c=15&p=
WA,Island,ocd-division/country:us/state:wa/county:island,2026-08-04,Primary,candidate,County Assessor,County,Kelly Todd Mauck,No Party Preference,,,https://voter.votewa.gov/elections/voterguide.ashx?e=898&la=en&c=15&p=
WA,Island,ocd-division/country:us/state:wa/county:island,2026-08-04,Primary,candidate,County Auditor,County,Andrea Downs,Democratic Party,,,https://voter.votewa.gov/elections/voterguide.ashx?e=898&la=en&c=15&p=
WA,Island,ocd-division/country:us/state:wa/county:island,2026-08-04,Primary,candidate,County Auditor,County,Barbara Fuller,Democratic Party,,,https://voter.votewa.gov/elections/voterguide.ashx?e=898&la=en&c=15&p=
WA,Island,ocd-division/country:us/state:wa/county:island,2026-08-04,Primary,candidate,County Auditor,County,Sheilah Crider,Independent Party,,,https://voter.votewa.gov/elections/voterguide.ashx?e=898&la=en&c=15&p=
WA,Island,ocd-division/country:us/state:wa/county:island,2026-08-04,Primary,candidate,County Auditor,County,Terry Lacey,No Party Preference,,,https://voter.votewa.gov/elections/voterguide.ashx?e=898&la=en&c=15&p=
WA,Island,ocd-division/country:us/state:wa/county:island,2026-08-04,Primary,candidate,County Clerk,County,Amber Sewell,Democrat Party,,,https://voter.votewa.gov/elections/voterguide.ashx?e=898&la=en&c=15&p=
WA,Island,ocd-division/country:us/state:wa/county:island,2026-08-04,Primary,candidate,County Clerk,County,Dierdre Butler,Democratic Party,,,https://voter.votewa.gov/elections/voterguide.ashx?e=898&la=en&c=15&p=
WA,Island,ocd-division/country:us/state:wa/county:island,2026-08-04,Primary,candidate,County Clerk,County,Maria Hazelo,Republican Party,,,https://voter.votewa.gov/elections/voterguide.ashx?e=898&la=en&c=15&p=
WA,Island,ocd-division/country:us/state:wa/county:island,2026-08-04,Primary,candidate,County Clerk,County,Toni Adams,Republican Party,,,https://voter.votewa.gov/elections/voterguide.ashx?e=898&la=en&c=15&p=
WA,Island,ocd-division/country:us/state:wa/county:island,2026-08-04,Primary,candidate,"County Commissioner, District 3",Comm Dist Three,Grant Shaw,Democratic Party,,,https://voter.votewa.gov/elections/voterguide.ashx?e=898&la=en&c=15&p=
WA,Island,ocd-division/country:us/state:wa/county:island,2026-08-04,Primary,candidate,"County Commissioner, District 3",Comm Dist Three,Matthew Van Pelt,Republican Party,,,https://voter.votewa.gov/elections/voterguide.ashx?e=898&la=en&c=15&p=
WA,Island,ocd-division/country:us/state:wa/county:island,2026-08-04,Primary,candidate,"County Commissioner, District 3",Comm Dist Three,Satin Arnett,Democratic Party,,,https://voter.votewa.gov/elections/voterguide.ashx?e=898&la=en&c=15&p=
WA,Island,ocd-division/country:us/state:wa/county:island,2026-08-04,Primary,candidate,County Coroner,County,Shantel Porter,Independent Party,,,https://voter.votewa.gov/elections/voterguide.ashx?e=898&la=en&c=15&p=
WA,Island,ocd-division/country:us/state:wa/county:island,2026-08-04,Primary,candidate,County Prosecutor,County,Greg Banks,No Party Preference,,,https://voter.votewa.gov/elections/voterguide.ashx?e=898&la=en&c=15&p=
WA,Island,ocd-division/country:us/state:wa/county:island,2026-08-04,Primary,candidate,County Sheriff,County,Rick Felici,Independent Party,,,https://voter.votewa.gov/elections/voterguide.ashx?e=898&la=en&c=15&p=
WA,Island,ocd-division/country:us/state:wa/county:island,2026-08-04,Primary,candidate,County Sheriff,County,Tavier Wasser,Democratic Party,,,https://voter.votewa.gov/elections/voterguide.ashx?e=898&la=en&c=15&p=
WA,Island,ocd-division/country:us/state:wa/county:island,2026-08-04,Primary,candidate,County Treasurer,County,Tony Lam,INDEPENDENT Party,,,https://voter.votewa.gov/elections/voterguide.ashx?e=898&la=en&c=15&p=
WA,Island,ocd-division/country:us/state:wa/county:island,2026-08-04,Primary,candidate,Justice Position #01,Supreme Court,Colleen Melody,,,,https://voter.votewa.gov/elections/voterguide.ashx?e=898&la=en&c=15&p=
WA,Island,ocd-division/country:us/state:wa/county:island,2026-08-04,Primary,candidate,Justice Position #01,Supreme Court,Laura Christensen Colberg,,,,https://voter.votewa.gov/elections/voterguide.ashx?e=898&la=en&c=15&p=
WA,Island,ocd-division/country:us/state:wa/county:island,2026-08-04,Primary,candidate,Justice Position #01,Supreme Court,Scott Edwards,,,,https://voter.votewa.gov/elections/voterguide.ashx?e=898&la=en&c=15&p=
WA,Island,ocd-division/country:us/state:wa/county:island,2026-08-04,Primary,candidate,Justice Position #03,Supreme Court,David Stevens,,,,https://voter.votewa.gov/elections/voterguide.ashx?e=898&la=en&c=15&p=
WA,Island,ocd-division/country:us/state:wa/county:island,2026-08-04,Primary,candidate,Justice Position #03,Supreme Court,Jaime Michelle Hawk,,,,https://voter.votewa.gov/elections/voterguide.ashx?e=898&la=en&c=15&p=
WA,Island,ocd-division/country:us/state:wa/county:island,2026-08-04,Primary,candidate,Justice Position #03,Supreme Court,Mike Diaz,,,,https://voter.votewa.gov/elections/voterguide.ashx?e=898&la=en&c=15&p=
WA,Island,ocd-division/country:us/state:wa/county:island,2026-08-04,Primary,candidate,Justice Position #05,Supreme Court,Dave Larson,,,,https://voter.votewa.gov/elections/voterguide.ashx?e=898&la=en&c=15&p=
WA,Island,ocd-division/country:us/state:wa/county:island,2026-08-04,Primary,candidate,Justice Position #05,Supreme Court,Greg Miller,,,,https://voter.votewa.gov/elections/voterguide.ashx?e=898&la=en&c=15&p=
WA,Island,ocd-division/country:us/state:wa/county:island,2026-08-04,Primary,candidate,Justice Position #05,Supreme Court,Sharonda Amamilo,,,,https://voter.votewa.gov/elections/voterguide.ashx?e=898&la=en&c=15&p=
WA,Island,ocd-division/country:us/state:wa/county:island,2026-08-04,Primary,candidate,Justice Position #05,Supreme Court,Theo Angelis,,,,https://voter.votewa.gov/elections/voterguide.ashx?e=898&la=en&c=15&p=
WA,Island,ocd-division/country:us/state:wa/county:island,2026-08-04,Primary,candidate,Justice Position #07,Supreme Court,David R Shelvey,,,,https://voter.votewa.gov/elections/voterguide.ashx?e=898&la=en&c=15&p=
WA,Island,ocd-division/country:us/state:wa/county:island,2026-08-04,Primary,candidate,Justice Position #07,Supreme Court,Debra L. Stephens,,,,https://voter.votewa.gov/elections/voterguide.ashx?e=898&la=en&c=15&p=
WA,Island,ocd-division/country:us/state:wa/county:island,2026-08-04,Primary,candidate,Justice Position #07,Supreme Court,Karim A. Merchant,,,,https://voter.votewa.gov/elections/voterguide.ashx?e=898&la=en&c=15&p=
WA,Island,ocd-division/country:us/state:wa/county:island,2026-08-04,Primary,candidate,Justice Position #07,Supreme Court,Todd A. Bloom,,,,https://voter.votewa.gov/elections/voterguide.ashx?e=898&la=en&c=15&p=
WA,Island,ocd-division/country:us/state:wa/county:island,2026-08-04,Primary,candidate,Precinct Committee Officer - Democratic,Camano 13,John Amell,,,,https://voter.votewa.gov/elections/voterguide.ashx?e=898&la=en&c=15&p=
WA,Island,ocd-division/country:us/state:wa/county:island,2026-08-04,Primary,candidate,Precinct Committee Officer - Democratic,Camano 13,Ranae York,,,,https://voter.votewa.gov/elections/voterguide.ashx?e=898&la=en&c=15&p=
WA,Island,ocd-division/country:us/state:wa/county:island,2026-08-04,Primary,candidate,Precinct Committee Officer - Republican,C Whidbey 02,Carrie R. Kennedy,,,,https://voter.votewa.gov/elections/voterguide.ashx?e=898&la=en&c=15&p=
WA,Island,ocd-division/country:us/state:wa/county:island,2026-08-04,Primary,candidate,Precinct Committee Officer - Republican,C Whidbey 02,Dave Smith,,,,https://voter.votewa.gov/elections/voterguide.ashx?e=898&la=en&c=15&p=
WA,Island,ocd-division/country:us/state:wa/county:island,2026-08-04,Primary,candidate,Precinct Committee Officer - Republican,S Whidbey 15,Jennifer Flores,,,,https://voter.votewa.gov/elections/voterguide.ashx?e=898&la=en&c=15&p=
WA,Island,ocd-division/country:us/state:wa/county:island,2026-08-04,Primary,candidate,Precinct Committee Officer - Republican,S Whidbey 15,Laura Rookstool,,,,https://voter.votewa.gov/elections/voterguide.ashx?e=898&la=en&c=15&p=
WA,Island,ocd-division/country:us/state:wa/sldl:10,2026-08-04,Primary,candidate,State Representative Pos. 1,Legislative District 10,Clyde Shavers,Democratic Party,,,https://voter.votewa.gov/elections/voterguide.ashx?e=898&la=en&c=15&p=
WA,Island,ocd-division/country:us/state:wa/sldl:10,2026-08-04,Primary,candidate,State Representative Pos. 1,Legislative District 10,Robert (Chili) Hicks,Republican Party,,,https://voter.votewa.gov/elections/voterguide.ashx?e=898&la=en&c=15&p=
WA,Island,ocd-division/country:us/state:wa/sldl:10,2026-08-04,Primary,candidate,State Representative Pos. 2,Legislative District 10,Carrie R. Kennedy,Republican Party,,,https://voter.votewa.gov/elections/voterguide.ashx?e=898&la=en&c=15&p=
WA,Island,ocd-division/country:us/state:wa/sldl:10,2026-08-04,Primary,candidate,State Representative Pos. 2,Legislative District 10,Dave Paul,Democratic Party,,,https://voter.votewa.gov/elections/voterguide.ashx?e=898&la=en&c=15&p=
WA,Island,ocd-division/country:us/state:wa/sldl:10,2026-08-04,Primary,candidate,State Representative Pos. 2,Legislative District 10,Tim Hazelo,Republican Party,,,https://voter.votewa.gov/elections/voterguide.ashx?e=898&la=en&c=15&p=
WA,Island,ocd-division/country:us/state:wa/cd:2,2026-08-04,Primary,candidate,U.S. Representative,Congressional District 2,Devin Hermanson,Democratic Party,,,https://voter.votewa.gov/elections/voterguide.ashx?e=898&la=en&c=15&p=
WA,Island,ocd-division/country:us/state:wa/cd:2,2026-08-04,Primary,candidate,U.S. Representative,Congressional District 2,Edwin H. Feller,Republican Party,,,https://voter.votewa.gov/elections/voterguide.ashx?e=898&la=en&c=15&p=
WA,Island,ocd-division/country:us/state:wa/cd:2,2026-08-04,Primary,candidate,U.S. Representative,Congressional District 2,Rick Larsen,Democratic Party,,,https://voter.votewa.gov/elections/voterguide.ashx?e=898&la=en&c=15&p=
WA,Island,ocd-division/country:us/state:wa/cd:2,2026-08-04,Primary,candidate,U.S. Representative,Congressional District 2,Tomas Scheel,Democratic Party,,,https://voter.votewa.gov/elections/voterguide.ashx?e=898&la=en&c=15&p=
WA,Island,ocd-division/country:us/state:wa/county:island,2026-08-04,Primary,measure,,,,,7181,SNO - ISLE LIBRARY DISTRICT - Proposition No. 1,https://voter.votewa.gov/elections/voterguide.ashx?e=898&la=en&c=15&p=
WA,Jefferson,ocd-division/country:us/state:wa/county:jefferson,2026-08-04,Primary,candidate,Assessor,County,Chuck Garland,Democratic Party,,,https://voter.votewa.gov/elections/voterguide.ashx?e=898&la=en&c=16&p=
WA,Jefferson,ocd-division/country:us/state:wa/county:jefferson,2026-08-04,Primary,candidate,Auditor,County,Lauralee Kiesel,No Party Preference,,,https://voter.votewa.gov/elections/voterguide.ashx?e=898&la=en&c=16&p=
WA,Jefferson,ocd-division/country:us/state:wa/county:jefferson,2026-08-04,Primary,candidate,Clerk,County,Amanda Hamilton,Democratic Party,,,https://voter.votewa.gov/elections/voterguide.ashx?e=898&la=en&c=16&p=
WA,Jefferson,ocd-division/country:us/state:wa/county:jefferson,2026-08-04,Primary,candidate,District 3,County Commissioner District No. 3,Anji Scalf,Democratic Party,,,https://voter.votewa.gov/elections/voterguide.ashx?e=898&la=en&c=16&p=
WA,Jefferson,ocd-division/country:us/state:wa/county:jefferson,2026-08-04,Primary,candidate,District 3,County Commissioner District No. 3,Christopher Hannon,Democratic Party,,,https://voter.votewa.gov/elections/voterguide.ashx?e=898&la=en&c=16&p=
WA,Jefferson,ocd-division/country:us/state:wa/county:jefferson,2026-08-04,Primary,candidate,District 3,County Commissioner District No. 3,Jean Ball,Democratic Party,,,https://voter.votewa.gov/elections/voterguide.ashx?e=898&la=en&c=16&p=
WA,Jefferson,ocd-division/country:us/state:wa/county:jefferson,2026-08-04,Primary,candidate,District 3,County Commissioner District No. 3,Stephen T. Nieman,Republican Party,,,https://voter.votewa.gov/elections/voterguide.ashx?e=898&la=en&c=16&p=
WA,Jefferson,ocd-division/country:us/state:wa/county:jefferson,2026-08-04,Primary,candidate,Justice Position #01,Supreme Court,Colleen Melody,,,,https://voter.votewa.gov/elections/voterguide.ashx?e=898&la=en&c=16&p=
WA,Jefferson,ocd-division/country:us/state:wa/county:jefferson,2026-08-04,Primary,candidate,Justice Position #01,Supreme Court,Laura Christensen Colberg,,,,https://voter.votewa.gov/elections/voterguide.ashx?e=898&la=en&c=16&p=
WA,Jefferson,ocd-division/country:us/state:wa/county:jefferson,2026-08-04,Primary,candidate,Justice Position #01,Supreme Court,Scott Edwards,,,,https://voter.votewa.gov/elections/voterguide.ashx?e=898&la=en&c=16&p=
WA,Jefferson,ocd-division/country:us/state:wa/county:jefferson,2026-08-04,Primary,candidate,Justice Position #03,Supreme Court,David Stevens,,,,https://voter.votewa.gov/elections/voterguide.ashx?e=898&la=en&c=16&p=
WA,Jefferson,ocd-division/country:us/state:wa/county:jefferson,2026-08-04,Primary,candidate,Justice Position #03,Supreme Court,Jaime Michelle Hawk,,,,https://voter.votewa.gov/elections/voterguide.ashx?e=898&la=en&c=16&p=
WA,Jefferson,ocd-division/country:us/state:wa/county:jefferson,2026-08-04,Primary,candidate,Justice Position #03,Supreme Court,Mike Diaz,,,,https://voter.votewa.gov/elections/voterguide.ashx?e=898&la=en&c=16&p=
WA,Jefferson,ocd-division/country:us/state:wa/county:jefferson,2026-08-04,Primary,candidate,Justice Position #05,Supreme Court,Dave Larson,,,,https://voter.votewa.gov/elections/voterguide.ashx?e=898&la=en&c=16&p=
WA,Jefferson,ocd-division/country:us/state:wa/county:jefferson,2026-08-04,Primary,candidate,Justice Position #05,Supreme Court,Greg Miller,,,,https://voter.votewa.gov/elections/voterguide.ashx?e=898&la=en&c=16&p=
WA,Jefferson,ocd-division/country:us/state:wa/county:jefferson,2026-08-04,Primary,candidate,Justice Position #05,Supreme Court,Sharonda Amamilo,,,,https://voter.votewa.gov/elections/voterguide.ashx?e=898&la=en&c=16&p=
WA,Jefferson,ocd-division/country:us/state:wa/county:jefferson,2026-08-04,Primary,candidate,Justice Position #05,Supreme Court,Theo Angelis,,,,https://voter.votewa.gov/elections/voterguide.ashx?e=898&la=en&c=16&p=
WA,Jefferson,ocd-division/country:us/state:wa/county:jefferson,2026-08-04,Primary,candidate,Justice Position #07,Supreme Court,David R Shelvey,,,,https://voter.votewa.gov/elections/voterguide.ashx?e=898&la=en&c=16&p=
WA,Jefferson,ocd-division/country:us/state:wa/county:jefferson,2026-08-04,Primary,candidate,Justice Position #07,Supreme Court,Debra L. Stephens,,,,https://voter.votewa.gov/elections/voterguide.ashx?e=898&la=en&c=16&p=
WA,Jefferson,ocd-division/country:us/state:wa/county:jefferson,2026-08-04,Primary,candidate,Justice Position #07,Supreme Court,Karim A. Merchant,,,,https://voter.votewa.gov/elections/voterguide.ashx?e=898&la=en&c=16&p=
WA,Jefferson,ocd-division/country:us/state:wa/county:jefferson,2026-08-04,Primary,candidate,Justice Position #07,Supreme Court,Todd A. Bloom,,,,https://voter.votewa.gov/elections/voterguide.ashx?e=898&la=en&c=16&p=
WA,Jefferson,ocd-division/country:us/state:wa/county:jefferson,2026-08-04,Primary,candidate,Prosecutor,County,James Kennedy,Democratic Party,,,https://voter.votewa.gov/elections/voterguide.ashx?e=898&la=en&c=16&p=
WA,Jefferson,ocd-division/country:us/state:wa/county:jefferson,2026-08-04,Primary,candidate,Sheriff,County,Andy Pernsteiner,Democratic Party,,,https://voter.votewa.gov/elections/voterguide.ashx?e=898&la=en&c=16&p=
WA,Jefferson,ocd-division/country:us/state:wa/sldl:24,2026-08-04,Primary,candidate,State Representative Pos. 1,Legislative District 24,Adam Bernbaum,Democratic Party,,,https://voter.votewa.gov/elections/voterguide.ashx?e=898&la=en&c=16&p=
WA,Jefferson,ocd-division/country:us/state:wa/sldl:24,2026-08-04,Primary,candidate,State Representative Pos. 1,Legislative District 24,Aiden I.R. Hamilton,Republican Party,,,https://voter.votewa.gov/elections/voterguide.ashx?e=898&la=en&c=16&p=
WA,Jefferson,ocd-division/country:us/state:wa/sldl:24,2026-08-04,Primary,candidate,State Representative Pos. 1,Legislative District 24,Eric W. Pratt,Republican Party,,,https://voter.votewa.gov/elections/voterguide.ashx?e=898&la=en&c=16&p=
WA,Jefferson,ocd-division/country:us/state:wa/sldl:24,2026-08-04,Primary,candidate,State Representative Pos. 1,Legislative District 24,Ted Bowen,Independent Party,,,https://voter.votewa.gov/elections/voterguide.ashx?e=898&la=en&c=16&p=
WA,Jefferson,ocd-division/country:us/state:wa/sldl:24,2026-08-04,Primary,candidate,State Representative Pos. 2,Legislative District 24,Bradley Nemo Callaway,Democratic Party,,,https://voter.votewa.gov/elections/voterguide.ashx?e=898&la=en&c=16&p=
WA,Jefferson,ocd-division/country:us/state:wa/sldl:24,2026-08-04,Primary,candidate,State Representative Pos. 2,Legislative District 24,Kaylee Kuehn,Democratic Party,,,https://voter.votewa.gov/elections/voterguide.ashx?e=898&la=en&c=16&p=
WA,Jefferson,ocd-division/country:us/state:wa/sldl:24,2026-08-04,Primary,candidate,State Representative Pos. 2,Legislative District 24,Marcia Kelbon,No Party Preference,,,https://voter.votewa.gov/elections/voterguide.ashx?e=898&la=en&c=16&p=
WA,Jefferson,ocd-division/country:us/state:wa/sldl:24,2026-08-04,Primary,candidate,State Representative Pos. 2,Legislative District 24,Mark Hodgson,Democratic Party,,,https://voter.votewa.gov/elections/voterguide.ashx?e=898&la=en&c=16&p=
WA,Jefferson,ocd-division/country:us/state:wa/sldl:24,2026-08-04,Primary,candidate,State Representative Pos. 2,Legislative District 24,Patrick DePoe,Democratic Party,,,https://voter.votewa.gov/elections/voterguide.ashx?e=898&la=en&c=16&p=
WA,Jefferson,ocd-division/country:us/state:wa,2026-08-04,Primary,candidate,Treasurer,County,Stacie Prada,Democratic Party,,,https://voter.votewa.gov/elections/voterguide.ashx?e=898&la=en&c=16&p=
WA,Jefferson,ocd-division/country:us/state:wa/cd:6,2026-08-04,Primary,candidate,U.S. Representative,Congressional District No. 6,Brian P. O'Gorman,Independent Party,,,https://voter.votewa.gov/elections/voterguide.ashx?e=898&la=en&c=16&p=
WA,Jefferson,ocd-division/country:us/state:wa/cd:6,2026-08-04,Primary,candidate,U.S. Representative,Congressional District No. 6,Emily Randall,Democratic Party,,,https://voter.votewa.gov/elections/voterguide.ashx?e=898&la=en&c=16&p=
WA,Jefferson,ocd-division/country:us/state:wa/cd:6,2026-08-04,Primary,candidate,U.S. Representative,Congressional District No. 6,Leon Lawson,Trump Republican Party,,,https://voter.votewa.gov/elections/voterguide.ashx?e=898&la=en&c=16&p=
WA,Jefferson,ocd-division/country:us/state:wa/cd:6,2026-08-04,Primary,candidate,U.S. Representative,Congressional District No. 6,Macy Jones,No Party Preference,,,https://voter.votewa.gov/elections/voterguide.ashx?e=898&la=en&c=16&p=
WA,Jefferson,ocd-division/country:us/state:wa/cd:6,2026-08-04,Primary,candidate,U.S. Representative,Congressional District No. 6,Teresa Fox,Republican Party,,,https://voter.votewa.gov/elections/voterguide.ashx?e=898&la=en&c=16&p=
WA,Jefferson,ocd-division/country:us/state:wa/county:jefferson,2026-08-04,Primary,measure,,,,,7160,Quilcene Cemetery District No. 2 - Proposition No. 1 - Property Tax Levy for Cemetery Services.,https://voter.votewa.gov/elections/voterguide.ashx?e=898&la=en&c=16&p=
WA,Jefferson,ocd-division/country:us/state:wa/county:jefferson,2026-08-04,Primary,measure,,,,,7161,"Brinnon Fire Department, District No. 4 - Proposition No. 2 - Emergency Medical Services Levy Lid Lift",https://voter.votewa.gov/elections/voterguide.ashx?e=898&la=en&c=16&p=
WA,Jefferson,ocd-division/country:us/state:wa/county:jefferson,2026-08-04,Primary,measure,,,,,7162,"Brinnon Fire Department, District No. 4 - Proposition No. 1 - Regular Property Tax Levy Lid Lift",https://voter.votewa.gov/elections/voterguide.ashx?e=898&la=en&c=16&p=
WA,Jefferson,ocd-division/country:us/state:wa/county:jefferson,2026-08-04,Primary,measure,,,,,7163,"Quilcene Fire Department, District No. 2 - Proposition No. 1 - Property Tax Levy for Fire Protection and Emergency Medical Services.",https://voter.votewa.gov/elections/voterguide.ashx?e=898&la=en&c=16&p=
WA,Jefferson,ocd-division/country:us/state:wa/county:jefferson,2026-08-04,Primary,measure,,,,,7169,County - Jefferson County - Proposition No. 1 - County Parks and Rec Levy,https://voter.votewa.gov/elections/voterguide.ashx?e=898&la=en&c=16&p=
WA,King,ocd-division/country:us/state:wa/county:king,2026-08-04,Primary,candidate,Assessor,County,Al Dams,,,,https://voter.votewa.gov/elections/voterguide.ashx?e=898&la=en&c=17&p=
WA,King,ocd-division/country:us/state:wa/county:king,2026-08-04,Primary,candidate,Assessor,County,Christopher Roberts,,,,https://voter.votewa.gov/elections/voterguide.ashx?e=898&la=en&c=17&p=
WA,King,ocd-division/country:us/state:wa/county:king,2026-08-04,Primary,candidate,Assessor,County,Dominique M Scarimbolo,,,,https://voter.votewa.gov/elections/voterguide.ashx?e=898&la=en&c=17&p=
WA,King,ocd-division/country:us/state:wa/county:king,2026-08-04,Primary,candidate,Assessor,County,Rob Foxcurran,,,,https://voter.votewa.gov/elections/voterguide.ashx?e=898&la=en&c=17&p=
WA,King,ocd-division/country:us/state:wa/county:king,2026-08-04,Primary,candidate,Council District No. 5,Seattle City Council District 5,Dimitri Georgakopoulos,,,,https://voter.votewa.gov/elections/voterguide.ashx?e=898&la=en&c=17&p=
WA,King,ocd-division/country:us/state:wa/county:king,2026-08-04,Primary,candidate,Council District No. 5,Seattle City Council District 5,Julie Kang,,,,https://voter.votewa.gov/elections/voterguide.ashx?e=898&la=en&c=17&p=
WA,King,ocd-division/country:us/state:wa/county:king,2026-08-04,Primary,candidate,Council District No. 5,Seattle City Council District 5,Nilu Jenks,,,,https://voter.votewa.gov/elections/voterguide.ashx?e=898&la=en&c=17&p=
WA,King,ocd-division/country:us/state:wa/county:king,2026-08-04,Primary,candidate,Council District No. 5,Seattle City Council District 5,Silas James,,,,https://voter.votewa.gov/elections/voterguide.ashx?e=898&la=en&c=17&p=
WA,King,ocd-division/country:us/state:wa/county:king,2026-08-04,Primary,candidate,Judge Position No. 1,Northeast Electoral District,Bianca Tse,,,,https://voter.votewa.gov/elections/voterguide.ashx?e=898&la=en&c=17&p=
WA,King,ocd-division/country:us/state:wa/county:king,2026-08-04,Primary,candidate,Judge Position No. 1,Northeast Electoral District,Jan Trasen,,,,https://voter.votewa.gov/elections/voterguide.ashx?e=898&la=en&c=17&p=
WA,King,ocd-division/country:us/state:wa/county:king,2026-08-04,Primary,candidate,Judge Position No. 1,Northeast Electoral District,Josh Schaer,,,,https://voter.votewa.gov/elections/voterguide.ashx?e=898&la=en&c=17&p=
WA,King,ocd-division/country:us/state:wa/county:king,2026-08-04,Primary,candidate,Justice Position #01,Supreme Court,Colleen Melody,,,,https://voter.votewa.gov/elections/voterguide.ashx?e=898&la=en&c=17&p=
WA,King,ocd-division/country:us/state:wa/county:king,2026-08-04,Primary,candidate,Justice Position #01,Supreme Court,Laura Christensen Colberg,,,,https://voter.votewa.gov/elections/voterguide.ashx?e=898&la=en&c=17&p=
WA,King,ocd-division/country:us/state:wa/county:king,2026-08-04,Primary,candidate,Justice Position #01,Supreme Court,Scott Edwards,,,,https://voter.votewa.gov/elections/voterguide.ashx?e=898&la=en&c=17&p=
WA,King,ocd-division/country:us/state:wa/county:king,2026-08-04,Primary,candidate,Justice Position #03,Supreme Court,David Stevens,,,,https://voter.votewa.gov/elections/voterguide.ashx?e=898&la=en&c=17&p=
WA,King,ocd-division/country:us/state:wa/county:king,2026-08-04,Primary,candidate,Justice Position #03,Supreme Court,Jaime Michelle Hawk,,,,https://voter.votewa.gov/elections/voterguide.ashx?e=898&la=en&c=17&p=
WA,King,ocd-division/country:us/state:wa/county:king,2026-08-04,Primary,candidate,Justice Position #03,Supreme Court,Mike Diaz,,,,https://voter.votewa.gov/elections/voterguide.ashx?e=898&la=en&c=17&p=
WA,King,ocd-division/country:us/state:wa/county:king,2026-08-04,Primary,candidate,Justice Position #05,Supreme Court,Dave Larson,,,,https://voter.votewa.gov/elections/voterguide.ashx?e=898&la=en&c=17&p=
WA,King,ocd-division/country:us/state:wa/county:king,2026-08-04,Primary,candidate,Justice Position #05,Supreme Court,Greg Miller,,,,https://voter.votewa.gov/elections/voterguide.ashx?e=898&la=en&c=17&p=
WA,King,ocd-division/country:us/state:wa/county:king,2026-08-04,Primary,candidate,Justice Position #05,Supreme Court,Sharonda Amamilo,,,,https://voter.votewa.gov/elections/voterguide.ashx?e=898&la=en&c=17&p=
WA,King,ocd-division/country:us/state:wa/county:king,2026-08-04,Primary,candidate,Justice Position #05,Supreme Court,Theo Angelis,,,,https://voter.votewa.gov/elections/voterguide.ashx?e=898&la=en&c=17&p=
WA,King,ocd-division/country:us/state:wa/county:king,2026-08-04,Primary,candidate,Justice Position #07,Supreme Court,David R Shelvey,,,,https://voter.votewa.gov/elections/voterguide.ashx?e=898&la=en&c=17&p=
WA,King,ocd-division/country:us/state:wa/county:king,2026-08-04,Primary,candidate,Justice Position #07,Supreme Court,Debra L. Stephens,,,,https://voter.votewa.gov/elections/voterguide.ashx?e=898&la=en&c=17&p=
WA,King,ocd-division/country:us/state:wa/county:king,2026-08-04,Primary,candidate,Justice Position #07,Supreme Court,Karim A. Merchant,,,,https://voter.votewa.gov/elections/voterguide.ashx?e=898&la=en&c=17&p=
WA,King,ocd-division/country:us/state:wa/county:king,2026-08-04,Primary,candidate,Justice Position #07,Supreme Court,Todd A. Bloom,,,,https://voter.votewa.gov/elections/voterguide.ashx?e=898&la=en&c=17&p=
WA,King,ocd-division/country:us/state:wa/county:king,2026-08-04,Primary,candidate,Metropolitan King County Council District No. 2,County Council District No. 2,Miriam Mboya,,,,https://voter.votewa.gov/elections/voterguide.ashx?e=898&la=en&c=17&p=
WA,King,ocd-division/country:us/state:wa/county:king,2026-08-04,Primary,candidate,Metropolitan King County Council District No. 2,County Council District No. 2,Rebecca Saldaña,,,,https://voter.votewa.gov/elections/voterguide.ashx?e=898&la=en&c=17&p=
WA,King,ocd-division/country:us/state:wa/county:king,2026-08-04,Primary,candidate,Metropolitan King County Council District No. 2,County Council District No. 2,Toshiko Grace Hasegawa,,,,https://voter.votewa.gov/elections/voterguide.ashx?e=898&la=en&c=17&p=
WA,King,ocd-division/country:us/state:wa/county:king,2026-08-04,Primary,candidate,Metropolitan King County Council District No. 8,County Council District No. 8,Mia Jacobson,,,,https://voter.votewa.gov/elections/voterguide.ashx?e=898&la=en&c=17&p=
WA,King,ocd-division/country:us/state:wa/county:king,2026-08-04,Primary,candidate,Metropolitan King County Council District No. 8,County Council District No. 8,Nick Duda,,,,https://voter.votewa.gov/elections/voterguide.ashx?e=898&la=en&c=17&p=
WA,King,ocd-division/country:us/state:wa/county:king,2026-08-04,Primary,candidate,Metropolitan King County Council District No. 8,County Council District No. 8,Teresa Mosqueda,,,,https://voter.votewa.gov/elections/voterguide.ashx?e=898&la=en&c=17&p=
WA,King,ocd-division/country:us/state:wa/county:king,2026-08-04,Primary,candidate,Municipal Court Judge Position No. 5,City Of Seattle,Gabe Rothstein,,,,https://voter.votewa.gov/elections/voterguide.ashx?e=898&la=en&c=17&p=
WA,King,ocd-division/country:us/state:wa/county:king,2026-08-04,Primary,candidate,Municipal Court Judge Position No. 5,City Of Seattle,Garmon Newsom,,,,https://voter.votewa.gov/elections/voterguide.ashx?e=898&la=en&c=17&p=
WA,King,ocd-division/country:us/state:wa/county:king,2026-08-04,Primary,candidate,Municipal Court Judge Position No. 5,City Of Seattle,Lindsay Calkins,,,,https://voter.votewa.gov/elections/voterguide.ashx?e=898&la=en&c=17&p=
WA,King,ocd-division/country:us/state:wa/county:king,2026-08-04,Primary,candidate,Precinct Committee Officer - Democratic,Kmr 01-0677,Jack Jensen,,,,https://voter.votewa.gov/elections/voterguide.ashx?e=898&la=en&c=17&p=
WA,King,ocd-division/country:us/state:wa/county:king,2026-08-04,Primary,candidate,Precinct Committee Officer - Democratic,Kmr 01-0677,Madison Long,,,,https://voter.votewa.gov/elections/voterguide.ashx?e=898&la=en&c=17&p=
WA,King,ocd-division/country:us/state:wa/county:king,2026-08-04,Primary,candidate,Precinct Committee Officer - Democratic,Wod 01-3193,Dominik Faunce,,,,https://voter.votewa.gov/elections/voterguide.ashx?e=898&la=en&c=17&p=
WA,King,ocd-division/country:us/state:wa/county:king,2026-08-04,Primary,candidate,Precinct Committee Officer - Democratic,Wod 01-3193,Lloyd T Spencer,,,,https://voter.votewa.gov/elections/voterguide.ashx?e=898&la=en&c=17&p=
WA,King,ocd-division/country:us/state:wa/county:king,2026-08-04,Primary,candidate,Precinct Committee Officer - Democratic,Iss 05-2806,Lamir Magus,,,,https://voter.votewa.gov/elections/voterguide.ashx?e=898&la=en&c=17&p=
WA,King,ocd-division/country:us/state:wa/county:king,2026-08-04,Primary,candidate,Precinct Committee Officer - Democratic,Iss 05-2806,Marion Palo,,,,https://voter.votewa.gov/elections/voterguide.ashx?e=898&la=en&c=17&p=
WA,King,ocd-division/country:us/state:wa/county:king,2026-08-04,Primary,candidate,Precinct Committee Officer - Democratic,Rnt 11-0988,Patricia Ogunmola,,,,https://voter.votewa.gov/elections/voterguide.ashx?e=898&la=en&c=17&p=
WA,King,ocd-division/country:us/state:wa/county:king,2026-08-04,Primary,candidate,Precinct Committee Officer - Democratic,Rnt 11-0988,Richard Dustin Wight,,,,https://voter.votewa.gov/elections/voterguide.ashx?e=898&la=en&c=17&p=
WA,King,ocd-division/country:us/state:wa/county:king,2026-08-04,Primary,candidate,Precinct Committee Officer - Democratic,Rnt 11-0991,Gina Fuentevilla,,,,https://voter.votewa.gov/elections/voterguide.ashx?e=898&la=en&c=17&p=
WA,King,ocd-division/country:us/state:wa/county:king,2026-08-04,Primary,candidate,Precinct Committee Officer - Democratic,Rnt 11-0991,Rachel Segerhammar,,,,https://voter.votewa.gov/elections/voterguide.ashx?e=898&la=en&c=17&p=
WA,King,ocd-division/country:us/state:wa/county:king,2026-08-04,Primary,candidate,Precinct Committee Officer - Democratic,Rnt 11-3222,Laura Cain-Harris,,,,https://voter.votewa.gov/elections/voterguide.ashx?e=898&la=en&c=17&p=
WA,King,ocd-division/country:us/state:wa/county:king,2026-08-04,Primary,candidate,Precinct Committee Officer - Democratic,Rnt 11-3222,Livey Beha,,,,https://voter.votewa.gov/elections/voterguide.ashx?e=898&la=en&c=17&p=
WA,King,ocd-division/country:us/state:wa/county:king,2026-08-04,Primary,candidate,Precinct Committee Officer - Democratic,Tuk 11-2751,Dennis Martinez,,,,https://voter.votewa.gov/elections/voterguide.ashx?e=898&la=en&c=17&p=
WA,King,ocd-division/country:us/state:wa/county:king,2026-08-04,Primary,candidate,Precinct Committee Officer - Democratic,Tuk 11-2751,Dian Ferguson,,,,https://voter.votewa.gov/elections/voterguide.ashx?e=898&la=en&c=17&p=
WA,King,ocd-division/country:us/state:wa/county:king,2026-08-04,Primary,candidate,Precinct Committee Officer - Democratic,Tuk 11-3128,Kate Kruller,,,,https://voter.votewa.gov/elections/voterguide.ashx?e=898&la=en&c=17&p=
WA,King,ocd-division/country:us/state:wa/county:king,2026-08-04,Primary,candidate,Precinct Committee Officer - Democratic,Tuk 11-3128,Tamara M Bauman,,,,https://voter.votewa.gov/elections/voterguide.ashx?e=898&la=en&c=17&p=
WA,King,ocd-division/country:us/state:wa/county:king,2026-08-04,Primary,candidate,Precinct Committee Officer - Democratic,Shl 32-0423,Candy Wilson,,,,https://voter.votewa.gov/elections/voterguide.ashx?e=898&la=en&c=17&p=
WA,King,ocd-division/country:us/state:wa/county:king,2026-08-04,Primary,candidate,Precinct Committee Officer - Democratic,Shl 32-0423,Janet M  Way,,,,https://voter.votewa.gov/elections/voterguide.ashx?e=898&la=en&c=17&p=
WA,King,ocd-division/country:us/state:wa/county:king,2026-08-04,Primary,candidate,Precinct Committee Officer - Democratic,Shl 32-0802,Andrew Holt,,,,https://voter.votewa.gov/elections/voterguide.ashx?e=898&la=en&c=17&p=
WA,King,ocd-division/country:us/state:wa/county:king,2026-08-04,Primary,candidate,Precinct Committee Officer - Democratic,Shl 32-0802,Norbert Steele,,,,https://voter.votewa.gov/elections/voterguide.ashx?e=898&la=en&c=17&p=
WA,King,ocd-division/country:us/state:wa/county:king,2026-08-04,Primary,candidate,Precinct Committee Officer - Democratic,Shl 32-0875,Allison Luzader,,,,https://voter.votewa.gov/elections/voterguide.ashx?e=898&la=en&c=17&p=
WA,King,ocd-division/country:us/state:wa/county:king,2026-08-04,Primary,candidate,Precinct Committee Officer - Democratic,Shl 32-0875,Bettelinn Brown,,,,https://voter.votewa.gov/elections/voterguide.ashx?e=898&la=en&c=17&p=
WA,King,ocd-division/country:us/state:wa/county:king,2026-08-04,Primary,candidate,Precinct Committee Officer - Democratic,Shl 32-0875,Desiree Moore,,,,https://voter.votewa.gov/elections/voterguide.ashx?e=898&la=en&c=17&p=
WA,King,ocd-division/country:us/state:wa/county:king,2026-08-04,Primary,candidate,Precinct Committee Officer - Democratic,Shl 32-0897,Lauri DeVore,,,,https://voter.votewa.gov/elections/voterguide.ashx?e=898&la=en&c=17&p=
WA,King,ocd-division/country:us/state:wa/county:king,2026-08-04,Primary,candidate,Precinct Committee Officer - Democratic,Shl 32-0897,Tom Fitzpatrick,,,,https://voter.votewa.gov/elections/voterguide.ashx?e=898&la=en&c=17&p=
WA,King,ocd-division/country:us/state:wa/county:king,2026-08-04,Primary,candidate,Precinct Committee Officer - Democratic,Shl 32-1210,Eric Scheir,,,,https://voter.votewa.gov/elections/voterguide.ashx?e=898&la=en&c=17&p=
WA,King,ocd-division/country:us/state:wa/county:king,2026-08-04,Primary,candidate,Precinct Committee Officer - Democratic,Shl 32-1210,Hammad Ali Hashmi,,,,https://voter.votewa.gov/elections/voterguide.ashx?e=898&la=en&c=17&p=
WA,King,ocd-division/country:us/state:wa/county:king,2026-08-04,Primary,candidate,Precinct Committee Officer - Democratic,Shl 32-1228,Christine Ann Pinto,,,,https://voter.votewa.gov/elections/voterguide.ashx?e=898&la=en&c=17&p=
WA,King,ocd-division/country:us/state:wa/county:king,2026-08-04,Primary,candidate,Precinct Committee Officer - Democratic,Shl 32-1228,Janice Gedlund,,,,https://voter.votewa.gov/elections/voterguide.ashx?e=898&la=en&c=17&p=
WA,King,ocd-division/country:us/state:wa/county:king,2026-08-04,Primary,candidate,Precinct Committee Officer - Democratic,Ken 33-0576,Lionel Forde,,,,https://voter.votewa.gov/elections/voterguide.ashx?e=898&la=en&c=17&p=
WA,King,ocd-division/country:us/state:wa/county:king,2026-08-04,Primary,candidate,Precinct Committee Officer - Democratic,Ken 33-0576,Michael Neher,,,,https://voter.votewa.gov/elections/voterguide.ashx?e=898&la=en&c=17&p=
WA,King,ocd-division/country:us/state:wa/county:king,2026-08-04,Primary,candidate,Precinct Committee Officer - Democratic,Ken 33-0595,Daniel Schirmer,,,,https://voter.votewa.gov/elections/voterguide.ashx?e=898&la=en&c=17&p=
WA,King,ocd-division/country:us/state:wa/county:king,2026-08-04,Primary,candidate,Precinct Committee Officer - Democratic,Ken 33-0595,Fanny Pacheco,,,,https://voter.votewa.gov/elections/voterguide.ashx?e=898&la=en&c=17&p=
WA,King,ocd-division/country:us/state:wa/county:king,2026-08-04,Primary,candidate,Precinct Committee Officer - Democratic,Ken 33-2567,Brittany Nicole Furgason,,,,https://voter.votewa.gov/elections/voterguide.ashx?e=898&la=en&c=17&p=
WA,King,ocd-division/country:us/state:wa/county:king,2026-08-04,Primary,candidate,Precinct Committee Officer - Democratic,Ken 33-2567,Elizabeth A. Watson,,,,https://voter.votewa.gov/elections/voterguide.ashx?e=898&la=en&c=17&p=
WA,King,ocd-division/country:us/state:wa/county:king,2026-08-04,Primary,candidate,Precinct Committee Officer - Democratic,Sea 34-1247,Hudayfa Ismail,,,,https://voter.votewa.gov/elections/voterguide.ashx?e=898&la=en&c=17&p=
WA,King,ocd-division/country:us/state:wa/county:king,2026-08-04,Primary,candidate,Precinct Committee Officer - Democratic,Sea 34-1247,Leslie S Harris,,,,https://voter.votewa.gov/elections/voterguide.ashx?e=898&la=en&c=17&p=
WA,King,ocd-division/country:us/state:wa/county:king,2026-08-04,Primary,candidate,Precinct Committee Officer - Democratic,Sea 34-1466,Nicole Frickle,,,,https://voter.votewa.gov/elections/voterguide.ashx?e=898&la=en&c=17&p=
WA,King,ocd-division/country:us/state:wa/county:king,2026-08-04,Primary,candidate,Precinct Committee Officer - Democratic,Sea 34-1466,Patrick McKee,,,,https://voter.votewa.gov/elections/voterguide.ashx?e=898&la=en&c=17&p=
WA,King,ocd-division/country:us/state:wa/county:king,2026-08-04,Primary,candidate,Precinct Committee Officer - Democratic,Sea 34-1487,Helen Sernett,,,,https://voter.votewa.gov/elections/voterguide.ashx?e=898&la=en&c=17&p=
WA,King,ocd-division/country:us/state:wa/county:king,2026-08-04,Primary,candidate,Precinct Committee Officer - Democratic,Sea 34-1487,Jesse Scott-Kandoll,,,,https://voter.votewa.gov/elections/voterguide.ashx?e=898&la=en&c=17&p=
WA,King,ocd-division/country:us/state:wa/county:king,2026-08-04,Primary,candidate,Precinct Committee Officer - Democratic,Sea 36-1345,James Apa,,,,https://voter.votewa.gov/elections/voterguide.ashx?e=898&la=en&c=17&p=
WA,King,ocd-division/country:us/state:wa/county:king,2026-08-04,Primary,candidate,Precinct Committee Officer - Democratic,Sea 36-1345,Joanna Grist,,,,https://voter.votewa.gov/elections/voterguide.ashx?e=898&la=en&c=17&p=
WA,King,ocd-division/country:us/state:wa/county:king,2026-08-04,Primary,candidate,Precinct Committee Officer - Democratic,Sea 36-1743,Claire Ramos,,,,https://voter.votewa.gov/elections/voterguide.ashx?e=898&la=en&c=17&p=
WA,King,ocd-division/country:us/state:wa/county:king,2026-08-04,Primary,candidate,Precinct Committee Officer - Democratic,Sea 36-1743,Laura Marie Rivera,,,,https://voter.votewa.gov/elections/voterguide.ashx?e=898&la=en&c=17&p=
WA,King,ocd-division/country:us/state:wa/county:king,2026-08-04,Primary,candidate,Precinct Committee Officer - Democratic,Sea 36-2166,Brad Nelson,,,,https://voter.votewa.gov/elections/voterguide.ashx?e=898&la=en&c=17&p=
WA,King,ocd-division/country:us/state:wa/county:king,2026-08-04,Primary,candidate,Precinct Committee Officer - Democratic,Sea 36-2166,Etan Berkowitz,,,,https://voter.votewa.gov/elections/voterguide.ashx?e=898&la=en&c=17&p=
WA,King,ocd-division/country:us/state:wa/county:king,2026-08-04,Primary,candidate,Precinct Committee Officer - Democratic,Sea 36-2170,Kiana Scott,,,,https://voter.votewa.gov/elections/voterguide.ashx?e=898&la=en&c=17&p=
WA,King,ocd-division/country:us/state:wa/county:king,2026-08-04,Primary,candidate,Precinct Committee Officer - Democratic,Sea 36-2170,Sue Moser,,,,https://voter.votewa.gov/elections/voterguide.ashx?e=898&la=en&c=17&p=
WA,King,ocd-division/country:us/state:wa/county:king,2026-08-04,Primary,candidate,Precinct Committee Officer - Democratic,Sea 37-1555,Greg Thiessen,,,,https://voter.votewa.gov/elections/voterguide.ashx?e=898&la=en&c=17&p=
WA,King,ocd-division/country:us/state:wa/county:king,2026-08-04,Primary,candidate,Precinct Committee Officer - Democratic,Sea 37-1555,Kendall Oehler,,,,https://voter.votewa.gov/elections/voterguide.ashx?e=898&la=en&c=17&p=
WA,King,ocd-division/country:us/state:wa/county:king,2026-08-04,Primary,candidate,Precinct Committee Officer - Democratic,Sea 37-1608,E. Bailey Medilo,,,,https://voter.votewa.gov/elections/voterguide.ashx?e=898&la=en&c=17&p=
WA,King,ocd-division/country:us/state:wa/county:king,2026-08-04,Primary,candidate,Precinct Committee Officer - Democratic,Sea 37-1608,Joe Harrington,,,,https://voter.votewa.gov/elections/voterguide.ashx?e=898&la=en&c=17&p=
WA,King,ocd-division/country:us/state:wa/county:king,2026-08-04,Primary,candidate,Precinct Committee Officer - Democratic,Sea 37-1608,Melissa Falcone,,,,https://voter.votewa.gov/elections/voterguide.ashx?e=898&la=en&c=17&p=
WA,King,ocd-division/country:us/state:wa/county:king,2026-08-04,Primary,candidate,Precinct Committee Officer - Democratic,Sea 37-1617,Carla McLean,,,,https://voter.votewa.gov/elections/voterguide.ashx?e=898&la=en&c=17&p=
WA,King,ocd-division/country:us/state:wa/county:king,2026-08-04,Primary,candidate,Precinct Committee Officer - Democratic,Sea 37-1617,Scott Winn,,,,https://voter.votewa.gov/elections/voterguide.ashx?e=898&la=en&c=17&p=
WA,King,ocd-division/country:us/state:wa/county:king,2026-08-04,Primary,candidate,Precinct Committee Officer - Democratic,Sea 37-1636,Chukundi Salisbury Sr,,,,https://voter.votewa.gov/elections/voterguide.ashx?e=898&la=en&c=17&p=
WA,King,ocd-division/country:us/state:wa/county:king,2026-08-04,Primary,candidate,Precinct Committee Officer - Democratic,Sea 37-1636,Daniel Escapa,,,,https://voter.votewa.gov/elections/voterguide.ashx?e=898&la=en&c=17&p=
WA,King,ocd-division/country:us/state:wa/county:king,2026-08-04,Primary,candidate,Precinct Committee Officer - Democratic,Sea 37-1838,Bridgette Maryman,,,,https://voter.votewa.gov/elections/voterguide.ashx?e=898&la=en&c=17&p=
WA,King,ocd-division/country:us/state:wa/county:king,2026-08-04,Primary,candidate,Precinct Committee Officer - Democratic,Sea 37-1838,Jamie Fackler,,,,https://voter.votewa.gov/elections/voterguide.ashx?e=898&la=en&c=17&p=
WA,King,ocd-division/country:us/state:wa/county:king,2026-08-04,Primary,candidate,Precinct Committee Officer - Democratic,Sea 37-1871,April Vian,,,,https://voter.votewa.gov/elections/voterguide.ashx?e=898&la=en&c=17&p=
WA,King,ocd-division/country:us/state:wa/county:king,2026-08-04,Primary,candidate,Precinct Committee Officer - Democratic,Sea 37-1871,Beth Brunton,,,,https://voter.votewa.gov/elections/voterguide.ashx?e=898&la=en&c=17&p=
WA,King,ocd-division/country:us/state:wa/county:king,2026-08-04,Primary,candidate,Precinct Committee Officer - Democratic,Sea 37-1882,Casey Smith,,,,https://voter.votewa.gov/elections/voterguide.ashx?e=898&la=en&c=17&p=
WA,King,ocd-division/country:us/state:wa/county:king,2026-08-04,Primary,candidate,Precinct Committee Officer - Democratic,Sea 37-1882,Jennifer Parada,,,,https://voter.votewa.gov/elections/voterguide.ashx?e=898&la=en&c=17&p=
WA,King,ocd-division/country:us/state:wa/county:king,2026-08-04,Primary,candidate,Precinct Committee Officer - Democratic,Sea 37-1898,Carla Curio,,,,https://voter.votewa.gov/elections/voterguide.ashx?e=898&la=en&c=17&p=
WA,King,ocd-division/country:us/state:wa/county:king,2026-08-04,Primary,candidate,Precinct Committee Officer - Democratic,Sea 37-1898,Robert Stephens Jr,,,,https://voter.votewa.gov/elections/voterguide.ashx?e=898&la=en&c=17&p=
WA,King,ocd-division/country:us/state:wa/county:king,2026-08-04,Primary,candidate,Precinct Committee Officer - Democratic,Sea 37-1900,Heather Hess,,,,https://voter.votewa.gov/elections/voterguide.ashx?e=898&la=en&c=17&p=
WA,King,ocd-division/country:us/state:wa/county:king,2026-08-04,Primary,candidate,Precinct Committee Officer - Democratic,Sea 37-1900,Megan Riel-Mehan,,,,https://voter.votewa.gov/elections/voterguide.ashx?e=898&la=en&c=17&p=
WA,King,ocd-division/country:us/state:wa/county:king,2026-08-04,Primary,candidate,Precinct Committee Officer - Democratic,Sea 37-1919,Kirky Hanson,,,,https://voter.votewa.gov/elections/voterguide.ashx?e=898&la=en&c=17&p=
WA,King,ocd-division/country:us/state:wa/county:king,2026-08-04,Primary,candidate,Precinct Committee Officer - Democratic,Sea 37-1919,Maya Cutforth,,,,https://voter.votewa.gov/elections/voterguide.ashx?e=898&la=en&c=17&p=
WA,King,ocd-division/country:us/state:wa/county:king,2026-08-04,Primary,candidate,Precinct Committee Officer - Democratic,Sea 37-1938,Ian Mosher,,,,https://voter.votewa.gov/elections/voterguide.ashx?e=898&la=en&c=17&p=
WA,King,ocd-division/country:us/state:wa/county:king,2026-08-04,Primary,candidate,Precinct Committee Officer - Democratic,Sea 37-1938,Marietta Zintak,,,,https://voter.votewa.gov/elections/voterguide.ashx?e=898&la=en&c=17&p=
WA,King,ocd-division/country:us/state:wa/county:king,2026-08-04,Primary,candidate,Precinct Committee Officer - Democratic,Sea 37-3729,Chio Saeteurn,,,,https://voter.votewa.gov/elections/voterguide.ashx?e=898&la=en&c=17&p=
WA,King,ocd-division/country:us/state:wa/county:king,2026-08-04,Primary,candidate,Precinct Committee Officer - Democratic,Sea 37-3729,Eric Buley,,,,https://voter.votewa.gov/elections/voterguide.ashx?e=898&la=en&c=17&p=
WA,King,ocd-division/country:us/state:wa/county:king,2026-08-04,Primary,candidate,Precinct Committee Officer - Democratic,Sea 37-3729,Suresh Chanmugam,,,,https://voter.votewa.gov/elections/voterguide.ashx?e=898&la=en&c=17&p=
WA,King,ocd-division/country:us/state:wa/county:king,2026-08-04,Primary,candidate,Precinct Committee Officer - Democratic,Sea 37-3802,Brandon Heechan Gim,,,,https://voter.votewa.gov/elections/voterguide.ashx?e=898&la=en&c=17&p=
WA,King,ocd-division/country:us/state:wa/county:king,2026-08-04,Primary,candidate,Precinct Committee Officer - Democratic,Sea 37-3802,Fernando Medina Corey,,,,https://voter.votewa.gov/elections/voterguide.ashx?e=898&la=en&c=17&p=
WA,King,ocd-division/country:us/state:wa/county:king,2026-08-04,Primary,candidate,Precinct Committee Officer - Democratic,Bel 41-2943,Janice Bristol,,,,https://voter.votewa.gov/elections/voterguide.ashx?e=898&la=en&c=17&p=
WA,King,ocd-division/country:us/state:wa/county:king,2026-08-04,Primary,candidate,Precinct Committee Officer - Democratic,Bel 41-2943,Tracey Cook-Lee,,,,https://voter.votewa.gov/elections/voterguide.ashx?e=898&la=en&c=17&p=
WA,King,ocd-division/country:us/state:wa/county:king,2026-08-04,Primary,candidate,Precinct Committee Officer - Democratic,Bel 41-3371,Clarence Gunn,,,,https://voter.votewa.gov/elections/voterguide.ashx?e=898&la=en&c=17&p=
WA,King,ocd-division/country:us/state:wa/county:king,2026-08-04,Primary,candidate,Precinct Committee Officer - Democratic,Bel 41-3371,Orna Berryman,,,,https://voter.votewa.gov/elections/voterguide.ashx?e=898&la=en&c=17&p=
WA,King,ocd-division/country:us/state:wa/county:king,2026-08-04,Primary,candidate,Precinct Committee Officer - Democratic,Sea 43-1359,Linda J Clifton,,,,https://voter.votewa.gov/elections/voterguide.ashx?e=898&la=en&c=17&p=
WA,King,ocd-division/country:us/state:wa/county:king,2026-08-04,Primary,candidate,Precinct Committee Officer - Democratic,Sea 43-1359,Tim Gould,,,,https://voter.votewa.gov/elections/voterguide.ashx?e=898&la=en&c=17&p=
WA,King,ocd-division/country:us/state:wa/county:king,2026-08-04,Primary,candidate,Precinct Committee Officer - Democratic,Sea 43-1373,Aaron Wheeler,,,,https://voter.votewa.gov/elections/voterguide.ashx?e=898&la=en&c=17&p=
WA,King,ocd-division/country:us/state:wa/county:king,2026-08-04,Primary,candidate,Precinct Committee Officer - Democratic,Sea 43-1373,Carl Slater,,,,https://voter.votewa.gov/elections/voterguide.ashx?e=898&la=en&c=17&p=
WA,King,ocd-division/country:us/state:wa/county:king,2026-08-04,Primary,candidate,Precinct Committee Officer - Democratic,Sea 43-1851,Bryce Kolton,,,,https://voter.votewa.gov/elections/voterguide.ashx?e=898&la=en&c=17&p=
WA,King,ocd-division/country:us/state:wa/county:king,2026-08-04,Primary,candidate,Precinct Committee Officer - Democratic,Sea 43-1851,Daniel Heppner,,,,https://voter.votewa.gov/elections/voterguide.ashx?e=898&la=en&c=17&p=
WA,King,ocd-division/country:us/state:wa/county:king,2026-08-04,Primary,candidate,Precinct Committee Officer - Democratic,Sea 43-1859,Aaron McCloud,,,,https://voter.votewa.gov/elections/voterguide.ashx?e=898&la=en&c=17&p=
WA,King,ocd-division/country:us/state:wa/county:king,2026-08-04,Primary,candidate,Precinct Committee Officer - Democratic,Sea 43-1859,Adora Blue,,,,https://voter.votewa.gov/elections/voterguide.ashx?e=898&la=en&c=17&p=
WA,King,ocd-division/country:us/state:wa/county:king,2026-08-04,Primary,candidate,Precinct Committee Officer - Democratic,Sea 43-1859,Erik Wren,,,,https://voter.votewa.gov/elections/voterguide.ashx?e=898&la=en&c=17&p=
WA,King,ocd-division/country:us/state:wa/county:king,2026-08-04,Primary,candidate,Precinct Committee Officer - Democratic,Sea 43-1860,Emeka Alozie,,,,https://voter.votewa.gov/elections/voterguide.ashx?e=898&la=en&c=17&p=
WA,King,ocd-division/country:us/state:wa/county:king,2026-08-04,Primary,candidate,Precinct Committee Officer - Democratic,Sea 43-1860,Leonard Harrison Jerome,,,,https://voter.votewa.gov/elections/voterguide.ashx?e=898&la=en&c=17&p=
WA,King,ocd-division/country:us/state:wa/county:king,2026-08-04,Primary,candidate,Precinct Committee Officer - Democratic,Sea 43-1870,Jase Pickering,,,,https://voter.votewa.gov/elections/voterguide.ashx?e=898&la=en&c=17&p=
WA,King,ocd-division/country:us/state:wa/county:king,2026-08-04,Primary,candidate,Precinct Committee Officer - Democratic,Sea 43-1870,Sean Butterfield,,,,https://voter.votewa.gov/elections/voterguide.ashx?e=898&la=en&c=17&p=
WA,King,ocd-division/country:us/state:wa/county:king,2026-08-04,Primary,candidate,Precinct Committee Officer - Democratic,Sea 43-1976,Amy Madden,,,,https://voter.votewa.gov/elections/voterguide.ashx?e=898&la=en&c=17&p=
WA,King,ocd-division/country:us/state:wa/county:king,2026-08-04,Primary,candidate,Precinct Committee Officer - Democratic,Sea 43-1976,Matthew Epshtein,,,,https://voter.votewa.gov/elections/voterguide.ashx?e=898&la=en&c=17&p=
WA,King,ocd-division/country:us/state:wa/county:king,2026-08-04,Primary,candidate,Precinct Committee Officer - Democratic,Sea 43-1993,Anne Purcell,,,,https://voter.votewa.gov/elections/voterguide.ashx?e=898&la=en&c=17&p=
WA,King,ocd-division/country:us/state:wa/county:king,2026-08-04,Primary,candidate,Precinct Committee Officer - Democratic,Sea 43-1993,Bob Mahon,,,,https://voter.votewa.gov/elections/voterguide.ashx?e=898&la=en&c=17&p=
WA,King,ocd-division/country:us/state:wa/county:king,2026-08-04,Primary,candidate,Precinct Committee Officer - Democratic,Sea 43-2040,Jeremy Erdman,,,,https://voter.votewa.gov/elections/voterguide.ashx?e=898&la=en&c=17&p=
WA,King,ocd-division/country:us/state:wa/county:king,2026-08-04,Primary,candidate,Precinct Committee Officer - Democratic,Sea 43-2040,Seth May,,,,https://voter.votewa.gov/elections/voterguide.ashx?e=898&la=en&c=17&p=
WA,King,ocd-division/country:us/state:wa/county:king,2026-08-04,Primary,candidate,Precinct Committee Officer - Democratic,Sea 43-2542,Aspen Coyle,,,,https://voter.votewa.gov/elections/voterguide.ashx?e=898&la=en&c=17&p=
WA,King,ocd-division/country:us/state:wa/county:king,2026-08-04,Primary,candidate,Precinct Committee Officer - Democratic,Sea 43-2542,Paul Lee,,,,https://voter.votewa.gov/elections/voterguide.ashx?e=898&la=en&c=17&p=
WA,King,ocd-division/country:us/state:wa/county:king,2026-08-04,Primary,candidate,Precinct Committee Officer - Democratic,Sea 46-1271,Chanpreet Singh,,,,https://voter.votewa.gov/elections/voterguide.ashx?e=898&la=en&c=17&p=
WA,King,ocd-division/country:us/state:wa/county:king,2026-08-04,Primary,candidate,Precinct Committee Officer - Democratic,Sea 46-1271,Grant Peltier,,,,https://voter.votewa.gov/elections/voterguide.ashx?e=898&la=en&c=17&p=
WA,King,ocd-division/country:us/state:wa/county:king,2026-08-04,Primary,candidate,Precinct Committee Officer - Democratic,Sea 46-1403,Brandon Monson,,,,https://voter.votewa.gov/elections/voterguide.ashx?e=898&la=en&c=17&p=
WA,King,ocd-division/country:us/state:wa/county:king,2026-08-04,Primary,candidate,Precinct Committee Officer - Democratic,Sea 46-1403,Stephen Paolini,,,,https://voter.votewa.gov/elections/voterguide.ashx?e=898&la=en&c=17&p=
WA,King,ocd-division/country:us/state:wa/county:king,2026-08-04,Primary,candidate,Precinct Committee Officer - Democratic,Sea 46-2252,Frank Field,,,,https://voter.votewa.gov/elections/voterguide.ashx?e=898&la=en&c=17&p=
WA,King,ocd-division/country:us/state:wa/county:king,2026-08-04,Primary,candidate,Precinct Committee Officer - Democratic,Sea 46-2252,Paul Nacamuli,,,,https://voter.votewa.gov/elections/voterguide.ashx?e=898&la=en&c=17&p=
WA,King,ocd-division/country:us/state:wa/county:king,2026-08-04,Primary,candidate,Precinct Committee Officer - Democratic,Sea 46-2295,David Lichter,,,,https://voter.votewa.gov/elections/voterguide.ashx?e=898&la=en&c=17&p=
WA,King,ocd-division/country:us/state:wa/county:king,2026-08-04,Primary,candidate,Precinct Committee Officer - Democratic,Sea 46-2295,Sharon London,,,,https://voter.votewa.gov/elections/voterguide.ashx?e=898&la=en&c=17&p=
WA,King,ocd-division/country:us/state:wa/county:king,2026-08-04,Primary,candidate,Precinct Committee Officer - Democratic,Sea 46-2314,Nancy Lichter,,,,https://voter.votewa.gov/elections/voterguide.ashx?e=898&la=en&c=17&p=
WA,King,ocd-division/country:us/state:wa/county:king,2026-08-04,Primary,candidate,Precinct Committee Officer - Democratic,Sea 46-2314,Sylvia Haven,,,,https://voter.votewa.gov/elections/voterguide.ashx?e=898&la=en&c=17&p=
WA,King,ocd-division/country:us/state:wa/county:king,2026-08-04,Primary,candidate,Precinct Committee Officer - Democratic,Sea 46-2323,Ed Freeman,,,,https://voter.votewa.gov/elections/voterguide.ashx?e=898&la=en&c=17&p=
WA,King,ocd-division/country:us/state:wa/county:king,2026-08-04,Primary,candidate,Precinct Committee Officer - Democratic,Sea 46-2323,Matt Weatherford,,,,https://voter.votewa.gov/elections/voterguide.ashx?e=898&la=en&c=17&p=
WA,King,ocd-division/country:us/state:wa/county:king,2026-08-04,Primary,candidate,Precinct Committee Officer - Democratic,Sea 46-2361,Hunter Brown,,,,https://voter.votewa.gov/elections/voterguide.ashx?e=898&la=en&c=17&p=
WA,King,ocd-division/country:us/state:wa/county:king,2026-08-04,Primary,candidate,Precinct Committee Officer - Democratic,Sea 46-2361,Lisa Rivera,,,,https://voter.votewa.gov/elections/voterguide.ashx?e=898&la=en&c=17&p=
WA,King,ocd-division/country:us/state:wa/county:king,2026-08-04,Primary,candidate,Precinct Committee Officer - Democratic,Sea 46-3262,John Luethe,,,,https://voter.votewa.gov/elections/voterguide.ashx?e=898&la=en&c=17&p=
WA,King,ocd-division/country:us/state:wa/county:king,2026-08-04,Primary,candidate,Precinct Committee Officer - Democratic,Sea 46-3262,Tara Gallagher,,,,https://voter.votewa.gov/elections/voterguide.ashx?e=898&la=en&c=17&p=
WA,King,ocd-division/country:us/state:wa/county:king,2026-08-04,Primary,candidate,Precinct Committee Officer - Democratic,Aub 47-2700,Erica Tomas,,,,https://voter.votewa.gov/elections/voterguide.ashx?e=898&la=en&c=17&p=
WA,King,ocd-division/country:us/state:wa/county:king,2026-08-04,Primary,candidate,Precinct Committee Officer - Democratic,Aub 47-2700,Patricia Larson,,,,https://voter.votewa.gov/elections/voterguide.ashx?e=898&la=en&c=17&p=
WA,King,ocd-division/country:us/state:wa/county:king,2026-08-04,Primary,candidate,Precinct Committee Officer - Democratic,Aub 47-2701,Hanan Amer,,,,https://voter.votewa.gov/elections/voterguide.ashx?e=898&la=en&c=17&p=
WA,King,ocd-division/country:us/state:wa/county:king,2026-08-04,Primary,candidate,Precinct Committee Officer - Democratic,Aub 47-2701,Shantell Sanders,,,,https://voter.votewa.gov/elections/voterguide.ashx?e=898&la=en&c=17&p=
WA,King,ocd-division/country:us/state:wa/county:king,2026-08-04,Primary,candidate,Precinct Committee Officer - Democratic,Aub 47-2729,TJ Revely,,,,https://voter.votewa.gov/elections/voterguide.ashx?e=898&la=en&c=17&p=
WA,King,ocd-division/country:us/state:wa/county:king,2026-08-04,Primary,candidate,Precinct Committee Officer - Democratic,Aub 47-2729,Trevon Cooper,,,,https://voter.votewa.gov/elections/voterguide.ashx?e=898&la=en&c=17&p=
WA,King,ocd-division/country:us/state:wa/county:king,2026-08-04,Primary,candidate,Precinct Committee Officer - Democratic,Cov 47-3279,Kimberley Darby,,,,https://voter.votewa.gov/elections/voterguide.ashx?e=898&la=en&c=17&p=
WA,King,ocd-division/country:us/state:wa/county:king,2026-08-04,Primary,candidate,Precinct Committee Officer - Democratic,Cov 47-3279,Sean Smith,,,,https://voter.votewa.gov/elections/voterguide.ashx?e=898&la=en&c=17&p=
WA,King,ocd-division/country:us/state:wa/county:king,2026-08-04,Primary,candidate,Precinct Committee Officer - Democratic,Bel 48-0128,Srikant Vemparala,,,,https://voter.votewa.gov/elections/voterguide.ashx?e=898&la=en&c=17&p=
WA,King,ocd-division/country:us/state:wa/county:king,2026-08-04,Primary,candidate,Precinct Committee Officer - Democratic,Bel 48-0128,Vandana Prashant Mishra,,,,https://voter.votewa.gov/elections/voterguide.ashx?e=898&la=en&c=17&p=
WA,King,ocd-division/country:us/state:wa/county:king,2026-08-04,Primary,candidate,Precinct Committee Officer - Democratic,Bel 48-0217,Alex Marcellus,,,,https://voter.votewa.gov/elections/voterguide.ashx?e=898&la=en&c=17&p=
WA,King,ocd-division/country:us/state:wa/county:king,2026-08-04,Primary,candidate,Precinct Committee Officer - Democratic,Bel 48-0217,Rick Kirkham,,,,https://voter.votewa.gov/elections/voterguide.ashx?e=898&la=en&c=17&p=
WA,King,ocd-division/country:us/state:wa/county:king,2026-08-04,Primary,candidate,Precinct Committee Officer - Democratic,Bel 48-2776,Paul B Neil,,,,https://voter.votewa.gov/elections/voterguide.ashx?e=898&la=en&c=17&p=
WA,King,ocd-division/country:us/state:wa/county:king,2026-08-04,Primary,candidate,Precinct Committee Officer - Democratic,Bel 48-2776,Vikram Modgil,,,,https://voter.votewa.gov/elections/voterguide.ashx?e=898&la=en&c=17&p=
WA,King,ocd-division/country:us/state:wa/county:king,2026-08-04,Primary,candidate,Precinct Committee Officer - Democratic,Kir 48-3401,Bill Cruikshank,,,,https://voter.votewa.gov/elections/voterguide.ashx?e=898&la=en&c=17&p=
WA,King,ocd-division/country:us/state:wa/county:king,2026-08-04,Primary,candidate,Precinct Committee Officer - Democratic,Kir 48-3401,Margit Moore,,,,https://voter.votewa.gov/elections/voterguide.ashx?e=898&la=en&c=17&p=
WA,King,ocd-division/country:us/state:wa/county:king,2026-08-04,Primary,candidate,Precinct Committee Officer - Democratic,Red 48-3208,Aleathea Batchelor,,,,https://voter.votewa.gov/elections/voterguide.ashx?e=898&la=en&c=17&p=
WA,King,ocd-division/country:us/state:wa/county:king,2026-08-04,Primary,candidate,Precinct Committee Officer - Democratic,Red 48-3208,Dawne Adam,,,,https://voter.votewa.gov/elections/voterguide.ashx?e=898&la=en&c=17&p=
WA,King,ocd-division/country:us/state:wa/county:king,2026-08-04,Primary,candidate,Precinct Committee Officer - Democratic,Red 48-4007,Aspen Richter,,,,https://voter.votewa.gov/elections/voterguide.ashx?e=898&la=en&c=17&p=
WA,King,ocd-division/country:us/state:wa/county:king,2026-08-04,Primary,candidate,Precinct Committee Officer - Democratic,Red 48-4007,Srikanth Sundaragopalan,,,,https://voter.votewa.gov/elections/voterguide.ashx?e=898&la=en&c=17&p=
WA,King,ocd-division/country:us/state:wa/county:king,2026-08-04,Primary,candidate,Precinct Committee Officer - Democratic,Briar,Eric Carlson,,,,https://voter.votewa.gov/elections/voterguide.ashx?e=898&la=en&c=17&p=
WA,King,ocd-division/country:us/state:wa/county:king,2026-08-04,Primary,candidate,Precinct Committee Officer - Democratic,Briar,Gordon Baxter,,,,https://voter.votewa.gov/elections/voterguide.ashx?e=898&la=en&c=17&p=
WA,King,ocd-division/country:us/state:wa/county:king,2026-08-04,Primary,candidate,Precinct Committee Officer - Democratic,Cove,Adrienne Forest,,,,https://voter.votewa.gov/elections/voterguide.ashx?e=898&la=en&c=17&p=
WA,King,ocd-division/country:us/state:wa/county:king,2026-08-04,Primary,candidate,Precinct Committee Officer - Democratic,Cove,Orla Blythe,,,,https://voter.votewa.gov/elections/voterguide.ashx?e=898&la=en&c=17&p=
WA,King,ocd-division/country:us/state:wa/county:king,2026-08-04,Primary,candidate,Precinct Committee Officer - Democratic,Cove,Robert Murano,,,,https://voter.votewa.gov/elections/voterguide.ashx?e=898&la=en&c=17&p=
WA,King,ocd-division/country:us/state:wa/county:king,2026-08-04,Primary,candidate,Precinct Committee Officer - Democratic,Meadowbrook,Roger Ledbetter,,,,https://voter.votewa.gov/elections/voterguide.ashx?e=898&la=en&c=17&p=
WA,King,ocd-division/country:us/state:wa/county:king,2026-08-04,Primary,candidate,Precinct Committee Officer - Democratic,Meadowbrook,Tim Noonan,,,,https://voter.votewa.gov/elections/voterguide.ashx?e=898&la=en&c=17&p=
WA,King,ocd-division/country:us/state:wa/county:king,2026-08-04,Primary,candidate,Precinct Committee Officer - Democratic,Pipeline,Bill Cooper,,,,https://voter.votewa.gov/elections/voterguide.ashx?e=898&la=en&c=17&p=
WA,King,ocd-division/country:us/state:wa/county:king,2026-08-04,Primary,candidate,Precinct Committee Officer - Democratic,Pipeline,Laura Billington,,,,https://voter.votewa.gov/elections/voterguide.ashx?e=898&la=en&c=17&p=
WA,King,ocd-division/country:us/state:wa/county:king,2026-08-04,Primary,candidate,Precinct Committee Officer - Republican,Bot 01-0868,Meera Hessami,,,,https://voter.votewa.gov/elections/voterguide.ashx?e=898&la=en&c=17&p=
WA,King,ocd-division/country:us/state:wa/county:king,2026-08-04,Primary,candidate,Precinct Committee Officer - Republican,Bot 01-0868,Ozzie Bagan,,,,https://voter.votewa.gov/elections/voterguide.ashx?e=898&la=en&c=17&p=
WA,King,ocd-division/country:us/state:wa/county:king,2026-08-04,Primary,candidate,Precinct Committee Officer - Republican,Lfp 01-0655,Victoria J Bloom,,,,https://voter.votewa.gov/elections/voterguide.ashx?e=898&la=en&c=17&p=
WA,King,ocd-division/country:us/state:wa/county:king,2026-08-04,Primary,candidate,Precinct Committee Officer - Republican,Lfp 01-0655,Zhulan Li,,,,https://voter.votewa.gov/elections/voterguide.ashx?e=898&la=en&c=17&p=
WA,King,ocd-division/country:us/state:wa/county:king,2026-08-04,Primary,candidate,Precinct Committee Officer - Republican,M-V 05-3368,Jason Gayler,,,,https://voter.votewa.gov/elections/voterguide.ashx?e=898&la=en&c=17&p=
WA,King,ocd-division/country:us/state:wa/county:king,2026-08-04,Primary,candidate,Precinct Committee Officer - Republican,M-V 05-3368,Michael Tate,,,,https://voter.votewa.gov/elections/voterguide.ashx?e=898&la=en&c=17&p=
WA,King,ocd-division/country:us/state:wa/county:king,2026-08-04,Primary,candidate,Precinct Committee Officer - Republican,Rnt 11-3929,Angie Phillips,,,,https://voter.votewa.gov/elections/voterguide.ashx?e=898&la=en&c=17&p=
WA,King,ocd-division/country:us/state:wa/county:king,2026-08-04,Primary,candidate,Precinct Committee Officer - Republican,Rnt 11-3929,Linda Mills,,,,https://voter.votewa.gov/elections/voterguide.ashx?e=898&la=en&c=17&p=
WA,King,ocd-division/country:us/state:wa/county:king,2026-08-04,Primary,candidate,Precinct Committee Officer - Republican,Fed 30-3234,Joan Murphy,,,,https://voter.votewa.gov/elections/voterguide.ashx?e=898&la=en&c=17&p=
WA,King,ocd-division/country:us/state:wa/county:king,2026-08-04,Primary,candidate,Precinct Committee Officer - Republican,Fed 30-3234,Yu Sun,,,,https://voter.votewa.gov/elections/voterguide.ashx?e=898&la=en&c=17&p=
WA,King,ocd-division/country:us/state:wa/county:king,2026-08-04,Primary,candidate,Precinct Committee Officer - Republican,Shl 32-1053,Laura Steinmetz,,,,https://voter.votewa.gov/elections/voterguide.ashx?e=898&la=en&c=17&p=
WA,King,ocd-division/country:us/state:wa/county:king,2026-08-04,Primary,candidate,Precinct Committee Officer - Republican,Shl 32-1053,Ping Liu,,,,https://voter.votewa.gov/elections/voterguide.ashx?e=898&la=en&c=17&p=
WA,King,ocd-division/country:us/state:wa/county:king,2026-08-04,Primary,candidate,Precinct Committee Officer - Republican,New 41-3529,Chinmay Nagarkar,,,,https://voter.votewa.gov/elections/voterguide.ashx?e=898&la=en&c=17&p=
WA,King,ocd-division/country:us/state:wa/county:king,2026-08-04,Primary,candidate,Precinct Committee Officer - Republican,New 41-3529,Mathew Patrick Thomas,,,,https://voter.votewa.gov/elections/voterguide.ashx?e=898&la=en&c=17&p=
WA,King,ocd-division/country:us/state:wa/county:king,2026-08-04,Primary,candidate,Precinct Committee Officer - Republican,Kir 45-0630,Grace Wong,,,,https://voter.votewa.gov/elections/voterguide.ashx?e=898&la=en&c=17&p=
WA,King,ocd-division/country:us/state:wa/county:king,2026-08-04,Primary,candidate,Precinct Committee Officer - Republican,Kir 45-0630,Ruth-Fiam Nord,,,,https://voter.votewa.gov/elections/voterguide.ashx?e=898&la=en&c=17&p=
WA,King,ocd-division/country:us/state:wa/county:king,2026-08-04,Primary,candidate,Precinct Committee Officer - Republican,Ken 47-0026,Melissa D Ohashi,,,,https://voter.votewa.gov/elections/voterguide.ashx?e=898&la=en&c=17&p=
WA,King,ocd-division/country:us/state:wa/county:king,2026-08-04,Primary,candidate,Precinct Committee Officer - Republican,Ken 47-0026,MyAnn Morrow,,,,https://voter.votewa.gov/elections/voterguide.ashx?e=898&la=en&c=17&p=
WA,King,ocd-division/country:us/state:wa/county:king,2026-08-04,Primary,candidate,Precinct Committee Officer - Republican,Red 48-3208,Michael Scheele,,,,https://voter.votewa.gov/elections/voterguide.ashx?e=898&la=en&c=17&p=
WA,King,ocd-division/country:us/state:wa/county:king,2026-08-04,Primary,candidate,Precinct Committee Officer - Republican,Red 48-3208,Thomas R Caetano,,,,https://voter.votewa.gov/elections/voterguide.ashx?e=898&la=en&c=17&p=
WA,King,ocd-division/country:us/state:wa/county:king,2026-08-04,Primary,candidate,Precinct Committee Officer - Republican,Bronson,Dale Fonk,,,,https://voter.votewa.gov/elections/voterguide.ashx?e=898&la=en&c=17&p=
WA,King,ocd-division/country:us/state:wa/county:king,2026-08-04,Primary,candidate,Precinct Committee Officer - Republican,Bronson,Tiffany Atwood,,,,https://voter.votewa.gov/elections/voterguide.ashx?e=898&la=en&c=17&p=
WA,King,ocd-division/country:us/state:wa/county:king,2026-08-04,Primary,candidate,Precinct Committee Officer - Republican,Brooktrails,Dan Farrer,,,,https://voter.votewa.gov/elections/voterguide.ashx?e=898&la=en&c=17&p=
WA,King,ocd-division/country:us/state:wa/county:king,2026-08-04,Primary,candidate,Precinct Committee Officer - Republican,Brooktrails,Jana Lottinville,,,,https://voter.votewa.gov/elections/voterguide.ashx?e=898&la=en&c=17&p=
WA,King,ocd-division/country:us/state:wa/county:king,2026-08-04,Primary,candidate,Precinct Committee Officer - Republican,Two Rivers,Michael Bladow,,,,https://voter.votewa.gov/elections/voterguide.ashx?e=898&la=en&c=17&p=
WA,King,ocd-division/country:us/state:wa/county:king,2026-08-04,Primary,candidate,Precinct Committee Officer - Republican,Two Rivers,Paul Michael Mcmahon,,,,https://voter.votewa.gov/elections/voterguide.ashx?e=898&la=en&c=17&p=
WA,King,ocd-division/country:us/state:wa/county:king,2026-08-04,Primary,candidate,Precinct Committee Officer - Republican,White River,Nirav Sheth,,,,https://voter.votewa.gov/elections/voterguide.ashx?e=898&la=en&c=17&p=
WA,King,ocd-division/country:us/state:wa/county:king,2026-08-04,Primary,candidate,Precinct Committee Officer - Republican,White River,Paul R Fisher,,,,https://voter.votewa.gov/elections/voterguide.ashx?e=898&la=en&c=17&p=
WA,King,ocd-division/country:us/state:wa/sldl:1,2026-08-04,Primary,candidate,State Representative Pos. 1,Legislative District 1,Davina Duerr,Democratic Party,,,https://voter.votewa.gov/elections/voterguide.ashx?e=898&la=en&c=17&p=
WA,King,ocd-division/country:us/state:wa/sldl:1,2026-08-04,Primary,candidate,State Representative Pos. 1,Legislative District 1,Maggie Wang,Republican Party,,,https://voter.votewa.gov/elections/voterguide.ashx?e=898&la=en&c=17&p=
WA,King,ocd-division/country:us/state:wa/sldl:5,2026-08-04,Primary,candidate,State Representative Pos. 1,Legislative District 5,Aimee Warmerdam,Democratic Party,,,https://voter.votewa.gov/elections/voterguide.ashx?e=898&la=en&c=17&p=
WA,King,ocd-division/country:us/state:wa/sldl:5,2026-08-04,Primary,candidate,State Representative Pos. 1,Legislative District 5,Michelle Bennett,Republican Party,,,https://voter.votewa.gov/elections/voterguide.ashx?e=898&la=en&c=17&p=
WA,King,ocd-division/country:us/state:wa/sldl:5,2026-08-04,Primary,candidate,State Representative Pos. 1,Legislative District 5,Topher Leritz,No Party Preference,,,https://voter.votewa.gov/elections/voterguide.ashx?e=898&la=en&c=17&p=
WA,King,ocd-division/country:us/state:wa/sldl:5,2026-08-04,Primary,candidate,State Representative Pos. 1,Legislative District 5,Zach Hall,Democratic Party,,,https://voter.votewa.gov/elections/voterguide.ashx?e=898&la=en&c=17&p=
WA,King,ocd-division/country:us/state:wa/sldl:11,2026-08-04,Primary,candidate,State Representative Pos. 1,Legislative District 11,Ashley Fedan,Democratic Party,,,https://voter.votewa.gov/elections/voterguide.ashx?e=898&la=en&c=17&p=
WA,King,ocd-division/country:us/state:wa/sldl:11,2026-08-04,Primary,candidate,State Representative Pos. 1,Legislative District 11,Christian Rombough,Republican Party,,,https://voter.votewa.gov/elections/voterguide.ashx?e=898&la=en&c=17&p=
WA,King,ocd-division/country:us/state:wa/sldl:11,2026-08-04,Primary,candidate,State Representative Pos. 1,Legislative District 11,David Hackney,Democratic Party,,,https://voter.votewa.gov/elections/voterguide.ashx?e=898&la=en&c=17&p=
WA,King,ocd-division/country:us/state:wa/sldl:12,2026-08-04,Primary,candidate,State Representative Pos. 1,Legislative District 12,Brian Burnett,Republican Party,,,https://voter.votewa.gov/elections/voterguide.ashx?e=898&la=en&c=17&p=
WA,King,ocd-division/country:us/state:wa/sldl:12,2026-08-04,Primary,candidate,State Representative Pos. 1,Legislative District 12,Stacy Willoughby,Democratic Party,,,https://voter.votewa.gov/elections/voterguide.ashx?e=898&la=en&c=17&p=
WA,King,ocd-division/country:us/state:wa/sldl:30,2026-08-04,Primary,candidate,State Representative Pos. 1,Legislative District 30,Jamila E. Taylor,Democratic Party,,,https://voter.votewa.gov/elections/voterguide.ashx?e=898&la=en&c=17&p=
WA,King,ocd-division/country:us/state:wa/sldl:30,2026-08-04,Primary,candidate,State Representative Pos. 1,Legislative District 30,Tiffany Bowyer,Republican Party,,,https://voter.votewa.gov/elections/voterguide.ashx?e=898&la=en&c=17&p=
WA,King,ocd-division/country:us/state:wa/sldl:31,2026-08-04,Primary,candidate,State Representative Pos. 1,Legislative District 31,Drew Stokesbary,Republican Party,,,https://voter.votewa.gov/elections/voterguide.ashx?e=898&la=en&c=17&p=
WA,King,ocd-division/country:us/state:wa/sldl:31,2026-08-04,Primary,candidate,State Representative Pos. 1,Legislative District 31,Stephen Szczurko-Walton,Democratic Party,,,https://voter.votewa.gov/elections/voterguide.ashx?e=898&la=en&c=17&p=
WA,King,ocd-division/country:us/state:wa/sldl:32,2026-08-04,Primary,candidate,State Representative Pos. 1,Legislative District 32,Chris Bloomquist,Democratic Party,,,https://voter.votewa.gov/elections/voterguide.ashx?e=898&la=en&c=17&p=
WA,King,ocd-division/country:us/state:wa/sldl:32,2026-08-04,Primary,candidate,State Representative Pos. 1,Legislative District 32,Danica Noble,Democratic Party,,,https://voter.votewa.gov/elections/voterguide.ashx?e=898&la=en&c=17&p=
WA,King,ocd-division/country:us/state:wa/sldl:32,2026-08-04,Primary,candidate,State Representative Pos. 1,Legislative District 32,Jenna Nand,Democratic Party,,,https://voter.votewa.gov/elections/voterguide.ashx?e=898&la=en&c=17&p=
WA,King,ocd-division/country:us/state:wa/sldl:32,2026-08-04,Primary,candidate,State Representative Pos. 1,Legislative District 32,Keith Scully,Democratic Party,,,https://voter.votewa.gov/elections/voterguide.ashx?e=898&la=en&c=17&p=
WA,King,ocd-division/country:us/state:wa/sldl:32,2026-08-04,Primary,candidate,State Representative Pos. 1,Legislative District 32,Lisa Rezac,Republican Party,,,https://voter.votewa.gov/elections/voterguide.ashx?e=898&la=en&c=17&p=
WA,King,ocd-division/country:us/state:wa/sldl:32,2026-08-04,Primary,candidate,State Representative Pos. 1,Legislative District 32,Will Chen,Democratic Party,,,https://voter.votewa.gov/elections/voterguide.ashx?e=898&la=en&c=17&p=
WA,King,ocd-division/country:us/state:wa/sldl:33,2026-08-04,Primary,candidate,State Representative Pos. 1,Legislative District 33,Chris Martinez,Republican Party,,,https://voter.votewa.gov/elections/voterguide.ashx?e=898&la=en&c=17&p=
WA,King,ocd-division/country:us/state:wa/sldl:33,2026-08-04,Primary,candidate,State Representative Pos. 1,Legislative District 33,Darryl K. Jones,Republican Party,,,https://voter.votewa.gov/elections/voterguide.ashx?e=898&la=en&c=17&p=
WA,King,ocd-division/country:us/state:wa/sldl:33,2026-08-04,Primary,candidate,State Representative Pos. 1,Legislative District 33,Edwin Obras,Democratic Party,,,https://voter.votewa.gov/elections/voterguide.ashx?e=898&la=en&c=17&p=
WA,King,ocd-division/country:us/state:wa/sldl:34,2026-08-04,Primary,candidate,State Representative Pos. 1,Legislative District 34,Brianna K. Thomas,Democratic Party,,,https://voter.votewa.gov/elections/voterguide.ashx?e=898&la=en&c=17&p=
WA,King,ocd-division/country:us/state:wa/sldl:36,2026-08-04,Primary,candidate,State Representative Pos. 1,Legislative District 36,Julia Grant Reed,Democratic Party,,,https://voter.votewa.gov/elections/voterguide.ashx?e=898&la=en&c=17&p=
WA,King,ocd-division/country:us/state:wa/sldl:37,2026-08-04,Primary,candidate,State Representative Pos. 1,Legislative District 37,Kelabe Tewolde,Democratic Party,,,https://voter.votewa.gov/elections/voterguide.ashx?e=898&la=en&c=17&p=
WA,King,ocd-division/country:us/state:wa/sldl:37,2026-08-04,Primary,candidate,State Representative Pos. 1,Legislative District 37,Sharon Tomiko Santos,Democratic Party,,,https://voter.votewa.gov/elections/voterguide.ashx?e=898&la=en&c=17&p=
WA,King,ocd-division/country:us/state:wa/sldl:41,2026-08-04,Primary,candidate,State Representative Pos. 1,Legislative District 41,Alex Tsimerman,Standup-America Party,,,https://voter.votewa.gov/elections/voterguide.ashx?e=898&la=en&c=17&p=
WA,King,ocd-division/country:us/state:wa/sldl:41,2026-08-04,Primary,candidate,State Representative Pos. 1,Legislative District 41,Elle Nguyen,Republican Party,,,https://voter.votewa.gov/elections/voterguide.ashx?e=898&la=en&c=17&p=
WA,King,ocd-division/country:us/state:wa/sldl:41,2026-08-04,Primary,candidate,State Representative Pos. 1,Legislative District 41,Janice Zahn,Democratic Party,,,https://voter.votewa.gov/elections/voterguide.ashx?e=898&la=en&c=17&p=
WA,King,ocd-division/country:us/state:wa/sldl:43,2026-08-04,Primary,candidate,State Representative Pos. 1,Legislative District 43,Alby Clendennin,Democratic Party,,,https://voter.votewa.gov/elections/voterguide.ashx?e=898&la=en&c=17&p=
WA,King,ocd-division/country:us/state:wa/sldl:43,2026-08-04,Primary,candidate,State Representative Pos. 1,Legislative District 43,Nicole Macri,Democratic Party,,,https://voter.votewa.gov/elections/voterguide.ashx?e=898&la=en&c=17&p=
WA,King,ocd-division/country:us/state:wa/sldl:45,2026-08-04,Primary,candidate,State Representative Pos. 1,Legislative District 45,JoAnn Tolentino,Republican Party,,,https://voter.votewa.gov/elections/voterguide.ashx?e=898&la=en&c=17&p=
WA,King,ocd-division/country:us/state:wa/sldl:45,2026-08-04,Primary,candidate,State Representative Pos. 1,Legislative District 45,Roger Goodman,Democratic Party,,,https://voter.votewa.gov/elections/voterguide.ashx?e=898&la=en&c=17&p=
WA,King,ocd-division/country:us/state:wa/sldl:46,2026-08-04,Primary,candidate,State Representative Pos. 1,Legislative District 46,Gerry Pollet,Democratic Party,,,https://voter.votewa.gov/elections/voterguide.ashx?e=898&la=en&c=17&p=
WA,King,ocd-division/country:us/state:wa/sldl:46,2026-08-04,Primary,candidate,State Representative Pos. 1,Legislative District 46,Ron Davis,Democratic Party,,,https://voter.votewa.gov/elections/voterguide.ashx?e=898&la=en&c=17&p=
WA,King,ocd-division/country:us/state:wa/sldl:46,2026-08-04,Primary,candidate,State Representative Pos. 1,Legislative District 46,Will Dreher,Democratic Party,,,https://voter.votewa.gov/elections/voterguide.ashx?e=898&la=en&c=17&p=
WA,King,ocd-division/country:us/state:wa/sldl:47,2026-08-04,Primary,candidate,State Representative Pos. 1,Legislative District 47,Cobi Clark,Libertarian Party,,,https://voter.votewa.gov/elections/voterguide.ashx?e=898&la=en&c=17&p=
WA,King,ocd-division/country:us/state:wa/sldl:47,2026-08-04,Primary,candidate,State Representative Pos. 1,Legislative District 47,Debra Jean Entenman,Democratic Party,,,https://voter.votewa.gov/elections/voterguide.ashx?e=898&la=en&c=17&p=
WA,King,ocd-division/country:us/state:wa/sldl:47,2026-08-04,Primary,candidate,State Representative Pos. 1,Legislative District 47,Jasnoor Kaur Hans,Democratic Party,,,https://voter.votewa.gov/elections/voterguide.ashx?e=898&la=en&c=17&p=
WA,King,ocd-division/country:us/state:wa/sldl:47,2026-08-04,Primary,candidate,State Representative Pos. 1,Legislative District 47,Logan Evans,Cascade Democrat Party,,,https://voter.votewa.gov/elections/voterguide.ashx?e=898&la=en&c=17&p=
WA,King,ocd-division/country:us/state:wa/sldl:48,2026-08-04,Primary,candidate,State Representative Pos. 1,Legislative District 48,Jeffery Poppe,Republican Party,,,https://voter.votewa.gov/elections/voterguide.ashx?e=898&la=en&c=17&p=
WA,King,ocd-division/country:us/state:wa/sldl:48,2026-08-04,Primary,candidate,State Representative Pos. 1,Legislative District 48,Osman Salahuddin,Democratic Party,,,https://voter.votewa.gov/elections/voterguide.ashx?e=898&la=en&c=17&p=
WA,King,ocd-division/country:us/state:wa/sldl:1,2026-08-04,Primary,candidate,State Representative Pos. 2,Legislative District 1,Cliff Moon,Republican Party,,,https://voter.votewa.gov/elections/voterguide.ashx?e=898&la=en&c=17&p=
WA,King,ocd-division/country:us/state:wa/sldl:1,2026-08-04,Primary,candidate,State Representative Pos. 2,Legislative District 1,Jeff Lyon,Libertarian Party,,,https://voter.votewa.gov/elections/voterguide.ashx?e=898&la=en&c=17&p=
WA,King,ocd-division/country:us/state:wa/sldl:1,2026-08-04,Primary,candidate,State Representative Pos. 2,Legislative District 1,Jenne Alderks,Democratic Party,,,https://voter.votewa.gov/elections/voterguide.ashx?e=898&la=en&c=17&p=
WA,King,ocd-division/country:us/state:wa/sldl:1,2026-08-04,Primary,candidate,State Representative Pos. 2,Legislative District 1,Shelley Kloba,Democratic Party,,,https://voter.votewa.gov/elections/voterguide.ashx?e=898&la=en&c=17&p=
WA,King,ocd-division/country:us/state:wa/sldl:5,2026-08-04,Primary,candidate,State Representative Pos. 2,Legislative District 5,Lisa Callan,Democratic Party,,,https://voter.votewa.gov/elections/voterguide.ashx?e=898&la=en&c=17&p=
WA,King,ocd-division/country:us/state:wa/sldl:5,2026-08-04,Primary,candidate,State Representative Pos. 2,Legislative District 5,Patrick Peacock,Republican Party,,,https://voter.votewa.gov/elections/voterguide.ashx?e=898&la=en&c=17&p=
WA,King,ocd-division/country:us/state:wa/sldl:11,2026-08-04,Primary,candidate,State Representative Pos. 2,Legislative District 11,Steve Bergquist,Democratic Party,,,https://voter.votewa.gov/elections/voterguide.ashx?e=898&la=en&c=17&p=
WA,King,ocd-division/country:us/state:wa/sldl:12,2026-08-04,Primary,candidate,State Representative Pos. 2,Legislative District 12,Adam James,Republican Party,,,https://voter.votewa.gov/elections/voterguide.ashx?e=898&la=en&c=17&p=
WA,King,ocd-division/country:us/state:wa/sldl:12,2026-08-04,Primary,candidate,State Representative Pos. 2,Legislative District 12,Maggie Adams,Democratic Party,,,https://voter.votewa.gov/elections/voterguide.ashx?e=898&la=en&c=17&p=
WA,King,ocd-division/country:us/state:wa/sldl:12,2026-08-04,Primary,candidate,State Representative Pos. 2,Legislative District 12,Mike Steele,Republican Party,,,https://voter.votewa.gov/elections/voterguide.ashx?e=898&la=en&c=17&p=
WA,King,ocd-division/country:us/state:wa/sldl:30,2026-08-04,Primary,candidate,State Representative Pos. 2,Legislative District 30,Kristine Reeves,Democratic Party,,,https://voter.votewa.gov/elections/voterguide.ashx?e=898&la=en&c=17&p=
WA,King,ocd-division/country:us/state:wa/sldl:30,2026-08-04,Primary,candidate,State Representative Pos. 2,Legislative District 30,Paul McDaniel,Independent Party,,,https://voter.votewa.gov/elections/voterguide.ashx?e=898&la=en&c=17&p=
WA,King,ocd-division/country:us/state:wa/sldl:31,2026-08-04,Primary,candidate,State Representative Pos. 2,Legislative District 31,John Bielka,Democrat Party,,,https://voter.votewa.gov/elections/voterguide.ashx?e=898&la=en&c=17&p=
WA,King,ocd-division/country:us/state:wa/sldl:31,2026-08-04,Primary,candidate,State Representative Pos. 2,Legislative District 31,Joshua Penner,Republican Party,,,https://voter.votewa.gov/elections/voterguide.ashx?e=898&la=en&c=17&p=
WA,King,ocd-division/country:us/state:wa/sldl:32,2026-08-04,Primary,candidate,State Representative Pos. 2,Legislative District 32,Imraan Siddiqi,Democratic Party,,,https://voter.votewa.gov/elections/voterguide.ashx?e=898&la=en&c=17&p=
WA,King,ocd-division/country:us/state:wa/sldl:32,2026-08-04,Primary,candidate,State Representative Pos. 2,Legislative District 32,Lauren Davis,Democratic Party,,,https://voter.votewa.gov/elections/voterguide.ashx?e=898&la=en&c=17&p=
WA,King,ocd-division/country:us/state:wa/sldl:33,2026-08-04,Primary,candidate,State Representative Pos. 2,Legislative District 33,Alex Andrade,Democratic Party,,,https://voter.votewa.gov/elections/voterguide.ashx?e=898&la=en&c=17&p=
WA,King,ocd-division/country:us/state:wa/sldl:33,2026-08-04,Primary,candidate,State Representative Pos. 2,Legislative District 33,Mia Su-Ling Gregerson,Democratic Party,,,https://voter.votewa.gov/elections/voterguide.ashx?e=898&la=en&c=17&p=
WA,King,ocd-division/country:us/state:wa/sldl:33,2026-08-04,Primary,candidate,State Representative Pos. 2,Legislative District 33,Yuri Marinchik,Republican Party,,,https://voter.votewa.gov/elections/voterguide.ashx?e=898&la=en&c=17&p=
WA,King,ocd-division/country:us/state:wa/sldl:34,2026-08-04,Primary,candidate,State Representative Pos. 2,Legislative District 34,Joe Fitzgibbon,Democratic Party,,,https://voter.votewa.gov/elections/voterguide.ashx?e=898&la=en&c=17&p=
WA,King,ocd-division/country:us/state:wa/sldl:34,2026-08-04,Primary,candidate,State Representative Pos. 2,Legislative District 34,Mary Anito,Democratic Party,,,https://voter.votewa.gov/elections/voterguide.ashx?e=898&la=en&c=17&p=
WA,King,ocd-division/country:us/state:wa/sldl:36,2026-08-04,Primary,candidate,State Representative Pos. 2,Legislative District 36,Liz Berry,Democratic Party,,,https://voter.votewa.gov/elections/voterguide.ashx?e=898&la=en&c=17&p=
WA,King,ocd-division/country:us/state:wa/sldl:37,2026-08-04,Primary,candidate,State Representative Pos. 2,Legislative District 37,Evon McCorkle,Independent Party,,,https://voter.votewa.gov/elections/voterguide.ashx?e=898&la=en&c=17&p=
WA,King,ocd-division/country:us/state:wa/sldl:37,2026-08-04,Primary,candidate,State Representative Pos. 2,Legislative District 37,Jaelynn Scott,Democratic Party,,,https://voter.votewa.gov/elections/voterguide.ashx?e=898&la=en&c=17&p=
WA,King,ocd-division/country:us/state:wa/sldl:41,2026-08-04,Primary,candidate,State Representative Pos. 2,Legislative District 41,Michael Rosen,Independent Party,,,https://voter.votewa.gov/elections/voterguide.ashx?e=898&la=en&c=17&p=
WA,King,ocd-division/country:us/state:wa/sldl:41,2026-08-04,Primary,candidate,State Representative Pos. 2,Legislative District 41,My-Linh T Thai,Democratic Party,,,https://voter.votewa.gov/elections/voterguide.ashx?e=898&la=en&c=17&p=
WA,King,ocd-division/country:us/state:wa/sldl:43,2026-08-04,Primary,candidate,State Representative Pos. 2,Legislative District 43,Shaun Scott,Democratic Party,,,https://voter.votewa.gov/elections/voterguide.ashx?e=898&la=en&c=17&p=
WA,King,ocd-division/country:us/state:wa/sldl:45,2026-08-04,Primary,candidate,State Representative Pos. 2,Legislative District 45,Chandler Torbett,Democratic Party,,,https://voter.votewa.gov/elections/voterguide.ashx?e=898&la=en&c=17&p=
WA,King,ocd-division/country:us/state:wa/sldl:45,2026-08-04,Primary,candidate,State Representative Pos. 2,Legislative District 45,John P Gibbons,Republican Party,,,https://voter.votewa.gov/elections/voterguide.ashx?e=898&la=en&c=17&p=
WA,King,ocd-division/country:us/state:wa/sldl:45,2026-08-04,Primary,candidate,State Representative Pos. 2,Legislative District 45,Vanessa Kritzer,Democratic Party,,,https://voter.votewa.gov/elections/voterguide.ashx?e=898&la=en&c=17&p=
WA,King,ocd-division/country:us/state:wa/sldl:46,2026-08-04,Primary,candidate,State Representative Pos. 2,Legislative District 46,Darya Farivar,Democratic Party,,,https://voter.votewa.gov/elections/voterguide.ashx?e=898&la=en&c=17&p=
WA,King,ocd-division/country:us/state:wa/sldl:46,2026-08-04,Primary,candidate,State Representative Pos. 2,Legislative District 46,Rodney 'Star' Thornley,Independent Party,,,https://voter.votewa.gov/elections/voterguide.ashx?e=898&la=en&c=17&p=
WA,King,ocd-division/country:us/state:wa/sldl:47,2026-08-04,Primary,candidate,State Representative Pos. 2,Legislative District 47,Chris Stearns,Democratic Party,,,https://voter.votewa.gov/elections/voterguide.ashx?e=898&la=en&c=17&p=
WA,King,ocd-division/country:us/state:wa/sldl:47,2026-08-04,Primary,candidate,State Representative Pos. 2,Legislative District 47,Ted Cooke,Republican Party,,,https://voter.votewa.gov/elections/voterguide.ashx?e=898&la=en&c=17&p=
WA,King,ocd-division/country:us/state:wa/sldl:48,2026-08-04,Primary,candidate,State Representative Pos. 2,Legislative District 48,Amy Walen,Democratic Party,,,https://voter.votewa.gov/elections/voterguide.ashx?e=898&la=en&c=17&p=
WA,King,ocd-division/country:us/state:wa/sldl:48,2026-08-04,Primary,candidate,State Representative Pos. 2,Legislative District 48,Jessica Forsythe,Democratic Party,,,https://voter.votewa.gov/elections/voterguide.ashx?e=898&la=en&c=17&p=
WA,King,ocd-division/country:us/state:wa/sldu:30,2026-08-04,Primary,candidate,State Senator,Legislative District 30,Claire Wilson,Democratic Party,,,https://voter.votewa.gov/elections/voterguide.ashx?e=898&la=en&c=17&p=
WA,King,ocd-division/country:us/state:wa/sldu:30,2026-08-04,Primary,candidate,State Senator,Legislative District 30,Michael Rutland,Republican Party,,,https://voter.votewa.gov/elections/voterguide.ashx?e=898&la=en&c=17&p=
WA,King,ocd-division/country:us/state:wa/sldu:31,2026-08-04,Primary,candidate,State Senator,Legislative District 31,Phil Fortunato,Republican Party,,,https://voter.votewa.gov/elections/voterguide.ashx?e=898&la=en&c=17&p=
WA,King,ocd-division/country:us/state:wa/sldu:31,2026-08-04,Primary,candidate,State Senator,Legislative District 31,Tamara Stramel,Democratic Party,,,https://voter.votewa.gov/elections/voterguide.ashx?e=898&la=en&c=17&p=
WA,King,ocd-division/country:us/state:wa/sldu:32,2026-08-04,Primary,candidate,State Senator,Legislative District 32,Cindy Ryu,Democratic Party,,,https://voter.votewa.gov/elections/voterguide.ashx?e=898&la=en&c=17&p=
WA,King,ocd-division/country:us/state:wa/sldu:32,2026-08-04,Primary,candidate,State Senator,Legislative District 32,Ira McBee,Republican Party,,,https://voter.votewa.gov/elections/voterguide.ashx?e=898&la=en&c=17&p=
WA,King,ocd-division/country:us/state:wa/sldu:32,2026-08-04,Primary,candidate,State Senator,Legislative District 32,Jesse Salomon,Democratic Party,,,https://voter.votewa.gov/elections/voterguide.ashx?e=898&la=en&c=17&p=
WA,King,ocd-division/country:us/state:wa/sldu:33,2026-08-04,Primary,candidate,State Senator,Legislative District 33,Tina L. Orwall,Democratic Party,,,https://voter.votewa.gov/elections/voterguide.ashx?e=898&la=en&c=17&p=
WA,King,ocd-division/country:us/state:wa/sldu:34,2026-08-04,Primary,candidate,State Senator,Legislative District 34,Emily Alvarado,Democratic Party,,,https://voter.votewa.gov/elections/voterguide.ashx?e=898&la=en&c=17&p=
WA,King,ocd-division/country:us/state:wa/sldu:36,2026-08-04,Primary,candidate,State Senator,Legislative District 36,Jillian England,Republican Party,,,https://voter.votewa.gov/elections/voterguide.ashx?e=898&la=en&c=17&p=
WA,King,ocd-division/country:us/state:wa/sldu:36,2026-08-04,Primary,candidate,State Senator,Legislative District 36,Noel C. Frame,Democratic Party,,,https://voter.votewa.gov/elections/voterguide.ashx?e=898&la=en&c=17&p=
WA,King,ocd-division/country:us/state:wa/sldu:37,2026-08-04,Primary,candidate,State Senator,Legislative District 37,Chipalo Street,Democratic Party,,,https://voter.votewa.gov/elections/voterguide.ashx?e=898&la=en&c=17&p=
WA,King,ocd-division/country:us/state:wa/sldu:37,2026-08-04,Primary,candidate,State Senator,Legislative District 37,Tatiana Brown,Democratic Party,,,https://voter.votewa.gov/elections/voterguide.ashx?e=898&la=en&c=17&p=
WA,King,ocd-division/country:us/state:wa/sldu:43,2026-08-04,Primary,candidate,State Senator,Legislative District 43,Hannah Sabio-Howell,Democratic Party,,,https://voter.votewa.gov/elections/voterguide.ashx?e=898&la=en&c=17&p=
WA,King,ocd-division/country:us/state:wa/sldu:43,2026-08-04,Primary,candidate,State Senator,Legislative District 43,Heather-Marie Wilson,No Party Preference,,,https://voter.votewa.gov/elections/voterguide.ashx?e=898&la=en&c=17&p=
WA,King,ocd-division/country:us/state:wa/sldu:43,2026-08-04,Primary,candidate,State Senator,Legislative District 43,Jamie Pedersen,Democratic Party,,,https://voter.votewa.gov/elections/voterguide.ashx?e=898&la=en&c=17&p=
WA,King,ocd-division/country:us/state:wa/sldu:45,2026-08-04,Primary,candidate,State Senator,Legislative District 45,Manka Dhingra,Democratic Party,,,https://voter.votewa.gov/elections/voterguide.ashx?e=898&la=en&c=17&p=
WA,King,ocd-division/country:us/state:wa/sldu:46,2026-08-04,Primary,candidate,State Senator,Legislative District 46,Javier Valdez,Democratic Party,,,https://voter.votewa.gov/elections/voterguide.ashx?e=898&la=en&c=17&p=
WA,King,ocd-division/country:us/state:wa/sldu:46,2026-08-04,Primary,candidate,State Senator,Legislative District 46,Sandra Stephens,Republican Party,,,https://voter.votewa.gov/elections/voterguide.ashx?e=898&la=en&c=17&p=
WA,King,ocd-division/country:us/state:wa/sldu:47,2026-08-04,Primary,candidate,State Senator,Legislative District 47,Claudia Kauffman,Democratic Party,,,https://voter.votewa.gov/elections/voterguide.ashx?e=898&la=en&c=17&p=
WA,King,ocd-division/country:us/state:wa/sldu:47,2026-08-04,Primary,candidate,State Senator,Legislative District 47,Kristina Soltys,Republican Party,,,https://voter.votewa.gov/elections/voterguide.ashx?e=898&la=en&c=17&p=
WA,King,ocd-division/country:us/state:wa/sldu:48,2026-08-04,Primary,candidate,State Senator,Legislative District 48,Vandana Slatter,Democratic Party,,,https://voter.votewa.gov/elections/voterguide.ashx?e=898&la=en&c=17&p=
WA,King,ocd-division/country:us/state:wa/cd:1,2026-08-04,Primary,candidate,U.S. Representative,Congressional District 1,Benjamin Kincaid,Democratic Party,,,https://voter.votewa.gov/elections/voterguide.ashx?e=898&la=en&c=17&p=
WA,King,ocd-division/country:us/state:wa/cd:1,2026-08-04,Primary,candidate,U.S. Representative,Congressional District 1,Bryce Nickel,Democratic Party,,,https://voter.votewa.gov/elections/voterguide.ashx?e=898&la=en&c=17&p=
WA,King,ocd-division/country:us/state:wa/cd:1,2026-08-04,Primary,candidate,U.S. Representative,Congressional District 1,Catherine Hildebrand,Democratic Party,,,https://voter.votewa.gov/elections/voterguide.ashx?e=898&la=en&c=17&p=
WA,King,ocd-division/country:us/state:wa/cd:1,2026-08-04,Primary,candidate,U.S. Representative,Congressional District 1,Hunter Gordon,Democratic Party,,,https://voter.votewa.gov/elections/voterguide.ashx?e=898&la=en&c=17&p=
WA,King,ocd-division/country:us/state:wa/cd:1,2026-08-04,Primary,candidate,U.S. Representative,Congressional District 1,James Etzkorn,Independent Party,,,https://voter.votewa.gov/elections/voterguide.ashx?e=898&la=en&c=17&p=
WA,King,ocd-division/country:us/state:wa/cd:1,2026-08-04,Primary,candidate,U.S. Representative,Congressional District 1,Mary Silva,Republican Party,,,https://voter.votewa.gov/elections/voterguide.ashx?e=898&la=en&c=17&p=
WA,King,ocd-division/country:us/state:wa/cd:1,2026-08-04,Primary,candidate,U.S. Representative,Congressional District 1,Suzan DelBene,Democratic Party,,,https://voter.votewa.gov/elections/voterguide.ashx?e=898&la=en&c=17&p=
WA,King,ocd-division/country:us/state:wa/cd:7,2026-08-04,Primary,candidate,U.S. Representative,Congressional District 7,David W. Blomstrom,Fifth Republic Party,,,https://voter.votewa.gov/elections/voterguide.ashx?e=898&la=en&c=17&p=
WA,King,ocd-division/country:us/state:wa/cd:7,2026-08-04,Primary,candidate,U.S. Representative,Congressional District 7,Gwen Kirkland,Democratic Party,,,https://voter.votewa.gov/elections/voterguide.ashx?e=898&la=en&c=17&p=
WA,King,ocd-division/country:us/state:wa/cd:7,2026-08-04,Primary,candidate,U.S. Representative,Congressional District 7,Nirav Sheth,Republican Party,,,https://voter.votewa.gov/elections/voterguide.ashx?e=898&la=en&c=17&p=
WA,King,ocd-division/country:us/state:wa/cd:7,2026-08-04,Primary,candidate,U.S. Representative,Congressional District 7,Pramila Jayapal,Democratic Party,,,https://voter.votewa.gov/elections/voterguide.ashx?e=898&la=en&c=17&p=
WA,King,ocd-division/country:us/state:wa/cd:8,2026-08-04,Primary,candidate,U.S. Representative,Congressional District 8,Andres Valleza,Republican Party,,,https://voter.votewa.gov/elections/voterguide.ashx?e=898&la=en&c=17&p=
WA,King,ocd-division/country:us/state:wa/cd:8,2026-08-04,Primary,candidate,U.S. Representative,Congressional District 8,Bob Hagglund,Republican Party,,,https://voter.votewa.gov/elections/voterguide.ashx?e=898&la=en&c=17&p=
WA,King,ocd-division/country:us/state:wa/cd:8,2026-08-04,Primary,candidate,U.S. Representative,Congressional District 8,Keith Arnold,Democratic Party,,,https://voter.votewa.gov/elections/voterguide.ashx?e=898&la=en&c=17&p=
WA,King,ocd-division/country:us/state:wa/cd:8,2026-08-04,Primary,candidate,U.S. Representative,Congressional District 8,Kim Schrier,Democratic Party,,,https://voter.votewa.gov/elections/voterguide.ashx?e=898&la=en&c=17&p=
WA,King,ocd-division/country:us/state:wa/cd:8,2026-08-04,Primary,candidate,U.S. Representative,Congressional District 8,Spencer Meline,Republican Party,,,https://voter.votewa.gov/elections/voterguide.ashx?e=898&la=en&c=17&p=
WA,King,ocd-division/country:us/state:wa/cd:8,2026-08-04,Primary,candidate,U.S. Representative,Congressional District 8,Trinh Ha,Republican Party,,,https://voter.votewa.gov/elections/voterguide.ashx?e=898&la=en&c=17&p=
WA,King,ocd-division/country:us/state:wa/cd:9,2026-08-04,Primary,candidate,U.S. Representative,Congressional District 9,Adam Smith,Democratic Party,,,https://voter.votewa.gov/elections/voterguide.ashx?e=898&la=en&c=17&p=
WA,King,ocd-division/country:us/state:wa/cd:9,2026-08-04,Primary,candidate,U.S. Representative,Congressional District 9,Doug Basler,Republican Party,,,https://voter.votewa.gov/elections/voterguide.ashx?e=898&la=en&c=17&p=
WA,King,ocd-division/country:us/state:wa/cd:9,2026-08-04,Primary,candidate,U.S. Representative,Congressional District 9,Jacob Perasso,Socialist Workers Party,,,https://voter.votewa.gov/elections/voterguide.ashx?e=898&la=en&c=17&p=
WA,King,ocd-division/country:us/state:wa/cd:9,2026-08-04,Primary,candidate,U.S. Representative,Congressional District 9,Kshama Sawant,Independent Party,,,https://voter.votewa.gov/elections/voterguide.ashx?e=898&la=en&c=17&p=
WA,King,ocd-division/country:us/state:wa/cd:9,2026-08-04,Primary,candidate,U.S. Representative,Congressional District 9,Melissa Chaudhry,Democratic Party,,,https://voter.votewa.gov/elections/voterguide.ashx?e=898&la=en&c=17&p=
WA,King,ocd-division/country:us/state:wa/county:king,2026-08-04,Primary,measure,,,,,7152,King County Fire Protection District No. 43 - Proposition No. 1,https://voter.votewa.gov/elections/voterguide.ashx?e=898&la=en&c=17&p=
WA,King,ocd-division/country:us/state:wa/county:king,2026-08-04,Primary,measure,,,,,7159,King County Fire Protection District No. 47 - Proposition No. 1,https://voter.votewa.gov/elections/voterguide.ashx?e=898&la=en&c=17&p=
WA,King,ocd-division/country:us/state:wa/county:king,2026-08-04,Primary,measure,,,,,7166,SNOQUALMIE PASS FIRE AND RESCUE - Intent to Continue Voter Authorized Benefit Charge,https://voter.votewa.gov/elections/voterguide.ashx?e=898&la=en&c=17&p=
WA,King,ocd-division/country:us/state:wa/county:king,2026-08-04,Primary,measure,,,,,7182,City of Black Diamond - Proposition No. 1,https://voter.votewa.gov/elections/voterguide.ashx?e=898&la=en&c=17&p=
WA,King,ocd-division/country:us/state:wa/county:king,2026-08-04,Primary,measure,,,,,7183,City of Covington - Proposition No. 1,https://voter.votewa.gov/elections/voterguide.ashx?e=898&la=en&c=17&p=
WA,King,ocd-division/country:us/state:wa/county:king,2026-08-04,Primary,measure,,,,,7184,City of Seattle - Proposition No. 1,https://voter.votewa.gov/elections/voterguide.ashx?e=898&la=en&c=17&p=
WA,King,ocd-division/country:us/state:wa/county:king,2026-08-04,Primary,measure,,,,,7186,Skykomish School District No. 404 - Proposition No. 1,https://voter.votewa.gov/elections/voterguide.ashx?e=898&la=en&c=17&p=
WA,Kitsap,ocd-division/country:us/state:wa/county:kitsap,2026-08-04,Primary,candidate,Assessor,County,Michael Simonds,Democratic Party,,,https://voter.votewa.gov/elections/voterguide.ashx?e=898&la=en&c=18&p=
WA,Kitsap,ocd-division/country:us/state:wa/county:kitsap,2026-08-04,Primary,candidate,Assessor,County,Phil Cook,Republican Party,,,https://voter.votewa.gov/elections/voterguide.ashx?e=898&la=en&c=18&p=
WA,Kitsap,ocd-division/country:us/state:wa/county:kitsap,2026-08-04,Primary,candidate,Auditor,County,Paul Andrews,Democratic Party,,,https://voter.votewa.gov/elections/voterguide.ashx?e=898&la=en&c=18&p=
WA,Kitsap,ocd-division/country:us/state:wa/county:kitsap,2026-08-04,Primary,candidate,Clerk,County,Brien Kennedy,Democratic Party,,,https://voter.votewa.gov/elections/voterguide.ashx?e=898&la=en&c=18&p=
WA,Kitsap,ocd-division/country:us/state:wa/county:kitsap,2026-08-04,Primary,candidate,Clerk,County,David T Lewis III,Democratic Party,,,https://voter.votewa.gov/elections/voterguide.ashx?e=898&la=en&c=18&p=
WA,Kitsap,ocd-division/country:us/state:wa/county:kitsap,2026-08-04,Primary,candidate,Commissioner District 3,County Commissioner District 3,Katie Walters,Democratic Party,,,https://voter.votewa.gov/elections/voterguide.ashx?e=898&la=en&c=18&p=
WA,Kitsap,ocd-division/country:us/state:wa/county:kitsap,2026-08-04,Primary,candidate,Commissioner District 3,County Commissioner District 3,Kevin Tisdel,Republican Party,,,https://voter.votewa.gov/elections/voterguide.ashx?e=898&la=en&c=18&p=
WA,Kitsap,ocd-division/country:us/state:wa/county:kitsap,2026-08-04,Primary,candidate,Justice Position #01,Supreme Court,Colleen Melody,,,,https://voter.votewa.gov/elections/voterguide.ashx?e=898&la=en&c=18&p=
WA,Kitsap,ocd-division/country:us/state:wa/county:kitsap,2026-08-04,Primary,candidate,Justice Position #01,Supreme Court,Laura Christensen Colberg,,,,https://voter.votewa.gov/elections/voterguide.ashx?e=898&la=en&c=18&p=
WA,Kitsap,ocd-division/country:us/state:wa/county:kitsap,2026-08-04,Primary,candidate,Justice Position #01,Supreme Court,Scott Edwards,,,,https://voter.votewa.gov/elections/voterguide.ashx?e=898&la=en&c=18&p=
WA,Kitsap,ocd-division/country:us/state:wa/county:kitsap,2026-08-04,Primary,candidate,Justice Position #03,Supreme Court,David Stevens,,,,https://voter.votewa.gov/elections/voterguide.ashx?e=898&la=en&c=18&p=
WA,Kitsap,ocd-division/country:us/state:wa/county:kitsap,2026-08-04,Primary,candidate,Justice Position #03,Supreme Court,Jaime Michelle Hawk,,,,https://voter.votewa.gov/elections/voterguide.ashx?e=898&la=en&c=18&p=
WA,Kitsap,ocd-division/country:us/state:wa/county:kitsap,2026-08-04,Primary,candidate,Justice Position #03,Supreme Court,Mike Diaz,,,,https://voter.votewa.gov/elections/voterguide.ashx?e=898&la=en&c=18&p=
WA,Kitsap,ocd-division/country:us/state:wa/county:kitsap,2026-08-04,Primary,candidate,Justice Position #05,Supreme Court,Dave Larson,,,,https://voter.votewa.gov/elections/voterguide.ashx?e=898&la=en&c=18&p=
WA,Kitsap,ocd-division/country:us/state:wa/county:kitsap,2026-08-04,Primary,candidate,Justice Position #05,Supreme Court,Greg Miller,,,,https://voter.votewa.gov/elections/voterguide.ashx?e=898&la=en&c=18&p=
WA,Kitsap,ocd-division/country:us/state:wa/county:kitsap,2026-08-04,Primary,candidate,Justice Position #05,Supreme Court,Sharonda Amamilo,,,,https://voter.votewa.gov/elections/voterguide.ashx?e=898&la=en&c=18&p=
WA,Kitsap,ocd-division/country:us/state:wa/county:kitsap,2026-08-04,Primary,candidate,Justice Position #05,Supreme Court,Theo Angelis,,,,https://voter.votewa.gov/elections/voterguide.ashx?e=898&la=en&c=18&p=
WA,Kitsap,ocd-division/country:us/state:wa/county:kitsap,2026-08-04,Primary,candidate,Justice Position #07,Supreme Court,David R Shelvey,,,,https://voter.votewa.gov/elections/voterguide.ashx?e=898&la=en&c=18&p=
WA,Kitsap,ocd-division/country:us/state:wa/county:kitsap,2026-08-04,Primary,candidate,Justice Position #07,Supreme Court,Debra L. Stephens,,,,https://voter.votewa.gov/elections/voterguide.ashx?e=898&la=en&c=18&p=
WA,Kitsap,ocd-division/country:us/state:wa/county:kitsap,2026-08-04,Primary,candidate,Justice Position #07,Supreme Court,Karim A. Merchant,,,,https://voter.votewa.gov/elections/voterguide.ashx?e=898&la=en&c=18&p=
WA,Kitsap,ocd-division/country:us/state:wa/county:kitsap,2026-08-04,Primary,candidate,Justice Position #07,Supreme Court,Todd A. Bloom,,,,https://voter.votewa.gov/elections/voterguide.ashx?e=898&la=en&c=18&p=
WA,Kitsap,ocd-division/country:us/state:wa/county:kitsap,2026-08-04,Primary,candidate,Precinct Committee Officer - Democratic,410  Cp8,Terri Schumacher,,,,https://voter.votewa.gov/elections/voterguide.ashx?e=898&la=en&c=18&p=
WA,Kitsap,ocd-division/country:us/state:wa/county:kitsap,2026-08-04,Primary,candidate,Precinct Committee Officer - Democratic,410  Cp8,Val Torrens,,,,https://voter.votewa.gov/elections/voterguide.ashx?e=898&la=en&c=18&p=
WA,Kitsap,ocd-division/country:us/state:wa/county:kitsap,2026-08-04,Primary,candidate,Precinct Committee Officer - Democratic,415  Cp6,Jesse H. Cockerham,,,,https://voter.votewa.gov/elections/voterguide.ashx?e=898&la=en&c=18&p=
WA,Kitsap,ocd-division/country:us/state:wa/county:kitsap,2026-08-04,Primary,candidate,Precinct Committee Officer - Democratic,415  Cp6,Jessica Woolhether,,,,https://voter.votewa.gov/elections/voterguide.ashx?e=898&la=en&c=18&p=
WA,Kitsap,ocd-division/country:us/state:wa/county:kitsap,2026-08-04,Primary,candidate,Prosecuting Attorney,County,Chad M. Enright,Democratic Party,,,https://voter.votewa.gov/elections/voterguide.ashx?e=898&la=en&c=18&p=
WA,Kitsap,ocd-division/country:us/state:wa/county:kitsap,2026-08-04,Primary,candidate,Prosecuting Attorney,County,Joe Lombardi,Democratic Party,,,https://voter.votewa.gov/elections/voterguide.ashx?e=898&la=en&c=18&p=
WA,Kitsap,ocd-division/country:us/state:wa/county:kitsap,2026-08-04,Primary,candidate,Sheriff,County,Brandon L. Myers,Democratic Party,,,https://voter.votewa.gov/elections/voterguide.ashx?e=898&la=en&c=18&p=
WA,Kitsap,ocd-division/country:us/state:wa/county:kitsap,2026-08-04,Primary,candidate,Sheriff,County,Rick Kuss,Republican Party,,,https://voter.votewa.gov/elections/voterguide.ashx?e=898&la=en&c=18&p=
WA,Kitsap,ocd-division/country:us/state:wa/sldl:23,2026-08-04,Primary,candidate,State Representative Pos. 1,Legislative District 23,Daria Ilgen,Democratic Party,,,https://voter.votewa.gov/elections/voterguide.ashx?e=898&la=en&c=18&p=
WA,Kitsap,ocd-division/country:us/state:wa/sldl:23,2026-08-04,Primary,candidate,State Representative Pos. 1,Legislative District 23,Tarra Simmons,Democratic Party,,,https://voter.votewa.gov/elections/voterguide.ashx?e=898&la=en&c=18&p=
WA,Kitsap,ocd-division/country:us/state:wa/sldl:26,2026-08-04,Primary,candidate,State Representative Pos. 1,Legislative District 26,Adison Richards,Democratic Party,,,https://voter.votewa.gov/elections/voterguide.ashx?e=898&la=en&c=18&p=
WA,Kitsap,ocd-division/country:us/state:wa/sldl:26,2026-08-04,Primary,candidate,State Representative Pos. 1,Legislative District 26,David Olson,Republican Party,,,https://voter.votewa.gov/elections/voterguide.ashx?e=898&la=en&c=18&p=
WA,Kitsap,ocd-division/country:us/state:wa/sldl:26,2026-08-04,Primary,candidate,State Representative Pos. 1,Legislative District 26,Natalie Bornfleth,Democratic Party,,,https://voter.votewa.gov/elections/voterguide.ashx?e=898&la=en&c=18&p=
WA,Kitsap,ocd-division/country:us/state:wa/sldl:35,2026-08-04,Primary,candidate,State Representative Pos. 1,Legislative District 35,Dan Griffey,Republican Party,,,https://voter.votewa.gov/elections/voterguide.ashx?e=898&la=en&c=18&p=
WA,Kitsap,ocd-division/country:us/state:wa/sldl:35,2026-08-04,Primary,candidate,State Representative Pos. 1,Legislative District 35,Jim Pierson,Democratic Party,,,https://voter.votewa.gov/elections/voterguide.ashx?e=898&la=en&c=18&p=
WA,Kitsap,ocd-division/country:us/state:wa/sldl:35,2026-08-04,Primary,candidate,State Representative Pos. 1,Legislative District 35,Shaena Garberich,Democratic Party,,,https://voter.votewa.gov/elections/voterguide.ashx?e=898&la=en&c=18&p=
WA,Kitsap,ocd-division/country:us/state:wa/sldl:23,2026-08-04,Primary,candidate,State Representative Pos. 2,Legislative District 23,Greg Nance,Democratic Party,,,https://voter.votewa.gov/elections/voterguide.ashx?e=898&la=en&c=18&p=
WA,Kitsap,ocd-division/country:us/state:wa/sldl:23,2026-08-04,Primary,candidate,State Representative Pos. 2,Legislative District 23,Kristin Lillegard,Democratic Party,,,https://voter.votewa.gov/elections/voterguide.ashx?e=898&la=en&c=18&p=
WA,Kitsap,ocd-division/country:us/state:wa/sldl:23,2026-08-04,Primary,candidate,State Representative Pos. 2,Legislative District 23,Lance Byrd,Republican Party,,,https://voter.votewa.gov/elections/voterguide.ashx?e=898&la=en&c=18&p=
WA,Kitsap,ocd-division/country:us/state:wa/sldl:26,2026-08-04,Primary,candidate,State Representative Pos. 2,Legislative District 26,Katy Cornell,Republican Party,,,https://voter.votewa.gov/elections/voterguide.ashx?e=898&la=en&c=18&p=
WA,Kitsap,ocd-division/country:us/state:wa/sldl:26,2026-08-04,Primary,candidate,State Representative Pos. 2,Legislative District 26,Randy Phillips,No Party Preference,,,https://voter.votewa.gov/elections/voterguide.ashx?e=898&la=en&c=18&p=
WA,Kitsap,ocd-division/country:us/state:wa/sldl:26,2026-08-04,Primary,candidate,State Representative Pos. 2,Legislative District 26,Renee Hernandez Greenfield,Democratic Party,,,https://voter.votewa.gov/elections/voterguide.ashx?e=898&la=en&c=18&p=
WA,Kitsap,ocd-division/country:us/state:wa/sldl:26,2026-08-04,Primary,candidate,State Representative Pos. 2,Legislative District 26,Tedd Wetherbee,Democratic Party,,,https://voter.votewa.gov/elections/voterguide.ashx?e=898&la=en&c=18&p=
WA,Kitsap,ocd-division/country:us/state:wa/sldl:35,2026-08-04,Primary,candidate,State Representative Pos. 2,Legislative District 35,Maria Littlesun,Democratic Party,,,https://voter.votewa.gov/elections/voterguide.ashx?e=898&la=en&c=18&p=
WA,Kitsap,ocd-division/country:us/state:wa/sldl:35,2026-08-04,Primary,candidate,State Representative Pos. 2,Legislative District 35,Travis Couture,Republican Party,,,https://voter.votewa.gov/elections/voterguide.ashx?e=898&la=en&c=18&p=
WA,Kitsap,ocd-division/country:us/state:wa/sldu:26,2026-08-04,Primary,candidate,State Senator,Legislative District 26,Deborah Krishnadasan,Democratic Party,,,https://voter.votewa.gov/elections/voterguide.ashx?e=898&la=en&c=18&p=
WA,Kitsap,ocd-division/country:us/state:wa/sldu:26,2026-08-04,Primary,candidate,State Senator,Legislative District 26,Gary Parker,Republican Party,,,https://voter.votewa.gov/elections/voterguide.ashx?e=898&la=en&c=18&p=
WA,Kitsap,ocd-division/country:us/state:wa/sldu:35,2026-08-04,Primary,candidate,State Senator,Legislative District 35,Carolina Mejia,Democratic Party,,,https://voter.votewa.gov/elections/voterguide.ashx?e=898&la=en&c=18&p=
WA,Kitsap,ocd-division/country:us/state:wa/sldu:35,2026-08-04,Primary,candidate,State Senator,Legislative District 35,Drew C MacEwen,Republican Party,,,https://voter.votewa.gov/elections/voterguide.ashx?e=898&la=en&c=18&p=
WA,Kitsap,ocd-division/country:us/state:wa,2026-08-04,Primary,candidate,Treasurer,County,Pete Boissonneau,Democratic Party,,,https://voter.votewa.gov/elections/voterguide.ashx?e=898&la=en&c=18&p=
WA,Kitsap,ocd-division/country:us/state:wa/cd:6,2026-08-04,Primary,candidate,U.S. Representative,Congressional District No. 6,Brian P. O'Gorman,Independent Party,,,https://voter.votewa.gov/elections/voterguide.ashx?e=898&la=en&c=18&p=
WA,Kitsap,ocd-division/country:us/state:wa/cd:6,2026-08-04,Primary,candidate,U.S. Representative,Congressional District No. 6,Emily Randall,Democratic Party,,,https://voter.votewa.gov/elections/voterguide.ashx?e=898&la=en&c=18&p=
WA,Kitsap,ocd-division/country:us/state:wa/cd:6,2026-08-04,Primary,candidate,U.S. Representative,Congressional District No. 6,Leon Lawson,Trump Republican Party,,,https://voter.votewa.gov/elections/voterguide.ashx?e=898&la=en&c=18&p=
WA,Kitsap,ocd-division/country:us/state:wa/cd:6,2026-08-04,Primary,candidate,U.S. Representative,Congressional District No. 6,Macy Jones,No Party Preference,,,https://voter.votewa.gov/elections/voterguide.ashx?e=898&la=en&c=18&p=
WA,Kitsap,ocd-division/country:us/state:wa/cd:6,2026-08-04,Primary,candidate,U.S. Representative,Congressional District No. 6,Teresa Fox,Republican Party,,,https://voter.votewa.gov/elections/voterguide.ashx?e=898&la=en&c=18&p=
WA,Kitsap,ocd-division/country:us/state:wa/county:kitsap,2026-08-04,Primary,measure,,,,,7209,North Mason Regional Fire Authority - Emergency Medical Services Property Tax Levy,https://voter.votewa.gov/elections/voterguide.ashx?e=898&la=en&c=18&p=
WA,Kitsap,ocd-division/country:us/state:wa/county:kitsap,2026-08-04,Primary,measure,,,,,7211,Kitsap County Fire Protection District No. 18 - Proposition No. 1,https://voter.votewa.gov/elections/voterguide.ashx?e=898&la=en&c=18&p=
WA,Kitsap,ocd-division/country:us/state:wa/county:kitsap,2026-08-04,Primary,measure,,,,,7224,City of Bremerton - Proposition No. 1,https://voter.votewa.gov/elections/voterguide.ashx?e=898&la=en&c=18&p=
WA,Kittitas,ocd-division/country:us/state:wa/county:kittitas,2026-08-04,Primary,candidate,Assessor,County,Mike Hougardy,GOP Party,,,https://voter.votewa.gov/elections/voterguide.ashx?e=898&la=en&c=19&p=
WA,Kittitas,ocd-division/country:us/state:wa/county:kittitas,2026-08-04,Primary,candidate,Auditor,County,Bryan Elliott,Republican Party,,,https://voter.votewa.gov/elections/voterguide.ashx?e=898&la=en&c=19&p=
WA,Kittitas,ocd-division/country:us/state:wa/county:kittitas,2026-08-04,Primary,candidate,Clerk,County,Stephanie George,Republican Party,,,https://voter.votewa.gov/elections/voterguide.ashx?e=898&la=en&c=19&p=
WA,Kittitas,ocd-division/country:us/state:wa/county:kittitas,2026-08-04,Primary,candidate,Commissioner 3,County Commissioner District 3,Brett Wachsmith,GOP Party,,,https://voter.votewa.gov/elections/voterguide.ashx?e=898&la=en&c=19&p=
WA,Kittitas,ocd-division/country:us/state:wa/county:kittitas,2026-08-04,Primary,candidate,Coroner,County,Charlie Divine,No Party Preference,,,https://voter.votewa.gov/elections/voterguide.ashx?e=898&la=en&c=19&p=
WA,Kittitas,ocd-division/country:us/state:wa/county:kittitas,2026-08-04,Primary,candidate,Coroner,County,Cori McKean,Republican Party,,,https://voter.votewa.gov/elections/voterguide.ashx?e=898&la=en&c=19&p=
WA,Kittitas,ocd-division/country:us/state:wa/county:kittitas,2026-08-04,Primary,candidate,Justice Position #01,Supreme Court,Colleen Melody,,,,https://voter.votewa.gov/elections/voterguide.ashx?e=898&la=en&c=19&p=
WA,Kittitas,ocd-division/country:us/state:wa/county:kittitas,2026-08-04,Primary,candidate,Justice Position #01,Supreme Court,Laura Christensen Colberg,,,,https://voter.votewa.gov/elections/voterguide.ashx?e=898&la=en&c=19&p=
WA,Kittitas,ocd-division/country:us/state:wa/county:kittitas,2026-08-04,Primary,candidate,Justice Position #01,Supreme Court,Scott Edwards,,,,https://voter.votewa.gov/elections/voterguide.ashx?e=898&la=en&c=19&p=
WA,Kittitas,ocd-division/country:us/state:wa/county:kittitas,2026-08-04,Primary,candidate,Justice Position #03,Supreme Court,David Stevens,,,,https://voter.votewa.gov/elections/voterguide.ashx?e=898&la=en&c=19&p=
WA,Kittitas,ocd-division/country:us/state:wa/county:kittitas,2026-08-04,Primary,candidate,Justice Position #03,Supreme Court,Jaime Michelle Hawk,,,,https://voter.votewa.gov/elections/voterguide.ashx?e=898&la=en&c=19&p=
WA,Kittitas,ocd-division/country:us/state:wa/county:kittitas,2026-08-04,Primary,candidate,Justice Position #03,Supreme Court,Mike Diaz,,,,https://voter.votewa.gov/elections/voterguide.ashx?e=898&la=en&c=19&p=
WA,Kittitas,ocd-division/country:us/state:wa/county:kittitas,2026-08-04,Primary,candidate,Justice Position #05,Supreme Court,Dave Larson,,,,https://voter.votewa.gov/elections/voterguide.ashx?e=898&la=en&c=19&p=
WA,Kittitas,ocd-division/country:us/state:wa/county:kittitas,2026-08-04,Primary,candidate,Justice Position #05,Supreme Court,Greg Miller,,,,https://voter.votewa.gov/elections/voterguide.ashx?e=898&la=en&c=19&p=
WA,Kittitas,ocd-division/country:us/state:wa/county:kittitas,2026-08-04,Primary,candidate,Justice Position #05,Supreme Court,Sharonda Amamilo,,,,https://voter.votewa.gov/elections/voterguide.ashx?e=898&la=en&c=19&p=
WA,Kittitas,ocd-division/country:us/state:wa/county:kittitas,2026-08-04,Primary,candidate,Justice Position #05,Supreme Court,Theo Angelis,,,,https://voter.votewa.gov/elections/voterguide.ashx?e=898&la=en&c=19&p=
WA,Kittitas,ocd-division/country:us/state:wa/county:kittitas,2026-08-04,Primary,candidate,Justice Position #07,Supreme Court,David R Shelvey,,,,https://voter.votewa.gov/elections/voterguide.ashx?e=898&la=en&c=19&p=
WA,Kittitas,ocd-division/country:us/state:wa/county:kittitas,2026-08-04,Primary,candidate,Justice Position #07,Supreme Court,Debra L. Stephens,,,,https://voter.votewa.gov/elections/voterguide.ashx?e=898&la=en&c=19&p=
WA,Kittitas,ocd-division/country:us/state:wa/county:kittitas,2026-08-04,Primary,candidate,Justice Position #07,Supreme Court,Karim A. Merchant,,,,https://voter.votewa.gov/elections/voterguide.ashx?e=898&la=en&c=19&p=
WA,Kittitas,ocd-division/country:us/state:wa/county:kittitas,2026-08-04,Primary,candidate,Justice Position #07,Supreme Court,Todd A. Bloom,,,,https://voter.votewa.gov/elections/voterguide.ashx?e=898&la=en&c=19&p=
WA,Kittitas,ocd-division/country:us/state:wa/county:kittitas,2026-08-04,Primary,candidate,Precinct Committee Officer - Democratic,Ellensburg 10,Ann George,,,,https://voter.votewa.gov/elections/voterguide.ashx?e=898&la=en&c=19&p=
WA,Kittitas,ocd-division/country:us/state:wa/county:kittitas,2026-08-04,Primary,candidate,Precinct Committee Officer - Democratic,Ellensburg 10,Susan Waddle,,,,https://voter.votewa.gov/elections/voterguide.ashx?e=898&la=en&c=19&p=
WA,Kittitas,ocd-division/country:us/state:wa/county:kittitas,2026-08-04,Primary,candidate,Precinct Committee Officer - Republican,Peoh Point,Kavin Beedle,,,,https://voter.votewa.gov/elections/voterguide.ashx?e=898&la=en&c=19&p=
WA,Kittitas,ocd-division/country:us/state:wa/county:kittitas,2026-08-04,Primary,candidate,Precinct Committee Officer - Republican,Peoh Point,Travis Harris,,,,https://voter.votewa.gov/elections/voterguide.ashx?e=898&la=en&c=19&p=
WA,Kittitas,ocd-division/country:us/state:wa/county:kittitas,2026-08-04,Primary,candidate,Prosecuting Attorney,County,Aaron Reiman,Independent Party,,,https://voter.votewa.gov/elections/voterguide.ashx?e=898&la=en&c=19&p=
WA,Kittitas,ocd-division/country:us/state:wa/county:kittitas,2026-08-04,Primary,candidate,Prosecuting Attorney,County,Jodi Hammond,Republican Party,,,https://voter.votewa.gov/elections/voterguide.ashx?e=898&la=en&c=19&p=
WA,Kittitas,ocd-division/country:us/state:wa/county:kittitas,2026-08-04,Primary,candidate,Prosecuting Attorney,County,Patricia Todd,Republican Party,,,https://voter.votewa.gov/elections/voterguide.ashx?e=898&la=en&c=19&p=
WA,Kittitas,ocd-division/country:us/state:wa/county:kittitas,2026-08-04,Primary,candidate,Sheriff,County,Ben Kokjer,Republican Party,,,https://voter.votewa.gov/elections/voterguide.ashx?e=898&la=en&c=19&p=
WA,Kittitas,ocd-division/country:us/state:wa/county:kittitas,2026-08-04,Primary,candidate,Sheriff,County,Darryl Chepoda JR,Independent Party,,,https://voter.votewa.gov/elections/voterguide.ashx?e=898&la=en&c=19&p=
WA,Kittitas,ocd-division/country:us/state:wa/sldl:13,2026-08-04,Primary,candidate,State Representative Pos. 1,Legislative District 13,"Juan ""Jerry"" Garcia",Democratic Party,,,https://voter.votewa.gov/elections/voterguide.ashx?e=898&la=en&c=19&p=
WA,Kittitas,ocd-division/country:us/state:wa/sldl:13,2026-08-04,Primary,candidate,State Representative Pos. 1,Legislative District 13,Tom Dent,Republican Party,,,https://voter.votewa.gov/elections/voterguide.ashx?e=898&la=en&c=19&p=
WA,Kittitas,ocd-division/country:us/state:wa/sldl:13,2026-08-04,Primary,candidate,State Representative Pos. 2,Legislative District 13,Deanna Martinez,Republican Party,,,https://voter.votewa.gov/elections/voterguide.ashx?e=898&la=en&c=19&p=
WA,Kittitas,ocd-division/country:us/state:wa/sldl:13,2026-08-04,Primary,candidate,State Representative Pos. 2,Legislative District 13,Don Myers,Republican Party,,,https://voter.votewa.gov/elections/voterguide.ashx?e=898&la=en&c=19&p=
WA,Kittitas,ocd-division/country:us/state:wa/sldl:13,2026-08-04,Primary,candidate,State Representative Pos. 2,Legislative District 13,Joshua Thompson,Republican Party,,,https://voter.votewa.gov/elections/voterguide.ashx?e=898&la=en&c=19&p=
WA,Kittitas,ocd-division/country:us/state:wa/sldu:13,2026-08-04,Primary,candidate,State Senator,Legislative District 13,Alex Ybarra,Republican Party,,,https://voter.votewa.gov/elections/voterguide.ashx?e=898&la=en&c=19&p=
WA,Kittitas,ocd-division/country:us/state:wa,2026-08-04,Primary,candidate,Treasurer,County,Amy Cziske,Republican Party,,,https://voter.votewa.gov/elections/voterguide.ashx?e=898&la=en&c=19&p=
WA,Kittitas,ocd-division/country:us/state:wa/cd:8,2026-08-04,Primary,candidate,U.S. Representative,Congressional District 8,Andres Valleza,Republican Party,,,https://voter.votewa.gov/elections/voterguide.ashx?e=898&la=en&c=19&p=
WA,Kittitas,ocd-division/country:us/state:wa/cd:8,2026-08-04,Primary,candidate,U.S. Representative,Congressional District 8,Bob Hagglund,Republican Party,,,https://voter.votewa.gov/elections/voterguide.ashx?e=898&la=en&c=19&p=
WA,Kittitas,ocd-division/country:us/state:wa/cd:8,2026-08-04,Primary,candidate,U.S. Representative,Congressional District 8,Keith Arnold,Democratic Party,,,https://voter.votewa.gov/elections/voterguide.ashx?e=898&la=en&c=19&p=
WA,Kittitas,ocd-division/country:us/state:wa/cd:8,2026-08-04,Primary,candidate,U.S. Representative,Congressional District 8,Kim Schrier,Democratic Party,,,https://voter.votewa.gov/elections/voterguide.ashx?e=898&la=en&c=19&p=
WA,Kittitas,ocd-division/country:us/state:wa/cd:8,2026-08-04,Primary,candidate,U.S. Representative,Congressional District 8,Spencer Meline,Republican Party,,,https://voter.votewa.gov/elections/voterguide.ashx?e=898&la=en&c=19&p=
WA,Kittitas,ocd-division/country:us/state:wa/cd:8,2026-08-04,Primary,candidate,U.S. Representative,Congressional District 8,Trinh Ha,Republican Party,,,https://voter.votewa.gov/elections/voterguide.ashx?e=898&la=en&c=19&p=
WA,Kittitas,ocd-division/country:us/state:wa/county:kittitas,2026-08-04,Primary,measure,,,,,7153,FIRE DISTRICT 2 - Levy Lid Lift,https://voter.votewa.gov/elections/voterguide.ashx?e=898&la=en&c=19&p=
WA,Kittitas,ocd-division/country:us/state:wa/county:kittitas,2026-08-04,Primary,measure,,,,,7166,SNOQUALMIE PASS FIRE AND RESCUE - Intent to Continue Voter Authorized Benefit Charge,https://voter.votewa.gov/elections/voterguide.ashx?e=898&la=en&c=19&p=
WA,Kittitas,ocd-division/country:us/state:wa/county:kittitas,2026-08-04,Primary,measure,,,,,7167,CITY OF ROSLYN - Public Library Levy,https://voter.votewa.gov/elections/voterguide.ashx?e=898&la=en&c=19&p=
WA,Kittitas,ocd-division/country:us/state:wa/county:kittitas,2026-08-04,Primary,measure,,,,,7206,CITY OF CLE ELUM - Two Year Levy Lid Lift for Fire Department Operations and Improvements,https://voter.votewa.gov/elections/voterguide.ashx?e=898&la=en&c=19&p=
WA,Klickitat,ocd-division/country:us/state:wa/county:klickitat,2026-08-04,Primary,candidate,County Assessor,County,Billi Jean Bare,Republican Party,,,https://voter.votewa.gov/elections/voterguide.ashx?e=898&la=en&c=20&p=
WA,Klickitat,ocd-division/country:us/state:wa/county:klickitat,2026-08-04,Primary,candidate,County Commissioner 2,County Commissioner Dist. #2,Andy Kallinen,Republican Party,,,https://voter.votewa.gov/elections/voterguide.ashx?e=898&la=en&c=20&p=
WA,Klickitat,ocd-division/country:us/state:wa/county:klickitat,2026-08-04,Primary,candidate,County Commissioner 2,County Commissioner Dist. #2,Gene Klejeski,Republican Party,,,https://voter.votewa.gov/elections/voterguide.ashx?e=898&la=en&c=20&p=
WA,Klickitat,ocd-division/country:us/state:wa/county:klickitat,2026-08-04,Primary,candidate,County Commissioner 2,County Commissioner Dist. #2,Lori Zoller,Republican Party,,,https://voter.votewa.gov/elections/voterguide.ashx?e=898&la=en&c=20&p=
WA,Klickitat,ocd-division/country:us/state:wa/county:klickitat,2026-08-04,Primary,candidate,Justice Position #01,Supreme Court,Colleen Melody,,,,https://voter.votewa.gov/elections/voterguide.ashx?e=898&la=en&c=20&p=
WA,Klickitat,ocd-division/country:us/state:wa/county:klickitat,2026-08-04,Primary,candidate,Justice Position #01,Supreme Court,Laura Christensen Colberg,,,,https://voter.votewa.gov/elections/voterguide.ashx?e=898&la=en&c=20&p=
WA,Klickitat,ocd-division/country:us/state:wa/county:klickitat,2026-08-04,Primary,candidate,Justice Position #01,Supreme Court,Scott Edwards,,,,https://voter.votewa.gov/elections/voterguide.ashx?e=898&la=en&c=20&p=
WA,Klickitat,ocd-division/country:us/state:wa/county:klickitat,2026-08-04,Primary,candidate,Justice Position #03,Supreme Court,David Stevens,,,,https://voter.votewa.gov/elections/voterguide.ashx?e=898&la=en&c=20&p=
WA,Klickitat,ocd-division/country:us/state:wa/county:klickitat,2026-08-04,Primary,candidate,Justice Position #03,Supreme Court,Jaime Michelle Hawk,,,,https://voter.votewa.gov/elections/voterguide.ashx?e=898&la=en&c=20&p=
WA,Klickitat,ocd-division/country:us/state:wa/county:klickitat,2026-08-04,Primary,candidate,Justice Position #03,Supreme Court,Mike Diaz,,,,https://voter.votewa.gov/elections/voterguide.ashx?e=898&la=en&c=20&p=
WA,Klickitat,ocd-division/country:us/state:wa/county:klickitat,2026-08-04,Primary,candidate,Justice Position #05,Supreme Court,Dave Larson,,,,https://voter.votewa.gov/elections/voterguide.ashx?e=898&la=en&c=20&p=
WA,Klickitat,ocd-division/country:us/state:wa/county:klickitat,2026-08-04,Primary,candidate,Justice Position #05,Supreme Court,Greg Miller,,,,https://voter.votewa.gov/elections/voterguide.ashx?e=898&la=en&c=20&p=
WA,Klickitat,ocd-division/country:us/state:wa/county:klickitat,2026-08-04,Primary,candidate,Justice Position #05,Supreme Court,Sharonda Amamilo,,,,https://voter.votewa.gov/elections/voterguide.ashx?e=898&la=en&c=20&p=
WA,Klickitat,ocd-division/country:us/state:wa/county:klickitat,2026-08-04,Primary,candidate,Justice Position #05,Supreme Court,Theo Angelis,,,,https://voter.votewa.gov/elections/voterguide.ashx?e=898&la=en&c=20&p=
WA,Klickitat,ocd-division/country:us/state:wa/county:klickitat,2026-08-04,Primary,candidate,Justice Position #07,Supreme Court,David R Shelvey,,,,https://voter.votewa.gov/elections/voterguide.ashx?e=898&la=en&c=20&p=
WA,Klickitat,ocd-division/country:us/state:wa/county:klickitat,2026-08-04,Primary,candidate,Justice Position #07,Supreme Court,Debra L. Stephens,,,,https://voter.votewa.gov/elections/voterguide.ashx?e=898&la=en&c=20&p=
WA,Klickitat,ocd-division/country:us/state:wa/county:klickitat,2026-08-04,Primary,candidate,Justice Position #07,Supreme Court,Karim A. Merchant,,,,https://voter.votewa.gov/elections/voterguide.ashx?e=898&la=en&c=20&p=
WA,Klickitat,ocd-division/country:us/state:wa/county:klickitat,2026-08-04,Primary,candidate,Justice Position #07,Supreme Court,Todd A. Bloom,,,,https://voter.votewa.gov/elections/voterguide.ashx?e=898&la=en&c=20&p=
WA,Klickitat,ocd-division/country:us/state:wa/county:klickitat,2026-08-04,Primary,candidate,Klickitat County Auditor,County,Heather Jobe,Republican Party,,,https://voter.votewa.gov/elections/voterguide.ashx?e=898&la=en&c=20&p=
WA,Klickitat,ocd-division/country:us/state:wa/county:klickitat,2026-08-04,Primary,candidate,Klickitat County Clerk,County,Renea Campbell,Republican Party,,,https://voter.votewa.gov/elections/voterguide.ashx?e=898&la=en&c=20&p=
WA,Klickitat,ocd-division/country:us/state:wa/county:klickitat,2026-08-04,Primary,candidate,Klickitat County Prosecuting Attorney,County,Rebecca Cranston,No Party Preference,,,https://voter.votewa.gov/elections/voterguide.ashx?e=898&la=en&c=20&p=
WA,Klickitat,ocd-division/country:us/state:wa/county:klickitat,2026-08-04,Primary,candidate,Klickitat County Sheriff,County,Dwayne T. Matulovich,Independent Party,,,https://voter.votewa.gov/elections/voterguide.ashx?e=898&la=en&c=20&p=
WA,Klickitat,ocd-division/country:us/state:wa/county:klickitat,2026-08-04,Primary,candidate,Klickitat County Sheriff,County,John Bruce,Republican Party,,,https://voter.votewa.gov/elections/voterguide.ashx?e=898&la=en&c=20&p=
WA,Klickitat,ocd-division/country:us/state:wa/county:klickitat,2026-08-04,Primary,candidate,Klickitat County Sheriff,County,Tony Warren,Republican Party,,,https://voter.votewa.gov/elections/voterguide.ashx?e=898&la=en&c=20&p=
WA,Klickitat,ocd-division/country:us/state:wa/county:klickitat,2026-08-04,Primary,candidate,Klickitat County Treasurer,County,Greg Gallagher,Republican Party,,,https://voter.votewa.gov/elections/voterguide.ashx?e=898&la=en&c=20&p=
WA,Klickitat,ocd-division/country:us/state:wa/county:klickitat,2026-08-04,Primary,candidate,Precinct Committee Officer - Republican,024,Erin Hartford,,,,https://voter.votewa.gov/elections/voterguide.ashx?e=898&la=en&c=20&p=
WA,Klickitat,ocd-division/country:us/state:wa/county:klickitat,2026-08-04,Primary,candidate,Precinct Committee Officer - Republican,024,Gabriel Stone,,,,https://voter.votewa.gov/elections/voterguide.ashx?e=898&la=en&c=20&p=
WA,Klickitat,ocd-division/country:us/state:wa/county:klickitat,2026-08-04,Primary,candidate,Precinct Committee Officer - Republican,030,Andrew Smith,,,,https://voter.votewa.gov/elections/voterguide.ashx?e=898&la=en&c=20&p=
WA,Klickitat,ocd-division/country:us/state:wa/county:klickitat,2026-08-04,Primary,candidate,Precinct Committee Officer - Republican,030,Judith Cyrus,,,,https://voter.votewa.gov/elections/voterguide.ashx?e=898&la=en&c=20&p=
WA,Klickitat,ocd-division/country:us/state:wa/county:klickitat,2026-08-04,Primary,candidate,Public Utility District #1 Commissioner Pos. 3,Public Utility District Commissioner #3,Dan Christopher,,,,https://voter.votewa.gov/elections/voterguide.ashx?e=898&la=en&c=20&p=
WA,Klickitat,ocd-division/country:us/state:wa/county:klickitat,2026-08-04,Primary,candidate,Public Utility District #1 Commissioner Pos. 3,Public Utility District Commissioner #3,Dan G. Gunkel,,,,https://voter.votewa.gov/elections/voterguide.ashx?e=898&la=en&c=20&p=
WA,Klickitat,ocd-division/country:us/state:wa/county:klickitat,2026-08-04,Primary,candidate,Public Utility District #1 Commissioner Pos. 3,Public Utility District Commissioner #3,Logan B. Siebert,,,,https://voter.votewa.gov/elections/voterguide.ashx?e=898&la=en&c=20&p=
WA,Klickitat,ocd-division/country:us/state:wa/sldl:14,2026-08-04,Primary,candidate,State Representative Pos. 1,Legislative District 14,Chelsea Dimas,Democratic Party,,,https://voter.votewa.gov/elections/voterguide.ashx?e=898&la=en&c=20&p=
WA,Klickitat,ocd-division/country:us/state:wa/sldl:14,2026-08-04,Primary,candidate,State Representative Pos. 1,Legislative District 14,Gloria Mendoza,Republican Party,,,https://voter.votewa.gov/elections/voterguide.ashx?e=898&la=en&c=20&p=
WA,Klickitat,ocd-division/country:us/state:wa/sldl:14,2026-08-04,Primary,candidate,State Representative Pos. 1,Legislative District 14,William Chichenoff,No Party Preference,,,https://voter.votewa.gov/elections/voterguide.ashx?e=898&la=en&c=20&p=
WA,Klickitat,ocd-division/country:us/state:wa/sldl:17,2026-08-04,Primary,candidate,State Representative Pos. 1,Legislative District 17,Ben Christly,Democratic Party,,,https://voter.votewa.gov/elections/voterguide.ashx?e=898&la=en&c=20&p=
WA,Klickitat,ocd-division/country:us/state:wa/sldl:17,2026-08-04,Primary,candidate,State Representative Pos. 1,Legislative District 17,Kevin Waters,Republican Party,,,https://voter.votewa.gov/elections/voterguide.ashx?e=898&la=en&c=20&p=
WA,Klickitat,ocd-division/country:us/state:wa/sldl:17,2026-08-04,Primary,candidate,State Representative Pos. 1,Legislative District 17,Thomas Everett Haynes,Pro Gun Liberal Party,,,https://voter.votewa.gov/elections/voterguide.ashx?e=898&la=en&c=20&p=
WA,Klickitat,ocd-division/country:us/state:wa/sldl:14,2026-08-04,Primary,candidate,State Representative Pos. 2,Legislative District 14,Deb Manjarrez,Republican Party,,,https://voter.votewa.gov/elections/voterguide.ashx?e=898&la=en&c=20&p=
WA,Klickitat,ocd-division/country:us/state:wa/sldl:14,2026-08-04,Primary,candidate,State Representative Pos. 2,Legislative District 14,Ezequiel Morfin,Democratic Party,,,https://voter.votewa.gov/elections/voterguide.ashx?e=898&la=en&c=20&p=
WA,Klickitat,ocd-division/country:us/state:wa/sldl:14,2026-08-04,Primary,candidate,State Representative Pos. 2,Legislative District 14,Tony G Sandoval,Democrat Party,,,https://voter.votewa.gov/elections/voterguide.ashx?e=898&la=en&c=20&p=
WA,Klickitat,ocd-division/country:us/state:wa/sldl:17,2026-08-04,Primary,candidate,State Representative Pos. 2,Legislative District 17,David Stuebe,Republican Party,,,https://voter.votewa.gov/elections/voterguide.ashx?e=898&la=en&c=20&p=
WA,Klickitat,ocd-division/country:us/state:wa/sldl:17,2026-08-04,Primary,candidate,State Representative Pos. 2,Legislative District 17,Diana H. Perez,Democratic Party,,,https://voter.votewa.gov/elections/voterguide.ashx?e=898&la=en&c=20&p=
WA,Klickitat,ocd-division/country:us/state:wa/cd:4,2026-08-04,Primary,candidate,U.S. Representative,Congressional District 4,Amanda McKinney,Republican Party,,,https://voter.votewa.gov/elections/voterguide.ashx?e=898&la=en&c=20&p=
WA,Klickitat,ocd-division/country:us/state:wa/cd:4,2026-08-04,Primary,candidate,U.S. Representative,Congressional District 4,Devin Poore,Cascade Party,,,https://voter.votewa.gov/elections/voterguide.ashx?e=898&la=en&c=20&p=
WA,Klickitat,ocd-division/country:us/state:wa/cd:4,2026-08-04,Primary,candidate,U.S. Representative,Congressional District 4,Elpidia Saavedra,Republican Party,,,https://voter.votewa.gov/elections/voterguide.ashx?e=898&la=en&c=20&p=
WA,Klickitat,ocd-division/country:us/state:wa/cd:4,2026-08-04,Primary,candidate,U.S. Representative,Congressional District 4,Favian Valencia,Independent Party,,,https://voter.votewa.gov/elections/voterguide.ashx?e=898&la=en&c=20&p=
WA,Klickitat,ocd-division/country:us/state:wa/cd:4,2026-08-04,Primary,candidate,U.S. Representative,Congressional District 4,"Jacek ""Jack"" Kobiesa",No Party Preference,,,https://voter.votewa.gov/elections/voterguide.ashx?e=898&la=en&c=20&p=
WA,Klickitat,ocd-division/country:us/state:wa/cd:4,2026-08-04,Primary,candidate,U.S. Representative,Congressional District 4,Jerrod Sessler,Republican Party,,,https://voter.votewa.gov/elections/voterguide.ashx?e=898&la=en&c=20&p=
WA,Klickitat,ocd-division/country:us/state:wa/cd:4,2026-08-04,Primary,candidate,U.S. Representative,Congressional District 4,John C. Hughs,Republican Party,,,https://voter.votewa.gov/elections/voterguide.ashx?e=898&la=en&c=20&p=
WA,Klickitat,ocd-division/country:us/state:wa/cd:4,2026-08-04,Primary,candidate,U.S. Representative,Congressional District 4,John Duresky,Democratic Party,,,https://voter.votewa.gov/elections/voterguide.ashx?e=898&la=en&c=20&p=
WA,Klickitat,ocd-division/country:us/state:wa/cd:4,2026-08-04,Primary,candidate,U.S. Representative,Congressional District 4,Ken Vaz,Republican Party,,,https://voter.votewa.gov/elections/voterguide.ashx?e=898&la=en&c=20&p=
WA,Klickitat,ocd-division/country:us/state:wa/cd:4,2026-08-04,Primary,candidate,U.S. Representative,Congressional District 4,Matt Boehnke,Republican Party,,,https://voter.votewa.gov/elections/voterguide.ashx?e=898&la=en&c=20&p=
WA,Klickitat,ocd-division/country:us/state:wa/cd:4,2026-08-04,Primary,candidate,U.S. Representative,Congressional District 4,Zac Rossi,No Party Preference,,,https://voter.votewa.gov/elections/voterguide.ashx?e=898&la=en&c=20&p=
WA,Klickitat,ocd-division/country:us/state:wa/county:klickitat,2026-08-04,Primary,measure,,,,,7213,LYLE FIRE DISTRICT # 4 - Proposition No. 1,https://voter.votewa.gov/elections/voterguide.ashx?e=898&la=en&c=20&p=
WA,Lewis,ocd-division/country:us/state:wa/county:lewis,2026-08-04,Primary,candidate,Assessor,County,Ross W. Nielson,Republican Party,,,https://voter.votewa.gov/elections/voterguide.ashx?e=898&la=en&c=21&p=
WA,Lewis,ocd-division/country:us/state:wa/county:lewis,2026-08-04,Primary,candidate,Auditor,County,Frank L. Corbin,Republican Party,,,https://voter.votewa.gov/elections/voterguide.ashx?e=898&la=en&c=21&p=
WA,Lewis,ocd-division/country:us/state:wa/county:lewis,2026-08-04,Primary,candidate,Auditor,County,Mitch Townsend,Republican Party,,,https://voter.votewa.gov/elections/voterguide.ashx?e=898&la=en&c=21&p=
WA,Lewis,ocd-division/country:us/state:wa/county:lewis,2026-08-04,Primary,candidate,Auditor,County,Mitchell L. Merrill,Republican Party,,,https://voter.votewa.gov/elections/voterguide.ashx?e=898&la=en&c=21&p=
WA,Lewis,ocd-division/country:us/state:wa/county:lewis,2026-08-04,Primary,candidate,Clerk,County,Scott Tinney,Republican Party,,,https://voter.votewa.gov/elections/voterguide.ashx?e=898&la=en&c=21&p=
WA,Lewis,ocd-division/country:us/state:wa/county:lewis,2026-08-04,Primary,candidate,Coroner,County,Chelsie Niemcziek,Independent Party,,,https://voter.votewa.gov/elections/voterguide.ashx?e=898&la=en&c=21&p=
WA,Lewis,ocd-division/country:us/state:wa/county:lewis,2026-08-04,Primary,candidate,Coroner,County,Jessica Stickley,Independent Party,,,https://voter.votewa.gov/elections/voterguide.ashx?e=898&la=en&c=21&p=
WA,Lewis,ocd-division/country:us/state:wa/county:lewis,2026-08-04,Primary,candidate,Coroner,County,Warren McLeod,Republican Party,,,https://voter.votewa.gov/elections/voterguide.ashx?e=898&la=en&c=21&p=
WA,Lewis,ocd-division/country:us/state:wa/county:lewis,2026-08-04,Primary,candidate,"County Commissioner, District 3",County Commissioner District #3,Kyle Wheeler,Independent Party,,,https://voter.votewa.gov/elections/voterguide.ashx?e=898&la=en&c=21&p=
WA,Lewis,ocd-division/country:us/state:wa/county:lewis,2026-08-04,Primary,candidate,"County Commissioner, District 3",County Commissioner District #3,Michael Hadaller,Republican Party,,,https://voter.votewa.gov/elections/voterguide.ashx?e=898&la=en&c=21&p=
WA,Lewis,ocd-division/country:us/state:wa/county:lewis,2026-08-04,Primary,candidate,"County Commissioner, District 3",County Commissioner District #3,Scott Brummer,Republican Party,,,https://voter.votewa.gov/elections/voterguide.ashx?e=898&la=en&c=21&p=
WA,Lewis,ocd-division/country:us/state:wa/county:lewis,2026-08-04,Primary,candidate,"County Commissioner, District 3",County Commissioner District #3,Tim Toerber,Republican Party,,,https://voter.votewa.gov/elections/voterguide.ashx?e=898&la=en&c=21&p=
WA,Lewis,ocd-division/country:us/state:wa/county:lewis,2026-08-04,Primary,candidate,"County Commissioner, District 3",County Commissioner District #3,Zac Eckstein,Democratic Party,,,https://voter.votewa.gov/elections/voterguide.ashx?e=898&la=en&c=21&p=
WA,Lewis,ocd-division/country:us/state:wa/county:lewis,2026-08-04,Primary,candidate,Democrat Precinct Committee Officer,Centralia #13,Heather Mullins,,,,https://voter.votewa.gov/elections/voterguide.ashx?e=898&la=en&c=21&p=
WA,Lewis,ocd-division/country:us/state:wa/county:lewis,2026-08-04,Primary,candidate,Democrat Precinct Committee Officer,Centralia #13,Sean Wills,,,,https://voter.votewa.gov/elections/voterguide.ashx?e=898&la=en&c=21&p=
WA,Lewis,ocd-division/country:us/state:wa/county:lewis,2026-08-04,Primary,candidate,Justice Position #01,Supreme Court,Colleen Melody,,,,https://voter.votewa.gov/elections/voterguide.ashx?e=898&la=en&c=21&p=
WA,Lewis,ocd-division/country:us/state:wa/county:lewis,2026-08-04,Primary,candidate,Justice Position #01,Supreme Court,Laura Christensen Colberg,,,,https://voter.votewa.gov/elections/voterguide.ashx?e=898&la=en&c=21&p=
WA,Lewis,ocd-division/country:us/state:wa/county:lewis,2026-08-04,Primary,candidate,Justice Position #01,Supreme Court,Scott Edwards,,,,https://voter.votewa.gov/elections/voterguide.ashx?e=898&la=en&c=21&p=
WA,Lewis,ocd-division/country:us/state:wa/county:lewis,2026-08-04,Primary,candidate,Justice Position #03,Supreme Court,David Stevens,,,,https://voter.votewa.gov/elections/voterguide.ashx?e=898&la=en&c=21&p=
WA,Lewis,ocd-division/country:us/state:wa/county:lewis,2026-08-04,Primary,candidate,Justice Position #03,Supreme Court,Jaime Michelle Hawk,,,,https://voter.votewa.gov/elections/voterguide.ashx?e=898&la=en&c=21&p=
WA,Lewis,ocd-division/country:us/state:wa/county:lewis,2026-08-04,Primary,candidate,Justice Position #03,Supreme Court,Mike Diaz,,,,https://voter.votewa.gov/elections/voterguide.ashx?e=898&la=en&c=21&p=
WA,Lewis,ocd-division/country:us/state:wa/county:lewis,2026-08-04,Primary,candidate,Justice Position #05,Supreme Court,Dave Larson,,,,https://voter.votewa.gov/elections/voterguide.ashx?e=898&la=en&c=21&p=
WA,Lewis,ocd-division/country:us/state:wa/county:lewis,2026-08-04,Primary,candidate,Justice Position #05,Supreme Court,Greg Miller,,,,https://voter.votewa.gov/elections/voterguide.ashx?e=898&la=en&c=21&p=
WA,Lewis,ocd-division/country:us/state:wa/county:lewis,2026-08-04,Primary,candidate,Justice Position #05,Supreme Court,Sharonda Amamilo,,,,https://voter.votewa.gov/elections/voterguide.ashx?e=898&la=en&c=21&p=
WA,Lewis,ocd-division/country:us/state:wa/county:lewis,2026-08-04,Primary,candidate,Justice Position #05,Supreme Court,Theo Angelis,,,,https://voter.votewa.gov/elections/voterguide.ashx?e=898&la=en&c=21&p=
WA,Lewis,ocd-division/country:us/state:wa/county:lewis,2026-08-04,Primary,candidate,Justice Position #07,Supreme Court,David R Shelvey,,,,https://voter.votewa.gov/elections/voterguide.ashx?e=898&la=en&c=21&p=
WA,Lewis,ocd-division/country:us/state:wa/county:lewis,2026-08-04,Primary,candidate,Justice Position #07,Supreme Court,Debra L. Stephens,,,,https://voter.votewa.gov/elections/voterguide.ashx?e=898&la=en&c=21&p=
WA,Lewis,ocd-division/country:us/state:wa/county:lewis,2026-08-04,Primary,candidate,Justice Position #07,Supreme Court,Karim A. Merchant,,,,https://voter.votewa.gov/elections/voterguide.ashx?e=898&la=en&c=21&p=
WA,Lewis,ocd-division/country:us/state:wa/county:lewis,2026-08-04,Primary,candidate,Justice Position #07,Supreme Court,Todd A. Bloom,,,,https://voter.votewa.gov/elections/voterguide.ashx?e=898&la=en&c=21&p=
WA,Lewis,ocd-division/country:us/state:wa/county:lewis,2026-08-04,Primary,candidate,Prosecuting Attorney,County,Jonathan L. Meyer,Republican Party,,,https://voter.votewa.gov/elections/voterguide.ashx?e=898&la=en&c=21&p=
WA,Lewis,ocd-division/country:us/state:wa/county:lewis,2026-08-04,Primary,candidate,Republican Precinct Committee Officer,Centralia #8,Johnny Dunnagan,,,,https://voter.votewa.gov/elections/voterguide.ashx?e=898&la=en&c=21&p=
WA,Lewis,ocd-division/country:us/state:wa/county:lewis,2026-08-04,Primary,candidate,Republican Precinct Committee Officer,Centralia #8,Leah Sisemore,,,,https://voter.votewa.gov/elections/voterguide.ashx?e=898&la=en&c=21&p=
WA,Lewis,ocd-division/country:us/state:wa/county:lewis,2026-08-04,Primary,candidate,Republican Precinct Committee Officer,Claquato,Anthony Mixer,,,,https://voter.votewa.gov/elections/voterguide.ashx?e=898&la=en&c=21&p=
WA,Lewis,ocd-division/country:us/state:wa/county:lewis,2026-08-04,Primary,candidate,Republican Precinct Committee Officer,Claquato,Julie Balmelli-Powe,,,,https://voter.votewa.gov/elections/voterguide.ashx?e=898&la=en&c=21&p=
WA,Lewis,ocd-division/country:us/state:wa/county:lewis,2026-08-04,Primary,candidate,Republican Precinct Committee Officer,Claquato,Nathan Carpenter,,,,https://voter.votewa.gov/elections/voterguide.ashx?e=898&la=en&c=21&p=
WA,Lewis,ocd-division/country:us/state:wa/county:lewis,2026-08-04,Primary,candidate,Sheriff,County,Danny Riordan,Republican Party,,,https://voter.votewa.gov/elections/voterguide.ashx?e=898&la=en&c=21&p=
WA,Lewis,ocd-division/country:us/state:wa/county:lewis,2026-08-04,Primary,candidate,Sheriff,County,Gabriel J Frase,Republican Party,,,https://voter.votewa.gov/elections/voterguide.ashx?e=898&la=en&c=21&p=
WA,Lewis,ocd-division/country:us/state:wa/county:lewis,2026-08-04,Primary,candidate,Sheriff,County,Matt McKnight,Republican Party,,,https://voter.votewa.gov/elections/voterguide.ashx?e=898&la=en&c=21&p=
WA,Lewis,ocd-division/country:us/state:wa/county:lewis,2026-08-04,Primary,candidate,Sheriff,County,Tracy Murphy,Republican Party,,,https://voter.votewa.gov/elections/voterguide.ashx?e=898&la=en&c=21&p=
WA,Lewis,ocd-division/country:us/state:wa/sldl:19,2026-08-04,Primary,candidate,State Representative Pos. 1,Legislative District 19,Jim Walsh,Republican Party,,,https://voter.votewa.gov/elections/voterguide.ashx?e=898&la=en&c=21&p=
WA,Lewis,ocd-division/country:us/state:wa/sldl:19,2026-08-04,Primary,candidate,State Representative Pos. 1,Legislative District 19,Kevin Moynihan,Democratic Party,,,https://voter.votewa.gov/elections/voterguide.ashx?e=898&la=en&c=21&p=
WA,Lewis,ocd-division/country:us/state:wa/sldl:20,2026-08-04,Primary,candidate,State Representative Pos. 1,Legislative District 20,Andy Zahn,Democratic Party,,,https://voter.votewa.gov/elections/voterguide.ashx?e=898&la=en&c=21&p=
WA,Lewis,ocd-division/country:us/state:wa/sldl:20,2026-08-04,Primary,candidate,State Representative Pos. 1,Legislative District 20,Peter Abbarno,Republican Party,,,https://voter.votewa.gov/elections/voterguide.ashx?e=898&la=en&c=21&p=
WA,Lewis,ocd-division/country:us/state:wa/sldl:19,2026-08-04,Primary,candidate,State Representative Pos. 2,Legislative District 19,Daniel William Bradley,Republican Party,,,https://voter.votewa.gov/elections/voterguide.ashx?e=898&la=en&c=21&p=
WA,Lewis,ocd-division/country:us/state:wa/sldl:19,2026-08-04,Primary,candidate,State Representative Pos. 2,Legislative District 19,Jimi O'Hagan,Republican Party,,,https://voter.votewa.gov/elections/voterguide.ashx?e=898&la=en&c=21&p=
WA,Lewis,ocd-division/country:us/state:wa/sldl:19,2026-08-04,Primary,candidate,State Representative Pos. 2,Legislative District 19,Joel McEntire,Republican Party,,,https://voter.votewa.gov/elections/voterguide.ashx?e=898&la=en&c=21&p=
WA,Lewis,ocd-division/country:us/state:wa/sldl:19,2026-08-04,Primary,candidate,State Representative Pos. 2,Legislative District 19,Terry Carlson,Democratic Party,,,https://voter.votewa.gov/elections/voterguide.ashx?e=898&la=en&c=21&p=
WA,Lewis,ocd-division/country:us/state:wa/sldl:20,2026-08-04,Primary,candidate,State Representative Pos. 2,Legislative District 20,Ed Orcutt,Republican Party,,,https://voter.votewa.gov/elections/voterguide.ashx?e=898&la=en&c=21&p=
WA,Lewis,ocd-division/country:us/state:wa/sldl:20,2026-08-04,Primary,candidate,State Representative Pos. 2,Legislative District 20,Evan Jones,Democratic Party,,,https://voter.votewa.gov/elections/voterguide.ashx?e=898&la=en&c=21&p=
WA,Lewis,ocd-division/country:us/state:wa,2026-08-04,Primary,candidate,Treasurer,County,Arny Davis,Republican Party,,,https://voter.votewa.gov/elections/voterguide.ashx?e=898&la=en&c=21&p=
WA,Lewis,ocd-division/country:us/state:wa/cd:3,2026-08-04,Primary,candidate,U.S. Representative,Congressional District 3,Antony Barran,Cascade Party,,,https://voter.votewa.gov/elections/voterguide.ashx?e=898&la=en&c=21&p=
WA,Lewis,ocd-division/country:us/state:wa/cd:3,2026-08-04,Primary,candidate,U.S. Representative,Congressional District 3,Austin Braswell,Democratic Party,,,https://voter.votewa.gov/elections/voterguide.ashx?e=898&la=en&c=21&p=
WA,Lewis,ocd-division/country:us/state:wa/cd:3,2026-08-04,Primary,candidate,U.S. Representative,Congressional District 3,Brent Hennrich,Democratic Party,,,https://voter.votewa.gov/elections/voterguide.ashx?e=898&la=en&c=21&p=
WA,Lewis,ocd-division/country:us/state:wa/cd:3,2026-08-04,Primary,candidate,U.S. Representative,Congressional District 3,John Braun,Republican Party,,,https://voter.votewa.gov/elections/voterguide.ashx?e=898&la=en&c=21&p=
WA,Lewis,ocd-division/country:us/state:wa/cd:3,2026-08-04,Primary,candidate,U.S. Representative,Congressional District 3,John P. Roco,Republican Party,,,https://voter.votewa.gov/elections/voterguide.ashx?e=898&la=en&c=21&p=
WA,Lewis,ocd-division/country:us/state:wa/cd:3,2026-08-04,Primary,candidate,U.S. Representative,Congressional District 3,John Saulie-Rohman,Independent Party,,,https://voter.votewa.gov/elections/voterguide.ashx?e=898&la=en&c=21&p=
WA,Lewis,ocd-division/country:us/state:wa/cd:3,2026-08-04,Primary,candidate,U.S. Representative,Congressional District 3,Lawrence Kellogg,Republican Party,,,https://voter.votewa.gov/elections/voterguide.ashx?e=898&la=en&c=21&p=
WA,Lewis,ocd-division/country:us/state:wa/cd:3,2026-08-04,Primary,candidate,U.S. Representative,Congressional District 3,Marie Gluesenkamp Perez,Democratic Party,,,https://voter.votewa.gov/elections/voterguide.ashx?e=898&la=en&c=21&p=
WA,Lewis,ocd-division/country:us/state:wa/cd:3,2026-08-04,Primary,candidate,U.S. Representative,Congressional District 3,Troy Rasband,Democratic Party,,,https://voter.votewa.gov/elections/voterguide.ashx?e=898&la=en&c=21&p=
WA,Lewis,ocd-division/country:us/state:wa/county:lewis,2026-08-04,Primary,measure,,,,,7194,FIRE DISTRICT 3 - MOSSYROCK - Restore EMS Property Tax Levy,https://voter.votewa.gov/elections/voterguide.ashx?e=898&la=en&c=21&p=
WA,Lewis,ocd-division/country:us/state:wa/county:lewis,2026-08-04,Primary,measure,,,,,7195,FIRE DISTRICT 8 - SALKUM-SILVER CRK - Property Tax Levy for Fire Protection and Emergency Medical Services,https://voter.votewa.gov/elections/voterguide.ashx?e=898&la=en&c=21&p=
WA,Lewis,ocd-division/country:us/state:wa/county:lewis,2026-08-04,Primary,measure,,,,,7196,FIRE DISTRICT 15 - WINLOCK - Emergency Services Levy,https://voter.votewa.gov/elections/voterguide.ashx?e=898&la=en&c=21&p=
WA,Lincoln,ocd-division/country:us/state:wa/county:lincoln,2026-08-04,Primary,candidate,ASSESSOR,County,J Scott Liebing,Republican - GOP Party,,,https://voter.votewa.gov/elections/voterguide.ashx?e=898&la=en&c=22&p=
WA,Lincoln,ocd-division/country:us/state:wa/county:lincoln,2026-08-04,Primary,candidate,AUDITOR,County,Chandra L Schumacher,Republican Party,,,https://voter.votewa.gov/elections/voterguide.ashx?e=898&la=en&c=22&p=
WA,Lincoln,ocd-division/country:us/state:wa/county:lincoln,2026-08-04,Primary,candidate,CLERK,County,Traci Gants,Republican Party,,,https://voter.votewa.gov/elections/voterguide.ashx?e=898&la=en&c=22&p=
WA,Lincoln,ocd-division/country:us/state:wa/county:lincoln,2026-08-04,Primary,candidate,County Commissioner District No. 3,Commissioner 3,Rob Coffman,Republican Party,,,https://voter.votewa.gov/elections/voterguide.ashx?e=898&la=en&c=22&p=
WA,Lincoln,ocd-division/country:us/state:wa/county:lincoln,2026-08-04,Primary,candidate,Justice Position #01,Supreme Court,Colleen Melody,,,,https://voter.votewa.gov/elections/voterguide.ashx?e=898&la=en&c=22&p=
WA,Lincoln,ocd-division/country:us/state:wa/county:lincoln,2026-08-04,Primary,candidate,Justice Position #01,Supreme Court,Laura Christensen Colberg,,,,https://voter.votewa.gov/elections/voterguide.ashx?e=898&la=en&c=22&p=
WA,Lincoln,ocd-division/country:us/state:wa/county:lincoln,2026-08-04,Primary,candidate,Justice Position #01,Supreme Court,Scott Edwards,,,,https://voter.votewa.gov/elections/voterguide.ashx?e=898&la=en&c=22&p=
WA,Lincoln,ocd-division/country:us/state:wa/county:lincoln,2026-08-04,Primary,candidate,Justice Position #03,Supreme Court,David Stevens,,,,https://voter.votewa.gov/elections/voterguide.ashx?e=898&la=en&c=22&p=
WA,Lincoln,ocd-division/country:us/state:wa/county:lincoln,2026-08-04,Primary,candidate,Justice Position #03,Supreme Court,Jaime Michelle Hawk,,,,https://voter.votewa.gov/elections/voterguide.ashx?e=898&la=en&c=22&p=
WA,Lincoln,ocd-division/country:us/state:wa/county:lincoln,2026-08-04,Primary,candidate,Justice Position #03,Supreme Court,Mike Diaz,,,,https://voter.votewa.gov/elections/voterguide.ashx?e=898&la=en&c=22&p=
WA,Lincoln,ocd-division/country:us/state:wa/county:lincoln,2026-08-04,Primary,candidate,Justice Position #05,Supreme Court,Dave Larson,,,,https://voter.votewa.gov/elections/voterguide.ashx?e=898&la=en&c=22&p=
WA,Lincoln,ocd-division/country:us/state:wa/county:lincoln,2026-08-04,Primary,candidate,Justice Position #05,Supreme Court,Greg Miller,,,,https://voter.votewa.gov/elections/voterguide.ashx?e=898&la=en&c=22&p=
WA,Lincoln,ocd-division/country:us/state:wa/county:lincoln,2026-08-04,Primary,candidate,Justice Position #05,Supreme Court,Sharonda Amamilo,,,,https://voter.votewa.gov/elections/voterguide.ashx?e=898&la=en&c=22&p=
WA,Lincoln,ocd-division/country:us/state:wa/county:lincoln,2026-08-04,Primary,candidate,Justice Position #05,Supreme Court,Theo Angelis,,,,https://voter.votewa.gov/elections/voterguide.ashx?e=898&la=en&c=22&p=
WA,Lincoln,ocd-division/country:us/state:wa/county:lincoln,2026-08-04,Primary,candidate,Justice Position #07,Supreme Court,David R Shelvey,,,,https://voter.votewa.gov/elections/voterguide.ashx?e=898&la=en&c=22&p=
WA,Lincoln,ocd-division/country:us/state:wa/county:lincoln,2026-08-04,Primary,candidate,Justice Position #07,Supreme Court,Debra L. Stephens,,,,https://voter.votewa.gov/elections/voterguide.ashx?e=898&la=en&c=22&p=
WA,Lincoln,ocd-division/country:us/state:wa/county:lincoln,2026-08-04,Primary,candidate,Justice Position #07,Supreme Court,Karim A. Merchant,,,,https://voter.votewa.gov/elections/voterguide.ashx?e=898&la=en&c=22&p=
WA,Lincoln,ocd-division/country:us/state:wa/county:lincoln,2026-08-04,Primary,candidate,Justice Position #07,Supreme Court,Todd A. Bloom,,,,https://voter.votewa.gov/elections/voterguide.ashx?e=898&la=en&c=22&p=
WA,Lincoln,ocd-division/country:us/state:wa/county:lincoln,2026-08-04,Primary,candidate,PROSECUTING ATTORNEY,County,Ty Albertson,Republican Party,,,https://voter.votewa.gov/elections/voterguide.ashx?e=898&la=en&c=22&p=
WA,Lincoln,ocd-division/country:us/state:wa/county:lincoln,2026-08-04,Primary,candidate,SHERIFF,County,Gabe Gants,REPUBLICAN Party,,,https://voter.votewa.gov/elections/voterguide.ashx?e=898&la=en&c=22&p=
WA,Lincoln,ocd-division/country:us/state:wa/sldl:9,2026-08-04,Primary,candidate,State Representative Pos. 1,Legislative District 9,Mary Dye,Republican Party,,,https://voter.votewa.gov/elections/voterguide.ashx?e=898&la=en&c=22&p=
WA,Lincoln,ocd-division/country:us/state:wa/sldl:9,2026-08-04,Primary,candidate,State Representative Pos. 2,Legislative District 9,Joe Schmick,Republican Party,,,https://voter.votewa.gov/elections/voterguide.ashx?e=898&la=en&c=22&p=
WA,Lincoln,ocd-division/country:us/state:wa/sldl:9,2026-08-04,Primary,candidate,State Representative Pos. 2,Legislative District 9,Karina Wallace,Democratic Party,,,https://voter.votewa.gov/elections/voterguide.ashx?e=898&la=en&c=22&p=
WA,Lincoln,ocd-division/country:us/state:wa,2026-08-04,Primary,candidate,TREASURER,County,Emily Lybbert-Hansen,Republican Party,,,https://voter.votewa.gov/elections/voterguide.ashx?e=898&la=en&c=22&p=
WA,Lincoln,ocd-division/country:us/state:wa/cd:5,2026-08-04,Primary,candidate,U.S. Representative,Congressional District 5,Andrew Bartleson,Independent Party,,,https://voter.votewa.gov/elections/voterguide.ashx?e=898&la=en&c=22&p=
WA,Lincoln,ocd-division/country:us/state:wa/cd:5,2026-08-04,Primary,candidate,U.S. Representative,Congressional District 5,Ann Marie Danimus,Independent Party,,,https://voter.votewa.gov/elections/voterguide.ashx?e=898&la=en&c=22&p=
WA,Lincoln,ocd-division/country:us/state:wa/cd:5,2026-08-04,Primary,candidate,U.S. Representative,Congressional District 5,Bajun R. Mavalwalla,Democratic Party,,,https://voter.votewa.gov/elections/voterguide.ashx?e=898&la=en&c=22&p=
WA,Lincoln,ocd-division/country:us/state:wa/cd:5,2026-08-04,Primary,candidate,U.S. Representative,Congressional District 5,Carmela Conroy,Democratic Party,,,https://voter.votewa.gov/elections/voterguide.ashx?e=898&la=en&c=22&p=
WA,Lincoln,ocd-division/country:us/state:wa/cd:5,2026-08-04,Primary,candidate,U.S. Representative,Congressional District 5,David Womack,Democratic Party,,,https://voter.votewa.gov/elections/voterguide.ashx?e=898&la=en&c=22&p=
WA,Lincoln,ocd-division/country:us/state:wa/cd:5,2026-08-04,Primary,candidate,U.S. Representative,Congressional District 5,Kevin Fagan,Democratic Party,,,https://voter.votewa.gov/elections/voterguide.ashx?e=898&la=en&c=22&p=
WA,Lincoln,ocd-division/country:us/state:wa/cd:5,2026-08-04,Primary,candidate,U.S. Representative,Congressional District 5,Kyle Usrey,Independent Party,,,https://voter.votewa.gov/elections/voterguide.ashx?e=898&la=en&c=22&p=
WA,Lincoln,ocd-division/country:us/state:wa/cd:5,2026-08-04,Primary,candidate,U.S. Representative,Congressional District 5,Matthew Hayes,Independent Party,,,https://voter.votewa.gov/elections/voterguide.ashx?e=898&la=en&c=22&p=
WA,Lincoln,ocd-division/country:us/state:wa/cd:5,2026-08-04,Primary,candidate,U.S. Representative,Congressional District 5,Michael Baumgartner,Republican Party,,,https://voter.votewa.gov/elections/voterguide.ashx?e=898&la=en&c=22&p=
WA,Lincoln,ocd-division/country:us/state:wa/cd:5,2026-08-04,Primary,candidate,U.S. Representative,Congressional District 5,Michael McGarr,Democratic Party,,,https://voter.votewa.gov/elections/voterguide.ashx?e=898&la=en&c=22&p=
WA,Lincoln,ocd-division/country:us/state:wa/cd:5,2026-08-04,Primary,candidate,U.S. Representative,Congressional District 5,Nate Powell,Independent Party,,,https://voter.votewa.gov/elections/voterguide.ashx?e=898&la=en&c=22&p=
WA,Lincoln,ocd-division/country:us/state:wa/cd:5,2026-08-04,Primary,candidate,U.S. Representative,Congressional District 5,Richard Freudenberg,Democratic Party,,,https://voter.votewa.gov/elections/voterguide.ashx?e=898&la=en&c=22&p=
WA,Lincoln,ocd-division/country:us/state:wa/county:lincoln,2026-08-04,Primary,measure,,,,,7155,CEMETERY DISTRICT 7 - Proposition No. 1,https://voter.votewa.gov/elections/voterguide.ashx?e=898&la=en&c=22&p=
WA,Mason,ocd-division/country:us/state:wa/county:mason,2026-08-04,Primary,candidate,Assessor,County,Patti McLean,Independent Party,,,https://voter.votewa.gov/elections/voterguide.ashx?e=898&la=en&c=23&p=
WA,Mason,ocd-division/country:us/state:wa/county:mason,2026-08-04,Primary,candidate,Auditor,County,Monika Balmer,Republican Party,,,https://voter.votewa.gov/elections/voterguide.ashx?e=898&la=en&c=23&p=
WA,Mason,ocd-division/country:us/state:wa/county:mason,2026-08-04,Primary,candidate,Auditor,County,Steve Duenkel,Republican Party,,,https://voter.votewa.gov/elections/voterguide.ashx?e=898&la=en&c=23&p=
WA,Mason,ocd-division/country:us/state:wa/county:mason,2026-08-04,Primary,candidate,Auditor,County,Tamra 'Tam' Ingwaldson,Democratic Party,,,https://voter.votewa.gov/elections/voterguide.ashx?e=898&la=en&c=23&p=
WA,Mason,ocd-division/country:us/state:wa/county:mason,2026-08-04,Primary,candidate,Auditor,County,Vivian Glass,No Party Preference,,,https://voter.votewa.gov/elections/voterguide.ashx?e=898&la=en&c=23&p=
WA,Mason,ocd-division/country:us/state:wa/county:mason,2026-08-04,Primary,candidate,Clerk,County,Charles G. Rhodes,Republican Party,,,https://voter.votewa.gov/elections/voterguide.ashx?e=898&la=en&c=23&p=
WA,Mason,ocd-division/country:us/state:wa/county:mason,2026-08-04,Primary,candidate,Clerk,County,Tammy Clark,Republican Party,,,https://voter.votewa.gov/elections/voterguide.ashx?e=898&la=en&c=23&p=
WA,Mason,ocd-division/country:us/state:wa/county:mason,2026-08-04,Primary,candidate,Coroner,County,Jaime Taylor,Democratic Party,,,https://voter.votewa.gov/elections/voterguide.ashx?e=898&la=en&c=23&p=
WA,Mason,ocd-division/country:us/state:wa/county:mason,2026-08-04,Primary,candidate,County Commissioner District No. 3,County Commissioner Dist 3,Daniel Cameron,Republican Party,,,https://voter.votewa.gov/elections/voterguide.ashx?e=898&la=en&c=23&p=
WA,Mason,ocd-division/country:us/state:wa/county:mason,2026-08-04,Primary,candidate,County Commissioner District No. 3,County Commissioner Dist 3,Eric Onisko,GOP Party,,,https://voter.votewa.gov/elections/voterguide.ashx?e=898&la=en&c=23&p=
WA,Mason,ocd-division/country:us/state:wa/county:mason,2026-08-04,Primary,candidate,County Commissioner District No. 3,County Commissioner Dist 3,George Blush,Republican Party,,,https://voter.votewa.gov/elections/voterguide.ashx?e=898&la=en&c=23&p=
WA,Mason,ocd-division/country:us/state:wa/county:mason,2026-08-04,Primary,candidate,County Commissioner District No. 3,County Commissioner Dist 3,Karen (Schade) Sullivan,Republican Party,,,https://voter.votewa.gov/elections/voterguide.ashx?e=898&la=en&c=23&p=
WA,Mason,ocd-division/country:us/state:wa/county:mason,2026-08-04,Primary,candidate,County Commissioner District No. 3,County Commissioner Dist 3,Lovejoy Schaefer,Independent Party,,,https://voter.votewa.gov/elections/voterguide.ashx?e=898&la=en&c=23&p=
WA,Mason,ocd-division/country:us/state:wa/county:mason,2026-08-04,Primary,candidate,County Commissioner District No. 3,County Commissioner Dist 3,Miguel Gutierrez,Labor Democrat Party,,,https://voter.votewa.gov/elections/voterguide.ashx?e=898&la=en&c=23&p=
WA,Mason,ocd-division/country:us/state:wa/county:mason,2026-08-04,Primary,candidate,County Commissioner District No. 3,County Commissioner Dist 3,Rick Lee,Republican Party,,,https://voter.votewa.gov/elections/voterguide.ashx?e=898&la=en&c=23&p=
WA,Mason,ocd-division/country:us/state:wa/county:mason,2026-08-04,Primary,candidate,Justice Position #01,Supreme Court,Colleen Melody,,,,https://voter.votewa.gov/elections/voterguide.ashx?e=898&la=en&c=23&p=
WA,Mason,ocd-division/country:us/state:wa/county:mason,2026-08-04,Primary,candidate,Justice Position #01,Supreme Court,Laura Christensen Colberg,,,,https://voter.votewa.gov/elections/voterguide.ashx?e=898&la=en&c=23&p=
WA,Mason,ocd-division/country:us/state:wa/county:mason,2026-08-04,Primary,candidate,Justice Position #01,Supreme Court,Scott Edwards,,,,https://voter.votewa.gov/elections/voterguide.ashx?e=898&la=en&c=23&p=
WA,Mason,ocd-division/country:us/state:wa/county:mason,2026-08-04,Primary,candidate,Justice Position #03,Supreme Court,David Stevens,,,,https://voter.votewa.gov/elections/voterguide.ashx?e=898&la=en&c=23&p=
WA,Mason,ocd-division/country:us/state:wa/county:mason,2026-08-04,Primary,candidate,Justice Position #03,Supreme Court,Jaime Michelle Hawk,,,,https://voter.votewa.gov/elections/voterguide.ashx?e=898&la=en&c=23&p=
WA,Mason,ocd-division/country:us/state:wa/county:mason,2026-08-04,Primary,candidate,Justice Position #03,Supreme Court,Mike Diaz,,,,https://voter.votewa.gov/elections/voterguide.ashx?e=898&la=en&c=23&p=
WA,Mason,ocd-division/country:us/state:wa/county:mason,2026-08-04,Primary,candidate,Justice Position #05,Supreme Court,Dave Larson,,,,https://voter.votewa.gov/elections/voterguide.ashx?e=898&la=en&c=23&p=
WA,Mason,ocd-division/country:us/state:wa/county:mason,2026-08-04,Primary,candidate,Justice Position #05,Supreme Court,Greg Miller,,,,https://voter.votewa.gov/elections/voterguide.ashx?e=898&la=en&c=23&p=
WA,Mason,ocd-division/country:us/state:wa/county:mason,2026-08-04,Primary,candidate,Justice Position #05,Supreme Court,Sharonda Amamilo,,,,https://voter.votewa.gov/elections/voterguide.ashx?e=898&la=en&c=23&p=
WA,Mason,ocd-division/country:us/state:wa/county:mason,2026-08-04,Primary,candidate,Justice Position #05,Supreme Court,Theo Angelis,,,,https://voter.votewa.gov/elections/voterguide.ashx?e=898&la=en&c=23&p=
WA,Mason,ocd-division/country:us/state:wa/county:mason,2026-08-04,Primary,candidate,Justice Position #07,Supreme Court,David R Shelvey,,,,https://voter.votewa.gov/elections/voterguide.ashx?e=898&la=en&c=23&p=
WA,Mason,ocd-division/country:us/state:wa/county:mason,2026-08-04,Primary,candidate,Justice Position #07,Supreme Court,Debra L. Stephens,,,,https://voter.votewa.gov/elections/voterguide.ashx?e=898&la=en&c=23&p=
WA,Mason,ocd-division/country:us/state:wa/county:mason,2026-08-04,Primary,candidate,Justice Position #07,Supreme Court,Karim A. Merchant,,,,https://voter.votewa.gov/elections/voterguide.ashx?e=898&la=en&c=23&p=
WA,Mason,ocd-division/country:us/state:wa/county:mason,2026-08-04,Primary,candidate,Justice Position #07,Supreme Court,Todd A. Bloom,,,,https://voter.votewa.gov/elections/voterguide.ashx?e=898&la=en&c=23&p=
WA,Mason,ocd-division/country:us/state:wa/county:mason,2026-08-04,Primary,candidate,Precinct Committee Officer - Democratic,Hoodsport,Janey McGee,,,,https://voter.votewa.gov/elections/voterguide.ashx?e=898&la=en&c=23&p=
WA,Mason,ocd-division/country:us/state:wa/county:mason,2026-08-04,Primary,candidate,Precinct Committee Officer - Democratic,Hoodsport,Vivian Glass,,,,https://voter.votewa.gov/elections/voterguide.ashx?e=898&la=en&c=23&p=
WA,Mason,ocd-division/country:us/state:wa/county:mason,2026-08-04,Primary,candidate,Precinct Committee Officer - Republican,Airport,Nathan Hickson,,,,https://voter.votewa.gov/elections/voterguide.ashx?e=898&la=en&c=23&p=
WA,Mason,ocd-division/country:us/state:wa/county:mason,2026-08-04,Primary,candidate,Precinct Committee Officer - Republican,Airport,Randy Lewis,,,,https://voter.votewa.gov/elections/voterguide.ashx?e=898&la=en&c=23&p=
WA,Mason,ocd-division/country:us/state:wa/county:mason,2026-08-04,Primary,candidate,Precinct Committee Officer - Republican,Crestview,Dan Cameron,,,,https://voter.votewa.gov/elections/voterguide.ashx?e=898&la=en&c=23&p=
WA,Mason,ocd-division/country:us/state:wa/county:mason,2026-08-04,Primary,candidate,Precinct Committee Officer - Republican,Crestview,Rebecca Bechtolt,,,,https://voter.votewa.gov/elections/voterguide.ashx?e=898&la=en&c=23&p=
WA,Mason,ocd-division/country:us/state:wa/county:mason,2026-08-04,Primary,candidate,Precinct Committee Officer - Republican,Dayton,Andrew Wilford,,,,https://voter.votewa.gov/elections/voterguide.ashx?e=898&la=en&c=23&p=
WA,Mason,ocd-division/country:us/state:wa/county:mason,2026-08-04,Primary,candidate,Precinct Committee Officer - Republican,Dayton,Monika Balmer,,,,https://voter.votewa.gov/elections/voterguide.ashx?e=898&la=en&c=23&p=
WA,Mason,ocd-division/country:us/state:wa/county:mason,2026-08-04,Primary,candidate,Precinct Committee Officer - Republican,Downtown,Jason Sapp,,,,https://voter.votewa.gov/elections/voterguide.ashx?e=898&la=en&c=23&p=
WA,Mason,ocd-division/country:us/state:wa/county:mason,2026-08-04,Primary,candidate,Precinct Committee Officer - Republican,Downtown,Tammy Clark,,,,https://voter.votewa.gov/elections/voterguide.ashx?e=898&la=en&c=23&p=
WA,Mason,ocd-division/country:us/state:wa/county:mason,2026-08-04,Primary,candidate,Precinct Committee Officer - Republican,Hood Canal,Adam Cuppoletti,,,,https://voter.votewa.gov/elections/voterguide.ashx?e=898&la=en&c=23&p=
WA,Mason,ocd-division/country:us/state:wa/county:mason,2026-08-04,Primary,candidate,Precinct Committee Officer - Republican,Hood Canal,Susanna Jones,,,,https://voter.votewa.gov/elections/voterguide.ashx?e=898&la=en&c=23&p=
WA,Mason,ocd-division/country:us/state:wa/county:mason,2026-08-04,Primary,candidate,Precinct Committee Officer - Republican,Hoodsport,Cynthia Stang,,,,https://voter.votewa.gov/elections/voterguide.ashx?e=898&la=en&c=23&p=
WA,Mason,ocd-division/country:us/state:wa/county:mason,2026-08-04,Primary,candidate,Precinct Committee Officer - Republican,Hoodsport,Rebecca Roadman,,,,https://voter.votewa.gov/elections/voterguide.ashx?e=898&la=en&c=23&p=
WA,Mason,ocd-division/country:us/state:wa/county:mason,2026-08-04,Primary,candidate,Precinct Committee Officer - Republican,Lost Lake,Christy Curry Puente,,,,https://voter.votewa.gov/elections/voterguide.ashx?e=898&la=en&c=23&p=
WA,Mason,ocd-division/country:us/state:wa/county:mason,2026-08-04,Primary,candidate,Precinct Committee Officer - Republican,Lost Lake,Fred Armstrong,,,,https://voter.votewa.gov/elections/voterguide.ashx?e=898&la=en&c=23&p=
WA,Mason,ocd-division/country:us/state:wa/county:mason,2026-08-04,Primary,candidate,Precinct Committee Officer - Republican,Mason Lake,JOSHUA MORSE,,,,https://voter.votewa.gov/elections/voterguide.ashx?e=898&la=en&c=23&p=
WA,Mason,ocd-division/country:us/state:wa/county:mason,2026-08-04,Primary,candidate,Precinct Committee Officer - Republican,Mason Lake,STEVE VAN DENOVER,,,,https://voter.votewa.gov/elections/voterguide.ashx?e=898&la=en&c=23&p=
WA,Mason,ocd-division/country:us/state:wa/county:mason,2026-08-04,Primary,candidate,Precinct Committee Officer - Republican,Mason Lake,Wes Martin,,,,https://voter.votewa.gov/elections/voterguide.ashx?e=898&la=en&c=23&p=
WA,Mason,ocd-division/country:us/state:wa/county:mason,2026-08-04,Primary,candidate,Precinct Committee Officer - Republican,North Arcadia,Gabriel Mora,,,,https://voter.votewa.gov/elections/voterguide.ashx?e=898&la=en&c=23&p=
WA,Mason,ocd-division/country:us/state:wa/county:mason,2026-08-04,Primary,candidate,Precinct Committee Officer - Republican,North Arcadia,Sharon Diaz,,,,https://voter.votewa.gov/elections/voterguide.ashx?e=898&la=en&c=23&p=
WA,Mason,ocd-division/country:us/state:wa/county:mason,2026-08-04,Primary,candidate,Precinct Committee Officer - Republican,Oakland Bay,Cynthia Radtke,,,,https://voter.votewa.gov/elections/voterguide.ashx?e=898&la=en&c=23&p=
WA,Mason,ocd-division/country:us/state:wa/county:mason,2026-08-04,Primary,candidate,Precinct Committee Officer - Republican,Oakland Bay,Rick Wood,,,,https://voter.votewa.gov/elections/voterguide.ashx?e=898&la=en&c=23&p=
WA,Mason,ocd-division/country:us/state:wa/county:mason,2026-08-04,Primary,candidate,Precinct Committee Officer - Republican,Olympic View,Charles Flanagan,,,,https://voter.votewa.gov/elections/voterguide.ashx?e=898&la=en&c=23&p=
WA,Mason,ocd-division/country:us/state:wa/county:mason,2026-08-04,Primary,candidate,Precinct Committee Officer - Republican,Olympic View,Eric J Onisko,,,,https://voter.votewa.gov/elections/voterguide.ashx?e=898&la=en&c=23&p=
WA,Mason,ocd-division/country:us/state:wa/county:mason,2026-08-04,Primary,candidate,Precinct Committee Officer - Republican,Pickering,April Y. Pruitt-Pooler,,,,https://voter.votewa.gov/elections/voterguide.ashx?e=898&la=en&c=23&p=
WA,Mason,ocd-division/country:us/state:wa/county:mason,2026-08-04,Primary,candidate,Precinct Committee Officer - Republican,Pickering,Bill Wells,,,,https://voter.votewa.gov/elections/voterguide.ashx?e=898&la=en&c=23&p=
WA,Mason,ocd-division/country:us/state:wa/county:mason,2026-08-04,Primary,candidate,Prosecutor,County,Michael Dorcy,Republican Party,,,https://voter.votewa.gov/elections/voterguide.ashx?e=898&la=en&c=23&p=
WA,Mason,ocd-division/country:us/state:wa/county:mason,2026-08-04,Primary,candidate,Sheriff,County,Ryan Spurling,Republican Party,,,https://voter.votewa.gov/elections/voterguide.ashx?e=898&la=en&c=23&p=
WA,Mason,ocd-division/country:us/state:wa/sldl:35,2026-08-04,Primary,candidate,State Representative Pos. 1,Legislative District 35,Dan Griffey,Republican Party,,,https://voter.votewa.gov/elections/voterguide.ashx?e=898&la=en&c=23&p=
WA,Mason,ocd-division/country:us/state:wa/sldl:35,2026-08-04,Primary,candidate,State Representative Pos. 1,Legislative District 35,Jim Pierson,Democratic Party,,,https://voter.votewa.gov/elections/voterguide.ashx?e=898&la=en&c=23&p=
WA,Mason,ocd-division/country:us/state:wa/sldl:35,2026-08-04,Primary,candidate,State Representative Pos. 1,Legislative District 35,Shaena Garberich,Democratic Party,,,https://voter.votewa.gov/elections/voterguide.ashx?e=898&la=en&c=23&p=
WA,Mason,ocd-division/country:us/state:wa/sldl:35,2026-08-04,Primary,candidate,State Representative Pos. 2,Legislative District 35,Maria Littlesun,Democratic Party,,,https://voter.votewa.gov/elections/voterguide.ashx?e=898&la=en&c=23&p=
WA,Mason,ocd-division/country:us/state:wa/sldl:35,2026-08-04,Primary,candidate,State Representative Pos. 2,Legislative District 35,Travis Couture,Republican Party,,,https://voter.votewa.gov/elections/voterguide.ashx?e=898&la=en&c=23&p=
WA,Mason,ocd-division/country:us/state:wa/sldu:35,2026-08-04,Primary,candidate,State Senator,Legislative District 35,Carolina Mejia,Democratic Party,,,https://voter.votewa.gov/elections/voterguide.ashx?e=898&la=en&c=23&p=
WA,Mason,ocd-division/country:us/state:wa/sldu:35,2026-08-04,Primary,candidate,State Senator,Legislative District 35,Drew C MacEwen,Republican Party,,,https://voter.votewa.gov/elections/voterguide.ashx?e=898&la=en&c=23&p=
WA,Mason,ocd-division/country:us/state:wa,2026-08-04,Primary,candidate,Treasurer,County,Brittany A Pearson,Democratic Party,,,https://voter.votewa.gov/elections/voterguide.ashx?e=898&la=en&c=23&p=
WA,Mason,ocd-division/country:us/state:wa,2026-08-04,Primary,candidate,Treasurer,County,Randy Lewis,Republican Party,,,https://voter.votewa.gov/elections/voterguide.ashx?e=898&la=en&c=23&p=
WA,Mason,ocd-division/country:us/state:wa/cd:6,2026-08-04,Primary,candidate,U.S. Representative,Congressional District No. 6,Brian P. O'Gorman,Independent Party,,,https://voter.votewa.gov/elections/voterguide.ashx?e=898&la=en&c=23&p=
WA,Mason,ocd-division/country:us/state:wa/cd:6,2026-08-04,Primary,candidate,U.S. Representative,Congressional District No. 6,Emily Randall,Democratic Party,,,https://voter.votewa.gov/elections/voterguide.ashx?e=898&la=en&c=23&p=
WA,Mason,ocd-division/country:us/state:wa/cd:6,2026-08-04,Primary,candidate,U.S. Representative,Congressional District No. 6,Leon Lawson,Trump Republican Party,,,https://voter.votewa.gov/elections/voterguide.ashx?e=898&la=en&c=23&p=
WA,Mason,ocd-division/country:us/state:wa/cd:6,2026-08-04,Primary,candidate,U.S. Representative,Congressional District No. 6,Macy Jones,No Party Preference,,,https://voter.votewa.gov/elections/voterguide.ashx?e=898&la=en&c=23&p=
WA,Mason,ocd-division/country:us/state:wa/cd:6,2026-08-04,Primary,candidate,U.S. Representative,Congressional District No. 6,Teresa Fox,Republican Party,,,https://voter.votewa.gov/elections/voterguide.ashx?e=898&la=en&c=23&p=
WA,Mason,ocd-division/country:us/state:wa/county:mason,2026-08-04,Primary,measure,,,,,7207,Fire Protection Dist 5 - Property Tax Levy for Fire Protection and Emergency Medical Services,https://voter.votewa.gov/elections/voterguide.ashx?e=898&la=en&c=23&p=
WA,Mason,ocd-division/country:us/state:wa/county:mason,2026-08-04,Primary,measure,,,,,7208,Fire Protection Dist 12 - Renewal and Increase of Emergency Medical Services Levy,https://voter.votewa.gov/elections/voterguide.ashx?e=898&la=en&c=23&p=
WA,Mason,ocd-division/country:us/state:wa/county:mason,2026-08-04,Primary,measure,,,,,7209,North Mason Regional Fire Authority - Emergency Medical Services Property Tax Levy,https://voter.votewa.gov/elections/voterguide.ashx?e=898&la=en&c=23&p=
WA,Okanogan,ocd-division/country:us/state:wa/county:okanogan,2026-08-04,Primary,candidate,Assessor,County,Larry D Gilman,Republican Party,,,https://voter.votewa.gov/elections/voterguide.ashx?e=898&la=en&c=24&p=
WA,Okanogan,ocd-division/country:us/state:wa/county:okanogan,2026-08-04,Primary,candidate,Auditor,County,Cari L Hall,Republican Party,,,https://voter.votewa.gov/elections/voterguide.ashx?e=898&la=en&c=24&p=
WA,Okanogan,ocd-division/country:us/state:wa/county:okanogan,2026-08-04,Primary,candidate,Clerk,County,Susan Speiker,Republican Party,,,https://voter.votewa.gov/elections/voterguide.ashx?e=898&la=en&c=24&p=
WA,Okanogan,ocd-division/country:us/state:wa/county:okanogan,2026-08-04,Primary,candidate,Commissioner District 3,Commissioner District 3,Jon R Neal,Republican Party,,,https://voter.votewa.gov/elections/voterguide.ashx?e=898&la=en&c=24&p=
WA,Okanogan,ocd-division/country:us/state:wa/county:okanogan,2026-08-04,Primary,candidate,Commissioner District 3,Commissioner District 3,Trinity Hightower Stucker,Republican Party,,,https://voter.votewa.gov/elections/voterguide.ashx?e=898&la=en&c=24&p=
WA,Okanogan,ocd-division/country:us/state:wa/county:okanogan,2026-08-04,Primary,candidate,Coroner,County,Cindy Jensen,INDEPENDENT Party,,,https://voter.votewa.gov/elections/voterguide.ashx?e=898&la=en&c=24&p=
WA,Okanogan,ocd-division/country:us/state:wa/county:okanogan,2026-08-04,Primary,candidate,Coroner,County,Gene Davis,Republican Party,,,https://voter.votewa.gov/elections/voterguide.ashx?e=898&la=en&c=24&p=
WA,Okanogan,ocd-division/country:us/state:wa/county:okanogan,2026-08-04,Primary,candidate,Justice Position #01,Supreme Court,Colleen Melody,,,,https://voter.votewa.gov/elections/voterguide.ashx?e=898&la=en&c=24&p=
WA,Okanogan,ocd-division/country:us/state:wa/county:okanogan,2026-08-04,Primary,candidate,Justice Position #01,Supreme Court,Laura Christensen Colberg,,,,https://voter.votewa.gov/elections/voterguide.ashx?e=898&la=en&c=24&p=
WA,Okanogan,ocd-division/country:us/state:wa/county:okanogan,2026-08-04,Primary,candidate,Justice Position #01,Supreme Court,Scott Edwards,,,,https://voter.votewa.gov/elections/voterguide.ashx?e=898&la=en&c=24&p=
WA,Okanogan,ocd-division/country:us/state:wa/county:okanogan,2026-08-04,Primary,candidate,Justice Position #03,Supreme Court,David Stevens,,,,https://voter.votewa.gov/elections/voterguide.ashx?e=898&la=en&c=24&p=
WA,Okanogan,ocd-division/country:us/state:wa/county:okanogan,2026-08-04,Primary,candidate,Justice Position #03,Supreme Court,Jaime Michelle Hawk,,,,https://voter.votewa.gov/elections/voterguide.ashx?e=898&la=en&c=24&p=
WA,Okanogan,ocd-division/country:us/state:wa/county:okanogan,2026-08-04,Primary,candidate,Justice Position #03,Supreme Court,Mike Diaz,,,,https://voter.votewa.gov/elections/voterguide.ashx?e=898&la=en&c=24&p=
WA,Okanogan,ocd-division/country:us/state:wa/county:okanogan,2026-08-04,Primary,candidate,Justice Position #05,Supreme Court,Dave Larson,,,,https://voter.votewa.gov/elections/voterguide.ashx?e=898&la=en&c=24&p=
WA,Okanogan,ocd-division/country:us/state:wa/county:okanogan,2026-08-04,Primary,candidate,Justice Position #05,Supreme Court,Greg Miller,,,,https://voter.votewa.gov/elections/voterguide.ashx?e=898&la=en&c=24&p=
WA,Okanogan,ocd-division/country:us/state:wa/county:okanogan,2026-08-04,Primary,candidate,Justice Position #05,Supreme Court,Sharonda Amamilo,,,,https://voter.votewa.gov/elections/voterguide.ashx?e=898&la=en&c=24&p=
WA,Okanogan,ocd-division/country:us/state:wa/county:okanogan,2026-08-04,Primary,candidate,Justice Position #05,Supreme Court,Theo Angelis,,,,https://voter.votewa.gov/elections/voterguide.ashx?e=898&la=en&c=24&p=
WA,Okanogan,ocd-division/country:us/state:wa/county:okanogan,2026-08-04,Primary,candidate,Justice Position #07,Supreme Court,David R Shelvey,,,,https://voter.votewa.gov/elections/voterguide.ashx?e=898&la=en&c=24&p=
WA,Okanogan,ocd-division/country:us/state:wa/county:okanogan,2026-08-04,Primary,candidate,Justice Position #07,Supreme Court,Debra L. Stephens,,,,https://voter.votewa.gov/elections/voterguide.ashx?e=898&la=en&c=24&p=
WA,Okanogan,ocd-division/country:us/state:wa/county:okanogan,2026-08-04,Primary,candidate,Justice Position #07,Supreme Court,Karim A. Merchant,,,,https://voter.votewa.gov/elections/voterguide.ashx?e=898&la=en&c=24&p=
WA,Okanogan,ocd-division/country:us/state:wa/county:okanogan,2026-08-04,Primary,candidate,Justice Position #07,Supreme Court,Todd A. Bloom,,,,https://voter.votewa.gov/elections/voterguide.ashx?e=898&la=en&c=24&p=
WA,Okanogan,ocd-division/country:us/state:wa/county:okanogan,2026-08-04,Primary,candidate,Precinct Committee Officer - Republican,Alma,Anthony (Tony) Hawley,,,,https://voter.votewa.gov/elections/voterguide.ashx?e=898&la=en&c=24&p=
WA,Okanogan,ocd-division/country:us/state:wa/county:okanogan,2026-08-04,Primary,candidate,Precinct Committee Officer - Republican,Alma,Charles Heinlen,,,,https://voter.votewa.gov/elections/voterguide.ashx?e=898&la=en&c=24&p=
WA,Okanogan,ocd-division/country:us/state:wa/county:okanogan,2026-08-04,Primary,candidate,Prosecuting Attorney,County,Albert Lin,Republican Party,,,https://voter.votewa.gov/elections/voterguide.ashx?e=898&la=en&c=24&p=
WA,Okanogan,ocd-division/country:us/state:wa/county:okanogan,2026-08-04,Primary,candidate,Sheriff,County,Gisberth (Giz) Gonzalez,REPUBLICAN Party,,,https://voter.votewa.gov/elections/voterguide.ashx?e=898&la=en&c=24&p=
WA,Okanogan,ocd-division/country:us/state:wa/county:okanogan,2026-08-04,Primary,candidate,Sheriff,County,Jodie Barcus,Republican Party,,,https://voter.votewa.gov/elections/voterguide.ashx?e=898&la=en&c=24&p=
WA,Okanogan,ocd-division/country:us/state:wa/sldl:7,2026-08-04,Primary,candidate,State Representative Pos. 1,Legislative District 7,Andrew Engell,Republican Party,,,https://voter.votewa.gov/elections/voterguide.ashx?e=898&la=en&c=24&p=
WA,Okanogan,ocd-division/country:us/state:wa/sldl:7,2026-08-04,Primary,candidate,State Representative Pos. 2,Legislative District 7,Hunter Abell,Republican Party,,,https://voter.votewa.gov/elections/voterguide.ashx?e=898&la=en&c=24&p=
WA,Okanogan,ocd-division/country:us/state:wa/sldu:7,2026-08-04,Primary,candidate,State Senator,Legislative District 7,Brandon Ray Medina,Republican Party,,,https://voter.votewa.gov/elections/voterguide.ashx?e=898&la=en&c=24&p=
WA,Okanogan,ocd-division/country:us/state:wa/sldu:7,2026-08-04,Primary,candidate,State Senator,Legislative District 7,David Swoap,Republican Party,,,https://voter.votewa.gov/elections/voterguide.ashx?e=898&la=en&c=24&p=
WA,Okanogan,ocd-division/country:us/state:wa/sldu:7,2026-08-04,Primary,candidate,State Senator,Legislative District 7,Ronald L McCoy,Independent Party,,,https://voter.votewa.gov/elections/voterguide.ashx?e=898&la=en&c=24&p=
WA,Okanogan,ocd-division/country:us/state:wa/sldu:7,2026-08-04,Primary,candidate,State Senator,Legislative District 7,Shelly Short,Republican Party,,,https://voter.votewa.gov/elections/voterguide.ashx?e=898&la=en&c=24&p=
WA,Okanogan,ocd-division/country:us/state:wa,2026-08-04,Primary,candidate,Treasurer,County,Pam Johnson,Republican Party,,,https://voter.votewa.gov/elections/voterguide.ashx?e=898&la=en&c=24&p=
WA,Okanogan,ocd-division/country:us/state:wa/cd:4,2026-08-04,Primary,candidate,U.S. Representative,Congressional District 4,Amanda McKinney,Republican Party,,,https://voter.votewa.gov/elections/voterguide.ashx?e=898&la=en&c=24&p=
WA,Okanogan,ocd-division/country:us/state:wa/cd:4,2026-08-04,Primary,candidate,U.S. Representative,Congressional District 4,Devin Poore,Cascade Party,,,https://voter.votewa.gov/elections/voterguide.ashx?e=898&la=en&c=24&p=
WA,Okanogan,ocd-division/country:us/state:wa/cd:4,2026-08-04,Primary,candidate,U.S. Representative,Congressional District 4,Elpidia Saavedra,Republican Party,,,https://voter.votewa.gov/elections/voterguide.ashx?e=898&la=en&c=24&p=
WA,Okanogan,ocd-division/country:us/state:wa/cd:4,2026-08-04,Primary,candidate,U.S. Representative,Congressional District 4,Favian Valencia,Independent Party,,,https://voter.votewa.gov/elections/voterguide.ashx?e=898&la=en&c=24&p=
WA,Okanogan,ocd-division/country:us/state:wa/cd:4,2026-08-04,Primary,candidate,U.S. Representative,Congressional District 4,"Jacek ""Jack"" Kobiesa",No Party Preference,,,https://voter.votewa.gov/elections/voterguide.ashx?e=898&la=en&c=24&p=
WA,Okanogan,ocd-division/country:us/state:wa/cd:4,2026-08-04,Primary,candidate,U.S. Representative,Congressional District 4,Jerrod Sessler,Republican Party,,,https://voter.votewa.gov/elections/voterguide.ashx?e=898&la=en&c=24&p=
WA,Okanogan,ocd-division/country:us/state:wa/cd:4,2026-08-04,Primary,candidate,U.S. Representative,Congressional District 4,John C. Hughs,Republican Party,,,https://voter.votewa.gov/elections/voterguide.ashx?e=898&la=en&c=24&p=
WA,Okanogan,ocd-division/country:us/state:wa/cd:4,2026-08-04,Primary,candidate,U.S. Representative,Congressional District 4,John Duresky,Democratic Party,,,https://voter.votewa.gov/elections/voterguide.ashx?e=898&la=en&c=24&p=
WA,Okanogan,ocd-division/country:us/state:wa/cd:4,2026-08-04,Primary,candidate,U.S. Representative,Congressional District 4,Ken Vaz,Republican Party,,,https://voter.votewa.gov/elections/voterguide.ashx?e=898&la=en&c=24&p=
WA,Okanogan,ocd-division/country:us/state:wa/cd:4,2026-08-04,Primary,candidate,U.S. Representative,Congressional District 4,Matt Boehnke,Republican Party,,,https://voter.votewa.gov/elections/voterguide.ashx?e=898&la=en&c=24&p=
WA,Okanogan,ocd-division/country:us/state:wa/cd:4,2026-08-04,Primary,candidate,U.S. Representative,Congressional District 4,Zac Rossi,No Party Preference,,,https://voter.votewa.gov/elections/voterguide.ashx?e=898&la=en&c=24&p=
WA,Okanogan,ocd-division/country:us/state:wa/county:okanogan,2026-08-04,Primary,measure,,,,,7164,OROVILLE SCHOOL 410 - Oroville School District No. 410 Replacement of Expiring Educational Programs and Operation Levy,https://voter.votewa.gov/elections/voterguide.ashx?e=898&la=en&c=24&p=
WA,Okanogan,ocd-division/country:us/state:wa/county:okanogan,2026-08-04,Primary,measure,,,,,7165,County - Okanogan County Proposition No. 1 Levy for Maintaining County Services and Public Facilities,https://voter.votewa.gov/elections/voterguide.ashx?e=898&la=en&c=24&p=
WA,Okanogan,ocd-division/country:us/state:wa/county:okanogan,2026-08-04,Primary,measure,,,,,7191,PUBLIC HOSPITAL DISTRICT NO. 1 - Proposition No. 1 Renewal of One-Year Special Levy,https://voter.votewa.gov/elections/voterguide.ashx?e=898&la=en&c=24&p=
WA,Okanogan,ocd-division/country:us/state:wa/county:okanogan,2026-08-04,Primary,measure,,,,,7192,DOUGLAS-OKANOGAN FIRE DISTRICT NO. 15 - Proposition No. 1 Emergency Medical Services Property Tax Levy,https://voter.votewa.gov/elections/voterguide.ashx?e=898&la=en&c=24&p=
WA,Okanogan,ocd-division/country:us/state:wa/county:okanogan,2026-08-04,Primary,measure,,,,,7193,CITY OF PATEROS - Emergency Medical Care or Emergency Medical Services Levy,https://voter.votewa.gov/elections/voterguide.ashx?e=898&la=en&c=24&p=
WA,Pacific,ocd-division/country:us/state:wa/county:pacific,2026-08-04,Primary,candidate,COUNTY ASSESSOR,County,Bruce Walker,No Party Preference,,,https://voter.votewa.gov/elections/voterguide.ashx?e=898&la=en&c=25&p=
WA,Pacific,ocd-division/country:us/state:wa/county:pacific,2026-08-04,Primary,candidate,COUNTY ASSESSOR,County,Jeffrey Phelan,No Party Preference,,,https://voter.votewa.gov/elections/voterguide.ashx?e=898&la=en&c=25&p=
WA,Pacific,ocd-division/country:us/state:wa/county:pacific,2026-08-04,Primary,candidate,COUNTY AUDITOR,County,Dotsi Graves,Independent Party,,,https://voter.votewa.gov/elections/voterguide.ashx?e=898&la=en&c=25&p=
WA,Pacific,ocd-division/country:us/state:wa/county:pacific,2026-08-04,Primary,candidate,COUNTY AUDITOR,County,Nicole Deskins,Independent Party,,,https://voter.votewa.gov/elections/voterguide.ashx?e=898&la=en&c=25&p=
WA,Pacific,ocd-division/country:us/state:wa/county:pacific,2026-08-04,Primary,candidate,COUNTY CLERK,County,Emma Rose,Independent Party,,,https://voter.votewa.gov/elections/voterguide.ashx?e=898&la=en&c=25&p=
WA,Pacific,ocd-division/country:us/state:wa/county:pacific,2026-08-04,Primary,candidate,COUNTY COMMISSIONER #03,County Commissioner #3,Jerry Doyle,Independent Party,,,https://voter.votewa.gov/elections/voterguide.ashx?e=898&la=en&c=25&p=
WA,Pacific,ocd-division/country:us/state:wa/county:pacific,2026-08-04,Primary,candidate,COUNTY COMMISSIONER #03,County Commissioner #3,"Michael ""Hawk"" Runyon",No Party Preference,,,https://voter.votewa.gov/elections/voterguide.ashx?e=898&la=en&c=25&p=
WA,Pacific,ocd-division/country:us/state:wa/county:pacific,2026-08-04,Primary,candidate,COUNTY COMMISSIONER #03,County Commissioner #3,Pattie Gray,Republican Party,,,https://voter.votewa.gov/elections/voterguide.ashx?e=898&la=en&c=25&p=
WA,Pacific,ocd-division/country:us/state:wa/county:pacific,2026-08-04,Primary,candidate,COUNTY COMMISSIONER #03,County Commissioner #3,Ron A. Mullins,Democrat Party,,,https://voter.votewa.gov/elections/voterguide.ashx?e=898&la=en&c=25&p=
WA,Pacific,ocd-division/country:us/state:wa/county:pacific,2026-08-04,Primary,candidate,COUNTY COMMISSIONER #03,County Commissioner #3,Ron Black,Independent Party,,,https://voter.votewa.gov/elections/voterguide.ashx?e=898&la=en&c=25&p=
WA,Pacific,ocd-division/country:us/state:wa/county:pacific,2026-08-04,Primary,candidate,COUNTY SHERIFF,County,Daniel C. Garcia,Republican Party,,,https://voter.votewa.gov/elections/voterguide.ashx?e=898&la=en&c=25&p=
WA,Pacific,ocd-division/country:us/state:wa/county:pacific,2026-08-04,Primary,candidate,COUNTY SHERIFF,County,David Podesta,Republican Party,,,https://voter.votewa.gov/elections/voterguide.ashx?e=898&la=en&c=25&p=
WA,Pacific,ocd-division/country:us/state:wa/county:pacific,2026-08-04,Primary,candidate,COUNTY SHERIFF,County,Rich Byrd,Independent Party,,,https://voter.votewa.gov/elections/voterguide.ashx?e=898&la=en&c=25&p=
WA,Pacific,ocd-division/country:us/state:wa/county:pacific,2026-08-04,Primary,candidate,COUNTY SHERIFF,County,Sean K. Eastham,Independent Party,,,https://voter.votewa.gov/elections/voterguide.ashx?e=898&la=en&c=25&p=
WA,Pacific,ocd-division/country:us/state:wa/county:pacific,2026-08-04,Primary,candidate,COUNTY TREASURER,County,Sheila Didion,Independent Party,,,https://voter.votewa.gov/elections/voterguide.ashx?e=898&la=en&c=25&p=
WA,Pacific,ocd-division/country:us/state:wa/county:pacific,2026-08-04,Primary,candidate,Justice Position #01,Supreme Court,Colleen Melody,,,,https://voter.votewa.gov/elections/voterguide.ashx?e=898&la=en&c=25&p=
WA,Pacific,ocd-division/country:us/state:wa/county:pacific,2026-08-04,Primary,candidate,Justice Position #01,Supreme Court,Laura Christensen Colberg,,,,https://voter.votewa.gov/elections/voterguide.ashx?e=898&la=en&c=25&p=
WA,Pacific,ocd-division/country:us/state:wa/county:pacific,2026-08-04,Primary,candidate,Justice Position #01,Supreme Court,Scott Edwards,,,,https://voter.votewa.gov/elections/voterguide.ashx?e=898&la=en&c=25&p=
WA,Pacific,ocd-division/country:us/state:wa/county:pacific,2026-08-04,Primary,candidate,Justice Position #03,Supreme Court,David Stevens,,,,https://voter.votewa.gov/elections/voterguide.ashx?e=898&la=en&c=25&p=
WA,Pacific,ocd-division/country:us/state:wa/county:pacific,2026-08-04,Primary,candidate,Justice Position #03,Supreme Court,Jaime Michelle Hawk,,,,https://voter.votewa.gov/elections/voterguide.ashx?e=898&la=en&c=25&p=
WA,Pacific,ocd-division/country:us/state:wa/county:pacific,2026-08-04,Primary,candidate,Justice Position #03,Supreme Court,Mike Diaz,,,,https://voter.votewa.gov/elections/voterguide.ashx?e=898&la=en&c=25&p=
WA,Pacific,ocd-division/country:us/state:wa/county:pacific,2026-08-04,Primary,candidate,Justice Position #05,Supreme Court,Dave Larson,,,,https://voter.votewa.gov/elections/voterguide.ashx?e=898&la=en&c=25&p=
WA,Pacific,ocd-division/country:us/state:wa/county:pacific,2026-08-04,Primary,candidate,Justice Position #05,Supreme Court,Greg Miller,,,,https://voter.votewa.gov/elections/voterguide.ashx?e=898&la=en&c=25&p=
WA,Pacific,ocd-division/country:us/state:wa/county:pacific,2026-08-04,Primary,candidate,Justice Position #05,Supreme Court,Sharonda Amamilo,,,,https://voter.votewa.gov/elections/voterguide.ashx?e=898&la=en&c=25&p=
WA,Pacific,ocd-division/country:us/state:wa/county:pacific,2026-08-04,Primary,candidate,Justice Position #05,Supreme Court,Theo Angelis,,,,https://voter.votewa.gov/elections/voterguide.ashx?e=898&la=en&c=25&p=
WA,Pacific,ocd-division/country:us/state:wa/county:pacific,2026-08-04,Primary,candidate,Justice Position #07,Supreme Court,David R Shelvey,,,,https://voter.votewa.gov/elections/voterguide.ashx?e=898&la=en&c=25&p=
WA,Pacific,ocd-division/country:us/state:wa/county:pacific,2026-08-04,Primary,candidate,Justice Position #07,Supreme Court,Debra L. Stephens,,,,https://voter.votewa.gov/elections/voterguide.ashx?e=898&la=en&c=25&p=
WA,Pacific,ocd-division/country:us/state:wa/county:pacific,2026-08-04,Primary,candidate,Justice Position #07,Supreme Court,Karim A. Merchant,,,,https://voter.votewa.gov/elections/voterguide.ashx?e=898&la=en&c=25&p=
WA,Pacific,ocd-division/country:us/state:wa/county:pacific,2026-08-04,Primary,candidate,Justice Position #07,Supreme Court,Todd A. Bloom,,,,https://voter.votewa.gov/elections/voterguide.ashx?e=898&la=en&c=25&p=
WA,Pacific,ocd-division/country:us/state:wa/county:pacific,2026-08-04,Primary,candidate,PROSECUTING ATTORNEY,County,Jennifer Zorn,Independent Party,,,https://voter.votewa.gov/elections/voterguide.ashx?e=898&la=en&c=25&p=
WA,Pacific,ocd-division/country:us/state:wa/county:pacific,2026-08-04,Primary,candidate,PROSECUTING ATTORNEY,County,Michael S. Turner,No Party Preference,,,https://voter.votewa.gov/elections/voterguide.ashx?e=898&la=en&c=25&p=
WA,Pacific,ocd-division/country:us/state:wa/county:pacific,2026-08-04,Primary,candidate,Precinct Committee Officer - Democratic,Ilwaco City,Carol Ham,,,,https://voter.votewa.gov/elections/voterguide.ashx?e=898&la=en&c=25&p=
WA,Pacific,ocd-division/country:us/state:wa/county:pacific,2026-08-04,Primary,candidate,Precinct Committee Officer - Democratic,Ilwaco City,Don Berger,,,,https://voter.votewa.gov/elections/voterguide.ashx?e=898&la=en&c=25&p=
WA,Pacific,ocd-division/country:us/state:wa/county:pacific,2026-08-04,Primary,candidate,Precinct Committee Officer - Democratic,Oysterville,Deborah L Wells,,,,https://voter.votewa.gov/elections/voterguide.ashx?e=898&la=en&c=25&p=
WA,Pacific,ocd-division/country:us/state:wa/county:pacific,2026-08-04,Primary,candidate,Precinct Committee Officer - Democratic,Oysterville,Marlena Trujillo,,,,https://voter.votewa.gov/elections/voterguide.ashx?e=898&la=en&c=25&p=
WA,Pacific,ocd-division/country:us/state:wa/county:pacific,2026-08-04,Primary,candidate,Precinct Committee Officer - Republican,Raymond W3,Brian Eickhoff,,,,https://voter.votewa.gov/elections/voterguide.ashx?e=898&la=en&c=25&p=
WA,Pacific,ocd-division/country:us/state:wa/county:pacific,2026-08-04,Primary,candidate,Precinct Committee Officer - Republican,Raymond W3,Keith Monsey,,,,https://voter.votewa.gov/elections/voterguide.ashx?e=898&la=en&c=25&p=
WA,Pacific,ocd-division/country:us/state:wa/county:pacific,2026-08-04,Primary,candidate,Precinct Committee Officer - Republican,Klipsan,C. Michael Pickens,,,,https://voter.votewa.gov/elections/voterguide.ashx?e=898&la=en&c=25&p=
WA,Pacific,ocd-division/country:us/state:wa/county:pacific,2026-08-04,Primary,candidate,Precinct Committee Officer - Republican,Klipsan,James W. Mack III,,,,https://voter.votewa.gov/elections/voterguide.ashx?e=898&la=en&c=25&p=
WA,Pacific,ocd-division/country:us/state:wa/county:pacific,2026-08-04,Primary,candidate,Precinct Committee Officer - Republican,Willapa,Jack Ganzel,,,,https://voter.votewa.gov/elections/voterguide.ashx?e=898&la=en&c=25&p=
WA,Pacific,ocd-division/country:us/state:wa/county:pacific,2026-08-04,Primary,candidate,Precinct Committee Officer - Republican,Willapa,Tom Sturgill,,,,https://voter.votewa.gov/elections/voterguide.ashx?e=898&la=en&c=25&p=
WA,Pacific,ocd-division/country:us/state:wa/sldl:19,2026-08-04,Primary,candidate,State Representative Pos. 1,Legislative District 19,Jim Walsh,Republican Party,,,https://voter.votewa.gov/elections/voterguide.ashx?e=898&la=en&c=25&p=
WA,Pacific,ocd-division/country:us/state:wa/sldl:19,2026-08-04,Primary,candidate,State Representative Pos. 1,Legislative District 19,Kevin Moynihan,Democratic Party,,,https://voter.votewa.gov/elections/voterguide.ashx?e=898&la=en&c=25&p=
WA,Pacific,ocd-division/country:us/state:wa/sldl:19,2026-08-04,Primary,candidate,State Representative Pos. 2,Legislative District 19,Daniel William Bradley,Republican Party,,,https://voter.votewa.gov/elections/voterguide.ashx?e=898&la=en&c=25&p=
WA,Pacific,ocd-division/country:us/state:wa/sldl:19,2026-08-04,Primary,candidate,State Representative Pos. 2,Legislative District 19,Jimi O'Hagan,Republican Party,,,https://voter.votewa.gov/elections/voterguide.ashx?e=898&la=en&c=25&p=
WA,Pacific,ocd-division/country:us/state:wa/sldl:19,2026-08-04,Primary,candidate,State Representative Pos. 2,Legislative District 19,Joel McEntire,Republican Party,,,https://voter.votewa.gov/elections/voterguide.ashx?e=898&la=en&c=25&p=
WA,Pacific,ocd-division/country:us/state:wa/sldl:19,2026-08-04,Primary,candidate,State Representative Pos. 2,Legislative District 19,Terry Carlson,Democratic Party,,,https://voter.votewa.gov/elections/voterguide.ashx?e=898&la=en&c=25&p=
WA,Pacific,ocd-division/country:us/state:wa/cd:3,2026-08-04,Primary,candidate,U.S. Representative,Congressional District 3,Antony Barran,Cascade Party,,,https://voter.votewa.gov/elections/voterguide.ashx?e=898&la=en&c=25&p=
WA,Pacific,ocd-division/country:us/state:wa/cd:3,2026-08-04,Primary,candidate,U.S. Representative,Congressional District 3,Austin Braswell,Democratic Party,,,https://voter.votewa.gov/elections/voterguide.ashx?e=898&la=en&c=25&p=
WA,Pacific,ocd-division/country:us/state:wa/cd:3,2026-08-04,Primary,candidate,U.S. Representative,Congressional District 3,Brent Hennrich,Democratic Party,,,https://voter.votewa.gov/elections/voterguide.ashx?e=898&la=en&c=25&p=
WA,Pacific,ocd-division/country:us/state:wa/cd:3,2026-08-04,Primary,candidate,U.S. Representative,Congressional District 3,John Braun,Republican Party,,,https://voter.votewa.gov/elections/voterguide.ashx?e=898&la=en&c=25&p=
WA,Pacific,ocd-division/country:us/state:wa/cd:3,2026-08-04,Primary,candidate,U.S. Representative,Congressional District 3,John P. Roco,Republican Party,,,https://voter.votewa.gov/elections/voterguide.ashx?e=898&la=en&c=25&p=
WA,Pacific,ocd-division/country:us/state:wa/cd:3,2026-08-04,Primary,candidate,U.S. Representative,Congressional District 3,John Saulie-Rohman,Independent Party,,,https://voter.votewa.gov/elections/voterguide.ashx?e=898&la=en&c=25&p=
WA,Pacific,ocd-division/country:us/state:wa/cd:3,2026-08-04,Primary,candidate,U.S. Representative,Congressional District 3,Lawrence Kellogg,Republican Party,,,https://voter.votewa.gov/elections/voterguide.ashx?e=898&la=en&c=25&p=
WA,Pacific,ocd-division/country:us/state:wa/cd:3,2026-08-04,Primary,candidate,U.S. Representative,Congressional District 3,Marie Gluesenkamp Perez,Democratic Party,,,https://voter.votewa.gov/elections/voterguide.ashx?e=898&la=en&c=25&p=
WA,Pacific,ocd-division/country:us/state:wa/cd:3,2026-08-04,Primary,candidate,U.S. Representative,Congressional District 3,Troy Rasband,Democratic Party,,,https://voter.votewa.gov/elections/voterguide.ashx?e=898&la=en&c=25&p=
WA,Pacific,ocd-division/country:us/state:wa/county:pacific,2026-08-04,Primary,measure,,,,,7154,South Beach Regional Fire Authority - South Beach Regional Fire Authority - Bonds Issue,https://voter.votewa.gov/elections/voterguide.ashx?e=898&la=en&c=25&p=
WA,Pend Oreille,ocd-division/country:us/state:wa/county:pend_oreille,2026-08-04,Primary,candidate,COUNTY ASSESSOR,County,Nathan J Longly,Republican Party,,,https://voter.votewa.gov/elections/voterguide.ashx?e=898&la=en&c=26&p=
WA,Pend Oreille,ocd-division/country:us/state:wa/county:pend_oreille,2026-08-04,Primary,candidate,COUNTY AUDITOR,County,Marianne Nichols,Republican Party,,,https://voter.votewa.gov/elections/voterguide.ashx?e=898&la=en&c=26&p=
WA,Pend Oreille,ocd-division/country:us/state:wa/county:pend_oreille,2026-08-04,Primary,candidate,COUNTY CLERK,County,Tammie Ownbey,Republican Party,,,https://voter.votewa.gov/elections/voterguide.ashx?e=898&la=en&c=26&p=
WA,Pend Oreille,ocd-division/country:us/state:wa/county:pend_oreille,2026-08-04,Primary,candidate,COUNTY COMMISSIONER 2,Commissioner  - 02,Brandy Parker Warren,Republican Party,,,https://voter.votewa.gov/elections/voterguide.ashx?e=898&la=en&c=26&p=
WA,Pend Oreille,ocd-division/country:us/state:wa/county:pend_oreille,2026-08-04,Primary,candidate,COUNTY COMMISSIONER 2,Commissioner  - 02,Robert Rosencrantz,REPUBLICAN Party,,,https://voter.votewa.gov/elections/voterguide.ashx?e=898&la=en&c=26&p=
WA,Pend Oreille,ocd-division/country:us/state:wa/county:pend_oreille,2026-08-04,Primary,candidate,COUNTY PROSECUTOR,County,Dolly Hunt,Republican Party,,,https://voter.votewa.gov/elections/voterguide.ashx?e=898&la=en&c=26&p=
WA,Pend Oreille,ocd-division/country:us/state:wa/county:pend_oreille,2026-08-04,Primary,candidate,COUNTY SHERIFF,County,Glenn Blakeslee,Republican Party,,,https://voter.votewa.gov/elections/voterguide.ashx?e=898&la=en&c=26&p=
WA,Pend Oreille,ocd-division/country:us/state:wa/county:pend_oreille,2026-08-04,Primary,candidate,COUNTY TREASURER,County,Nicole Dice,Republican Party,,,https://voter.votewa.gov/elections/voterguide.ashx?e=898&la=en&c=26&p=
WA,Pend Oreille,ocd-division/country:us/state:wa/county:pend_oreille,2026-08-04,Primary,candidate,Justice Position #01,Supreme Court,Colleen Melody,,,,https://voter.votewa.gov/elections/voterguide.ashx?e=898&la=en&c=26&p=
WA,Pend Oreille,ocd-division/country:us/state:wa/county:pend_oreille,2026-08-04,Primary,candidate,Justice Position #01,Supreme Court,Laura Christensen Colberg,,,,https://voter.votewa.gov/elections/voterguide.ashx?e=898&la=en&c=26&p=
WA,Pend Oreille,ocd-division/country:us/state:wa/county:pend_oreille,2026-08-04,Primary,candidate,Justice Position #01,Supreme Court,Scott Edwards,,,,https://voter.votewa.gov/elections/voterguide.ashx?e=898&la=en&c=26&p=
WA,Pend Oreille,ocd-division/country:us/state:wa/county:pend_oreille,2026-08-04,Primary,candidate,Justice Position #03,Supreme Court,David Stevens,,,,https://voter.votewa.gov/elections/voterguide.ashx?e=898&la=en&c=26&p=
WA,Pend Oreille,ocd-division/country:us/state:wa/county:pend_oreille,2026-08-04,Primary,candidate,Justice Position #03,Supreme Court,Jaime Michelle Hawk,,,,https://voter.votewa.gov/elections/voterguide.ashx?e=898&la=en&c=26&p=
WA,Pend Oreille,ocd-division/country:us/state:wa/county:pend_oreille,2026-08-04,Primary,candidate,Justice Position #03,Supreme Court,Mike Diaz,,,,https://voter.votewa.gov/elections/voterguide.ashx?e=898&la=en&c=26&p=
WA,Pend Oreille,ocd-division/country:us/state:wa/county:pend_oreille,2026-08-04,Primary,candidate,Justice Position #05,Supreme Court,Dave Larson,,,,https://voter.votewa.gov/elections/voterguide.ashx?e=898&la=en&c=26&p=
WA,Pend Oreille,ocd-division/country:us/state:wa/county:pend_oreille,2026-08-04,Primary,candidate,Justice Position #05,Supreme Court,Greg Miller,,,,https://voter.votewa.gov/elections/voterguide.ashx?e=898&la=en&c=26&p=
WA,Pend Oreille,ocd-division/country:us/state:wa/county:pend_oreille,2026-08-04,Primary,candidate,Justice Position #05,Supreme Court,Sharonda Amamilo,,,,https://voter.votewa.gov/elections/voterguide.ashx?e=898&la=en&c=26&p=
WA,Pend Oreille,ocd-division/country:us/state:wa/county:pend_oreille,2026-08-04,Primary,candidate,Justice Position #05,Supreme Court,Theo Angelis,,,,https://voter.votewa.gov/elections/voterguide.ashx?e=898&la=en&c=26&p=
WA,Pend Oreille,ocd-division/country:us/state:wa/county:pend_oreille,2026-08-04,Primary,candidate,Justice Position #07,Supreme Court,David R Shelvey,,,,https://voter.votewa.gov/elections/voterguide.ashx?e=898&la=en&c=26&p=
WA,Pend Oreille,ocd-division/country:us/state:wa/county:pend_oreille,2026-08-04,Primary,candidate,Justice Position #07,Supreme Court,Debra L. Stephens,,,,https://voter.votewa.gov/elections/voterguide.ashx?e=898&la=en&c=26&p=
WA,Pend Oreille,ocd-division/country:us/state:wa/county:pend_oreille,2026-08-04,Primary,candidate,Justice Position #07,Supreme Court,Karim A. Merchant,,,,https://voter.votewa.gov/elections/voterguide.ashx?e=898&la=en&c=26&p=
WA,Pend Oreille,ocd-division/country:us/state:wa/county:pend_oreille,2026-08-04,Primary,candidate,Justice Position #07,Supreme Court,Todd A. Bloom,,,,https://voter.votewa.gov/elections/voterguide.ashx?e=898&la=en&c=26&p=
WA,Pend Oreille,ocd-division/country:us/state:wa/county:pend_oreille,2026-08-04,Primary,candidate,PUBLIC UTILITY COMMISSIONER #2,Public Comm District - 02,Ernie Hood,,,,https://voter.votewa.gov/elections/voterguide.ashx?e=898&la=en&c=26&p=
WA,Pend Oreille,ocd-division/country:us/state:wa/county:pend_oreille,2026-08-04,Primary,candidate,PUBLIC UTILITY COMMISSIONER #2,Public Comm District - 02,Gerry David Bradbury,,,,https://voter.votewa.gov/elections/voterguide.ashx?e=898&la=en&c=26&p=
WA,Pend Oreille,ocd-division/country:us/state:wa/county:pend_oreille,2026-08-04,Primary,candidate,PUBLIC UTILITY COMMISSIONER #2,Public Comm District - 02,Tracy Rutt,,,,https://voter.votewa.gov/elections/voterguide.ashx?e=898&la=en&c=26&p=
WA,Pend Oreille,ocd-division/country:us/state:wa/sldl:7,2026-08-04,Primary,candidate,State Representative Pos. 1,Legislative District 7,Andrew Engell,Republican Party,,,https://voter.votewa.gov/elections/voterguide.ashx?e=898&la=en&c=26&p=
WA,Pend Oreille,ocd-division/country:us/state:wa/sldl:7,2026-08-04,Primary,candidate,State Representative Pos. 2,Legislative District 7,Hunter Abell,Republican Party,,,https://voter.votewa.gov/elections/voterguide.ashx?e=898&la=en&c=26&p=
WA,Pend Oreille,ocd-division/country:us/state:wa/sldu:7,2026-08-04,Primary,candidate,State Senator,Legislative District 7,Brandon Ray Medina,Republican Party,,,https://voter.votewa.gov/elections/voterguide.ashx?e=898&la=en&c=26&p=
WA,Pend Oreille,ocd-division/country:us/state:wa/sldu:7,2026-08-04,Primary,candidate,State Senator,Legislative District 7,David Swoap,Republican Party,,,https://voter.votewa.gov/elections/voterguide.ashx?e=898&la=en&c=26&p=
WA,Pend Oreille,ocd-division/country:us/state:wa/sldu:7,2026-08-04,Primary,candidate,State Senator,Legislative District 7,Ronald L McCoy,Independent Party,,,https://voter.votewa.gov/elections/voterguide.ashx?e=898&la=en&c=26&p=
WA,Pend Oreille,ocd-division/country:us/state:wa/sldu:7,2026-08-04,Primary,candidate,State Senator,Legislative District 7,Shelly Short,Republican Party,,,https://voter.votewa.gov/elections/voterguide.ashx?e=898&la=en&c=26&p=
WA,Pend Oreille,ocd-division/country:us/state:wa/cd:5,2026-08-04,Primary,candidate,U.S. Representative,Congressional District 5,Andrew Bartleson,Independent Party,,,https://voter.votewa.gov/elections/voterguide.ashx?e=898&la=en&c=26&p=
WA,Pend Oreille,ocd-division/country:us/state:wa/cd:5,2026-08-04,Primary,candidate,U.S. Representative,Congressional District 5,Ann Marie Danimus,Independent Party,,,https://voter.votewa.gov/elections/voterguide.ashx?e=898&la=en&c=26&p=
WA,Pend Oreille,ocd-division/country:us/state:wa/cd:5,2026-08-04,Primary,candidate,U.S. Representative,Congressional District 5,Bajun R. Mavalwalla,Democratic Party,,,https://voter.votewa.gov/elections/voterguide.ashx?e=898&la=en&c=26&p=
WA,Pend Oreille,ocd-division/country:us/state:wa/cd:5,2026-08-04,Primary,candidate,U.S. Representative,Congressional District 5,Carmela Conroy,Democratic Party,,,https://voter.votewa.gov/elections/voterguide.ashx?e=898&la=en&c=26&p=
WA,Pend Oreille,ocd-division/country:us/state:wa/cd:5,2026-08-04,Primary,candidate,U.S. Representative,Congressional District 5,David Womack,Democratic Party,,,https://voter.votewa.gov/elections/voterguide.ashx?e=898&la=en&c=26&p=
WA,Pend Oreille,ocd-division/country:us/state:wa/cd:5,2026-08-04,Primary,candidate,U.S. Representative,Congressional District 5,Kevin Fagan,Democratic Party,,,https://voter.votewa.gov/elections/voterguide.ashx?e=898&la=en&c=26&p=
WA,Pend Oreille,ocd-division/country:us/state:wa/cd:5,2026-08-04,Primary,candidate,U.S. Representative,Congressional District 5,Kyle Usrey,Independent Party,,,https://voter.votewa.gov/elections/voterguide.ashx?e=898&la=en&c=26&p=
WA,Pend Oreille,ocd-division/country:us/state:wa/cd:5,2026-08-04,Primary,candidate,U.S. Representative,Congressional District 5,Matthew Hayes,Independent Party,,,https://voter.votewa.gov/elections/voterguide.ashx?e=898&la=en&c=26&p=
WA,Pend Oreille,ocd-division/country:us/state:wa/cd:5,2026-08-04,Primary,candidate,U.S. Representative,Congressional District 5,Michael Baumgartner,Republican Party,,,https://voter.votewa.gov/elections/voterguide.ashx?e=898&la=en&c=26&p=
WA,Pend Oreille,ocd-division/country:us/state:wa/cd:5,2026-08-04,Primary,candidate,U.S. Representative,Congressional District 5,Michael McGarr,Democratic Party,,,https://voter.votewa.gov/elections/voterguide.ashx?e=898&la=en&c=26&p=
WA,Pend Oreille,ocd-division/country:us/state:wa/cd:5,2026-08-04,Primary,candidate,U.S. Representative,Congressional District 5,Nate Powell,Independent Party,,,https://voter.votewa.gov/elections/voterguide.ashx?e=898&la=en&c=26&p=
WA,Pend Oreille,ocd-division/country:us/state:wa/cd:5,2026-08-04,Primary,candidate,U.S. Representative,Congressional District 5,Richard Freudenberg,Democratic Party,,,https://voter.votewa.gov/elections/voterguide.ashx?e=898&la=en&c=26&p=
WA,Pend Oreille,ocd-division/country:us/state:wa/county:pend_oreille,2026-08-04,Primary,measure,,,,,7189,Hospital District - 01 - Hospital Expansion & Renovation Bonds,https://voter.votewa.gov/elections/voterguide.ashx?e=898&la=en&c=26&p=
WA,Pierce,ocd-division/country:us/state:wa/county:pierce,2026-08-04,Primary,candidate,Council - District No. 1,County Council District No. 1,Jerome O'Leary,Republican Party,,,https://voter.votewa.gov/elections/voterguide.ashx?e=898&la=en&c=27&p=
WA,Pierce,ocd-division/country:us/state:wa/county:pierce,2026-08-04,Primary,candidate,Council - District No. 1,County Council District No. 1,Kelsey Barrans,Democratic Party,,,https://voter.votewa.gov/elections/voterguide.ashx?e=898&la=en&c=27&p=
WA,Pierce,ocd-division/country:us/state:wa/county:pierce,2026-08-04,Primary,candidate,Council - District No. 1,County Council District No. 1,Kenneth King,Democratic Party,,,https://voter.votewa.gov/elections/voterguide.ashx?e=898&la=en&c=27&p=
WA,Pierce,ocd-division/country:us/state:wa/county:pierce,2026-08-04,Primary,candidate,Council - District No. 1,County Council District No. 1,Terrance Mayers,Democratic Party,,,https://voter.votewa.gov/elections/voterguide.ashx?e=898&la=en&c=27&p=
WA,Pierce,ocd-division/country:us/state:wa/county:pierce,2026-08-04,Primary,candidate,Council - District No. 5,County Council District No. 5,Bettina Gese,Republican Party,,,https://voter.votewa.gov/elections/voterguide.ashx?e=898&la=en&c=27&p=
WA,Pierce,ocd-division/country:us/state:wa/county:pierce,2026-08-04,Primary,candidate,Council - District No. 5,County Council District No. 5,Bryan Yambe,Democratic Party,,,https://voter.votewa.gov/elections/voterguide.ashx?e=898&la=en&c=27&p=
WA,Pierce,ocd-division/country:us/state:wa/county:pierce,2026-08-04,Primary,candidate,Council - District No. 7,County Council District No. 7,Ann E. Jolie,Republican Party,,,https://voter.votewa.gov/elections/voterguide.ashx?e=898&la=en&c=27&p=
WA,Pierce,ocd-division/country:us/state:wa/county:pierce,2026-08-04,Primary,candidate,Council - District No. 7,County Council District No. 7,Brenda Lykins,Democratic Party,,,https://voter.votewa.gov/elections/voterguide.ashx?e=898&la=en&c=27&p=
WA,Pierce,ocd-division/country:us/state:wa/county:pierce,2026-08-04,Primary,candidate,Council - District No. 7,County Council District No. 7,Chuck West,nonpartisan Party,,,https://voter.votewa.gov/elections/voterguide.ashx?e=898&la=en&c=27&p=
WA,Pierce,ocd-division/country:us/state:wa/county:pierce,2026-08-04,Primary,candidate,Council - District No. 7,County Council District No. 7,Mike Solan,Republican Party,,,https://voter.votewa.gov/elections/voterguide.ashx?e=898&la=en&c=27&p=
WA,Pierce,ocd-division/country:us/state:wa/county:pierce,2026-08-04,Primary,candidate,District Court No. 7,District Court,Eric J. Lawless,,,,https://voter.votewa.gov/elections/voterguide.ashx?e=898&la=en&c=27&p=
WA,Pierce,ocd-division/country:us/state:wa/county:pierce,2026-08-04,Primary,candidate,District Court No. 7,District Court,Mike Sommerfeld,,,,https://voter.votewa.gov/elections/voterguide.ashx?e=898&la=en&c=27&p=
WA,Pierce,ocd-division/country:us/state:wa/county:pierce,2026-08-04,Primary,candidate,District Court No. 7,District Court,Pam Nogueira,,,,https://voter.votewa.gov/elections/voterguide.ashx?e=898&la=en&c=27&p=
WA,Pierce,ocd-division/country:us/state:wa/county:pierce,2026-08-04,Primary,candidate,Justice Position #01,Supreme Court,Colleen Melody,,,,https://voter.votewa.gov/elections/voterguide.ashx?e=898&la=en&c=27&p=
WA,Pierce,ocd-division/country:us/state:wa/county:pierce,2026-08-04,Primary,candidate,Justice Position #01,Supreme Court,Laura Christensen Colberg,,,,https://voter.votewa.gov/elections/voterguide.ashx?e=898&la=en&c=27&p=
WA,Pierce,ocd-division/country:us/state:wa/county:pierce,2026-08-04,Primary,candidate,Justice Position #01,Supreme Court,Scott Edwards,,,,https://voter.votewa.gov/elections/voterguide.ashx?e=898&la=en&c=27&p=
WA,Pierce,ocd-division/country:us/state:wa/county:pierce,2026-08-04,Primary,candidate,Justice Position #03,Supreme Court,David Stevens,,,,https://voter.votewa.gov/elections/voterguide.ashx?e=898&la=en&c=27&p=
WA,Pierce,ocd-division/country:us/state:wa/county:pierce,2026-08-04,Primary,candidate,Justice Position #03,Supreme Court,Jaime Michelle Hawk,,,,https://voter.votewa.gov/elections/voterguide.ashx?e=898&la=en&c=27&p=
WA,Pierce,ocd-division/country:us/state:wa/county:pierce,2026-08-04,Primary,candidate,Justice Position #03,Supreme Court,Mike Diaz,,,,https://voter.votewa.gov/elections/voterguide.ashx?e=898&la=en&c=27&p=
WA,Pierce,ocd-division/country:us/state:wa/county:pierce,2026-08-04,Primary,candidate,Justice Position #05,Supreme Court,Dave Larson,,,,https://voter.votewa.gov/elections/voterguide.ashx?e=898&la=en&c=27&p=
WA,Pierce,ocd-division/country:us/state:wa/county:pierce,2026-08-04,Primary,candidate,Justice Position #05,Supreme Court,Greg Miller,,,,https://voter.votewa.gov/elections/voterguide.ashx?e=898&la=en&c=27&p=
WA,Pierce,ocd-division/country:us/state:wa/county:pierce,2026-08-04,Primary,candidate,Justice Position #05,Supreme Court,Sharonda Amamilo,,,,https://voter.votewa.gov/elections/voterguide.ashx?e=898&la=en&c=27&p=
WA,Pierce,ocd-division/country:us/state:wa/county:pierce,2026-08-04,Primary,candidate,Justice Position #05,Supreme Court,Theo Angelis,,,,https://voter.votewa.gov/elections/voterguide.ashx?e=898&la=en&c=27&p=
WA,Pierce,ocd-division/country:us/state:wa/county:pierce,2026-08-04,Primary,candidate,Justice Position #07,Supreme Court,David R Shelvey,,,,https://voter.votewa.gov/elections/voterguide.ashx?e=898&la=en&c=27&p=
WA,Pierce,ocd-division/country:us/state:wa/county:pierce,2026-08-04,Primary,candidate,Justice Position #07,Supreme Court,Debra L. Stephens,,,,https://voter.votewa.gov/elections/voterguide.ashx?e=898&la=en&c=27&p=
WA,Pierce,ocd-division/country:us/state:wa/county:pierce,2026-08-04,Primary,candidate,Justice Position #07,Supreme Court,Karim A. Merchant,,,,https://voter.votewa.gov/elections/voterguide.ashx?e=898&la=en&c=27&p=
WA,Pierce,ocd-division/country:us/state:wa/county:pierce,2026-08-04,Primary,candidate,Justice Position #07,Supreme Court,Todd A. Bloom,,,,https://voter.votewa.gov/elections/voterguide.ashx?e=898&la=en&c=27&p=
WA,Pierce,ocd-division/country:us/state:wa/county:pierce,2026-08-04,Primary,candidate,Precinct Committee Officer - Democratic,25-165,Ayanna Colman,,,,https://voter.votewa.gov/elections/voterguide.ashx?e=898&la=en&c=27&p=
WA,Pierce,ocd-division/country:us/state:wa/county:pierce,2026-08-04,Primary,candidate,Precinct Committee Officer - Democratic,25-165,McClira (MC) Jackson Jr.,,,,https://voter.votewa.gov/elections/voterguide.ashx?e=898&la=en&c=27&p=
WA,Pierce,ocd-division/country:us/state:wa/county:pierce,2026-08-04,Primary,candidate,Precinct Committee Officer - Democratic,25-165,Theresa Wilcox,,,,https://voter.votewa.gov/elections/voterguide.ashx?e=898&la=en&c=27&p=
WA,Pierce,ocd-division/country:us/state:wa/county:pierce,2026-08-04,Primary,candidate,Precinct Committee Officer - Democratic,25-203,Jeff Beaulac,,,,https://voter.votewa.gov/elections/voterguide.ashx?e=898&la=en&c=27&p=
WA,Pierce,ocd-division/country:us/state:wa/county:pierce,2026-08-04,Primary,candidate,Precinct Committee Officer - Democratic,25-203,Matthew Selfors,,,,https://voter.votewa.gov/elections/voterguide.ashx?e=898&la=en&c=27&p=
WA,Pierce,ocd-division/country:us/state:wa/county:pierce,2026-08-04,Primary,candidate,Precinct Committee Officer - Democratic,25-204,Billy Jo Hetherington,,,,https://voter.votewa.gov/elections/voterguide.ashx?e=898&la=en&c=27&p=
WA,Pierce,ocd-division/country:us/state:wa/county:pierce,2026-08-04,Primary,candidate,Precinct Committee Officer - Democratic,25-204,Jeff Bennett,,,,https://voter.votewa.gov/elections/voterguide.ashx?e=898&la=en&c=27&p=
WA,Pierce,ocd-division/country:us/state:wa/county:pierce,2026-08-04,Primary,candidate,Precinct Committee Officer - Democratic,25-208,Heather Schiller,,,,https://voter.votewa.gov/elections/voterguide.ashx?e=898&la=en&c=27&p=
WA,Pierce,ocd-division/country:us/state:wa/county:pierce,2026-08-04,Primary,candidate,Precinct Committee Officer - Democratic,25-208,Kimberlie A. Field,,,,https://voter.votewa.gov/elections/voterguide.ashx?e=898&la=en&c=27&p=
WA,Pierce,ocd-division/country:us/state:wa/county:pierce,2026-08-04,Primary,candidate,Precinct Committee Officer - Democratic,25-213,Ed Beck,,,,https://voter.votewa.gov/elections/voterguide.ashx?e=898&la=en&c=27&p=
WA,Pierce,ocd-division/country:us/state:wa/county:pierce,2026-08-04,Primary,candidate,Precinct Committee Officer - Democratic,25-213,Steven D. Jovanovich,,,,https://voter.votewa.gov/elections/voterguide.ashx?e=898&la=en&c=27&p=
WA,Pierce,ocd-division/country:us/state:wa/county:pierce,2026-08-04,Primary,candidate,Precinct Committee Officer - Democratic,25-218,Beverly Fox-Showacy,,,,https://voter.votewa.gov/elections/voterguide.ashx?e=898&la=en&c=27&p=
WA,Pierce,ocd-division/country:us/state:wa/county:pierce,2026-08-04,Primary,candidate,Precinct Committee Officer - Democratic,25-218,Kathleen Macleod,,,,https://voter.votewa.gov/elections/voterguide.ashx?e=898&la=en&c=27&p=
WA,Pierce,ocd-division/country:us/state:wa/county:pierce,2026-08-04,Primary,candidate,Precinct Committee Officer - Democratic,25-218,Lindsay Smolko,,,,https://voter.votewa.gov/elections/voterguide.ashx?e=898&la=en&c=27&p=
WA,Pierce,ocd-division/country:us/state:wa/county:pierce,2026-08-04,Primary,candidate,Precinct Committee Officer - Democratic,25-218,Penni Thorpe,,,,https://voter.votewa.gov/elections/voterguide.ashx?e=898&la=en&c=27&p=
WA,Pierce,ocd-division/country:us/state:wa/county:pierce,2026-08-04,Primary,candidate,Precinct Committee Officer - Democratic,25-219,Alexander Hagel,,,,https://voter.votewa.gov/elections/voterguide.ashx?e=898&la=en&c=27&p=
WA,Pierce,ocd-division/country:us/state:wa/county:pierce,2026-08-04,Primary,candidate,Precinct Committee Officer - Democratic,25-219,Chris Young,,,,https://voter.votewa.gov/elections/voterguide.ashx?e=898&la=en&c=27&p=
WA,Pierce,ocd-division/country:us/state:wa/county:pierce,2026-08-04,Primary,candidate,Precinct Committee Officer - Democratic,25-364,Christian Hansen,,,,https://voter.votewa.gov/elections/voterguide.ashx?e=898&la=en&c=27&p=
WA,Pierce,ocd-division/country:us/state:wa/county:pierce,2026-08-04,Primary,candidate,Precinct Committee Officer - Democratic,25-364,Melissa Marie Shapel Hansen,,,,https://voter.votewa.gov/elections/voterguide.ashx?e=898&la=en&c=27&p=
WA,Pierce,ocd-division/country:us/state:wa/county:pierce,2026-08-04,Primary,candidate,Precinct Committee Officer - Democratic,26-304,Em Stone,,,,https://voter.votewa.gov/elections/voterguide.ashx?e=898&la=en&c=27&p=
WA,Pierce,ocd-division/country:us/state:wa/county:pierce,2026-08-04,Primary,candidate,Precinct Committee Officer - Democratic,26-304,Stephen McDuffie,,,,https://voter.votewa.gov/elections/voterguide.ashx?e=898&la=en&c=27&p=
WA,Pierce,ocd-division/country:us/state:wa/county:pierce,2026-08-04,Primary,candidate,Precinct Committee Officer - Democratic,26-315,Alex Davidson,,,,https://voter.votewa.gov/elections/voterguide.ashx?e=898&la=en&c=27&p=
WA,Pierce,ocd-division/country:us/state:wa/county:pierce,2026-08-04,Primary,candidate,Precinct Committee Officer - Democratic,26-315,Juliet Brown,,,,https://voter.votewa.gov/elections/voterguide.ashx?e=898&la=en&c=27&p=
WA,Pierce,ocd-division/country:us/state:wa/county:pierce,2026-08-04,Primary,candidate,Precinct Committee Officer - Democratic,27-412,Jordan Burney,,,,https://voter.votewa.gov/elections/voterguide.ashx?e=898&la=en&c=27&p=
WA,Pierce,ocd-division/country:us/state:wa/county:pierce,2026-08-04,Primary,candidate,Precinct Committee Officer - Democratic,27-412,Paul Chapman,,,,https://voter.votewa.gov/elections/voterguide.ashx?e=898&la=en&c=27&p=
WA,Pierce,ocd-division/country:us/state:wa/county:pierce,2026-08-04,Primary,candidate,Precinct Committee Officer - Democratic,27-419,John Hines,,,,https://voter.votewa.gov/elections/voterguide.ashx?e=898&la=en&c=27&p=
WA,Pierce,ocd-division/country:us/state:wa/county:pierce,2026-08-04,Primary,candidate,Precinct Committee Officer - Democratic,27-419,Linda Fry,,,,https://voter.votewa.gov/elections/voterguide.ashx?e=898&la=en&c=27&p=
WA,Pierce,ocd-division/country:us/state:wa/county:pierce,2026-08-04,Primary,candidate,Precinct Committee Officer - Democratic,27-420,Courtney Love,,,,https://voter.votewa.gov/elections/voterguide.ashx?e=898&la=en&c=27&p=
WA,Pierce,ocd-division/country:us/state:wa/county:pierce,2026-08-04,Primary,candidate,Precinct Committee Officer - Democratic,27-420,Janet Thiessen,,,,https://voter.votewa.gov/elections/voterguide.ashx?e=898&la=en&c=27&p=
WA,Pierce,ocd-division/country:us/state:wa/county:pierce,2026-08-04,Primary,candidate,Precinct Committee Officer - Democratic,27-427,Peter Bennett,,,,https://voter.votewa.gov/elections/voterguide.ashx?e=898&la=en&c=27&p=
WA,Pierce,ocd-division/country:us/state:wa/county:pierce,2026-08-04,Primary,candidate,Precinct Committee Officer - Democratic,27-427,William F. (Bill) Johnston,,,,https://voter.votewa.gov/elections/voterguide.ashx?e=898&la=en&c=27&p=
WA,Pierce,ocd-division/country:us/state:wa/county:pierce,2026-08-04,Primary,candidate,Precinct Committee Officer - Democratic,27-480,Justin Leighton,,,,https://voter.votewa.gov/elections/voterguide.ashx?e=898&la=en&c=27&p=
WA,Pierce,ocd-division/country:us/state:wa/county:pierce,2026-08-04,Primary,candidate,Precinct Committee Officer - Democratic,27-480,Tim Farrell,,,,https://voter.votewa.gov/elections/voterguide.ashx?e=898&la=en&c=27&p=
WA,Pierce,ocd-division/country:us/state:wa/county:pierce,2026-08-04,Primary,candidate,Precinct Committee Officer - Democratic,27-481,Ryan Mello,,,,https://voter.votewa.gov/elections/voterguide.ashx?e=898&la=en&c=27&p=
WA,Pierce,ocd-division/country:us/state:wa/county:pierce,2026-08-04,Primary,candidate,Precinct Committee Officer - Democratic,27-481,Sol Jesus Ozuna,,,,https://voter.votewa.gov/elections/voterguide.ashx?e=898&la=en&c=27&p=
WA,Pierce,ocd-division/country:us/state:wa/county:pierce,2026-08-04,Primary,candidate,Precinct Committee Officer - Democratic,27-483,Destinee Moliga,,,,https://voter.votewa.gov/elections/voterguide.ashx?e=898&la=en&c=27&p=
WA,Pierce,ocd-division/country:us/state:wa/county:pierce,2026-08-04,Primary,candidate,Precinct Committee Officer - Democratic,27-483,Jessica Gavre,,,,https://voter.votewa.gov/elections/voterguide.ashx?e=898&la=en&c=27&p=
WA,Pierce,ocd-division/country:us/state:wa/county:pierce,2026-08-04,Primary,candidate,Precinct Committee Officer - Democratic,27-486,Jeannine C. Mitchell,,,,https://voter.votewa.gov/elections/voterguide.ashx?e=898&la=en&c=27&p=
WA,Pierce,ocd-division/country:us/state:wa/county:pierce,2026-08-04,Primary,candidate,Precinct Committee Officer - Democratic,27-486,Justin Rush,,,,https://voter.votewa.gov/elections/voterguide.ashx?e=898&la=en&c=27&p=
WA,Pierce,ocd-division/country:us/state:wa/county:pierce,2026-08-04,Primary,candidate,Precinct Committee Officer - Democratic,27-490,Chris Karnes,,,,https://voter.votewa.gov/elections/voterguide.ashx?e=898&la=en&c=27&p=
WA,Pierce,ocd-division/country:us/state:wa/county:pierce,2026-08-04,Primary,candidate,Precinct Committee Officer - Democratic,27-490,Devin Rydel Kelly,,,,https://voter.votewa.gov/elections/voterguide.ashx?e=898&la=en&c=27&p=
WA,Pierce,ocd-division/country:us/state:wa/county:pierce,2026-08-04,Primary,candidate,Precinct Committee Officer - Democratic,27-491,Kate Ginn,,,,https://voter.votewa.gov/elections/voterguide.ashx?e=898&la=en&c=27&p=
WA,Pierce,ocd-division/country:us/state:wa/county:pierce,2026-08-04,Primary,candidate,Precinct Committee Officer - Democratic,27-491,Melissa McBurney,,,,https://voter.votewa.gov/elections/voterguide.ashx?e=898&la=en&c=27&p=
WA,Pierce,ocd-division/country:us/state:wa/county:pierce,2026-08-04,Primary,candidate,Precinct Committee Officer - Democratic,27-502,Jim Pickering,,,,https://voter.votewa.gov/elections/voterguide.ashx?e=898&la=en&c=27&p=
WA,Pierce,ocd-division/country:us/state:wa/county:pierce,2026-08-04,Primary,candidate,Precinct Committee Officer - Democratic,27-502,Ron Stone,,,,https://voter.votewa.gov/elections/voterguide.ashx?e=898&la=en&c=27&p=
WA,Pierce,ocd-division/country:us/state:wa/county:pierce,2026-08-04,Primary,candidate,Precinct Committee Officer - Democratic,27-508,Danella S. Frerichs,,,,https://voter.votewa.gov/elections/voterguide.ashx?e=898&la=en&c=27&p=
WA,Pierce,ocd-division/country:us/state:wa/county:pierce,2026-08-04,Primary,candidate,Precinct Committee Officer - Democratic,27-508,Theresa Bridgid Wheaton,,,,https://voter.votewa.gov/elections/voterguide.ashx?e=898&la=en&c=27&p=
WA,Pierce,ocd-division/country:us/state:wa/county:pierce,2026-08-04,Primary,candidate,Precinct Committee Officer - Democratic,27-629,Christopher Demele,,,,https://voter.votewa.gov/elections/voterguide.ashx?e=898&la=en&c=27&p=
WA,Pierce,ocd-division/country:us/state:wa/county:pierce,2026-08-04,Primary,candidate,Precinct Committee Officer - Democratic,27-629,Dale Porter,,,,https://voter.votewa.gov/elections/voterguide.ashx?e=898&la=en&c=27&p=
WA,Pierce,ocd-division/country:us/state:wa/county:pierce,2026-08-04,Primary,candidate,Precinct Committee Officer - Democratic,28-535,Melisa Ziegler,,,,https://voter.votewa.gov/elections/voterguide.ashx?e=898&la=en&c=27&p=
WA,Pierce,ocd-division/country:us/state:wa/county:pierce,2026-08-04,Primary,candidate,Precinct Committee Officer - Democratic,28-535,Tamsen Spengler,,,,https://voter.votewa.gov/elections/voterguide.ashx?e=898&la=en&c=27&p=
WA,Pierce,ocd-division/country:us/state:wa/county:pierce,2026-08-04,Primary,candidate,Precinct Committee Officer - Democratic,28-548,Dan Bronoske,,,,https://voter.votewa.gov/elections/voterguide.ashx?e=898&la=en&c=27&p=
WA,Pierce,ocd-division/country:us/state:wa/county:pierce,2026-08-04,Primary,candidate,Precinct Committee Officer - Democratic,28-548,James Woodward,,,,https://voter.votewa.gov/elections/voterguide.ashx?e=898&la=en&c=27&p=
WA,Pierce,ocd-division/country:us/state:wa/county:pierce,2026-08-04,Primary,candidate,Precinct Committee Officer - Democratic,29-447,Margo Megan Skrzypek,,,,https://voter.votewa.gov/elections/voterguide.ashx?e=898&la=en&c=27&p=
WA,Pierce,ocd-division/country:us/state:wa/county:pierce,2026-08-04,Primary,candidate,Precinct Committee Officer - Democratic,29-447,Suzanne Skaar,,,,https://voter.votewa.gov/elections/voterguide.ashx?e=898&la=en&c=27&p=
WA,Pierce,ocd-division/country:us/state:wa/county:pierce,2026-08-04,Primary,candidate,Precinct Committee Officer - Democratic,29-453,Colleen Perseo,,,,https://voter.votewa.gov/elections/voterguide.ashx?e=898&la=en&c=27&p=
WA,Pierce,ocd-division/country:us/state:wa/county:pierce,2026-08-04,Primary,candidate,Precinct Committee Officer - Democratic,29-453,Nicollette Roe,,,,https://voter.votewa.gov/elections/voterguide.ashx?e=898&la=en&c=27&p=
WA,Pierce,ocd-division/country:us/state:wa/county:pierce,2026-08-04,Primary,candidate,Precinct Committee Officer - Democratic,29-459,Kimber Starr,,,,https://voter.votewa.gov/elections/voterguide.ashx?e=898&la=en&c=27&p=
WA,Pierce,ocd-division/country:us/state:wa/county:pierce,2026-08-04,Primary,candidate,Precinct Committee Officer - Democratic,29-459,Michelle Pigott,,,,https://voter.votewa.gov/elections/voterguide.ashx?e=898&la=en&c=27&p=
WA,Pierce,ocd-division/country:us/state:wa/county:pierce,2026-08-04,Primary,candidate,Precinct Committee Officer - Democratic,29-604,Dawn Blomquist,,,,https://voter.votewa.gov/elections/voterguide.ashx?e=898&la=en&c=27&p=
WA,Pierce,ocd-division/country:us/state:wa/county:pierce,2026-08-04,Primary,candidate,Precinct Committee Officer - Democratic,29-604,Peregrine Bailey,,,,https://voter.votewa.gov/elections/voterguide.ashx?e=898&la=en&c=27&p=
WA,Pierce,ocd-division/country:us/state:wa/county:pierce,2026-08-04,Primary,candidate,Precinct Committee Officer - Democratic,29-615,Aaron Johnson,,,,https://voter.votewa.gov/elections/voterguide.ashx?e=898&la=en&c=27&p=
WA,Pierce,ocd-division/country:us/state:wa/county:pierce,2026-08-04,Primary,candidate,Precinct Committee Officer - Democratic,29-615,Ralph K. Rodriguez,,,,https://voter.votewa.gov/elections/voterguide.ashx?e=898&la=en&c=27&p=
WA,Pierce,ocd-division/country:us/state:wa/county:pierce,2026-08-04,Primary,candidate,Precinct Committee Officer - Democratic,29-625,Catherine Lee,,,,https://voter.votewa.gov/elections/voterguide.ashx?e=898&la=en&c=27&p=
WA,Pierce,ocd-division/country:us/state:wa/county:pierce,2026-08-04,Primary,candidate,Precinct Committee Officer - Democratic,29-625,Derek Shin Martinez,,,,https://voter.votewa.gov/elections/voterguide.ashx?e=898&la=en&c=27&p=
WA,Pierce,ocd-division/country:us/state:wa/county:pierce,2026-08-04,Primary,candidate,Precinct Committee Officer - Democratic,29-656,Jasmin Washington,,,,https://voter.votewa.gov/elections/voterguide.ashx?e=898&la=en&c=27&p=
WA,Pierce,ocd-division/country:us/state:wa/county:pierce,2026-08-04,Primary,candidate,Precinct Committee Officer - Democratic,29-656,Jennifer Newman,,,,https://voter.votewa.gov/elections/voterguide.ashx?e=898&la=en&c=27&p=
WA,Pierce,ocd-division/country:us/state:wa/county:pierce,2026-08-04,Primary,candidate,Precinct Committee Officer - Democratic,29-668,Joseph W. Tirado,,,,https://voter.votewa.gov/elections/voterguide.ashx?e=898&la=en&c=27&p=
WA,Pierce,ocd-division/country:us/state:wa/county:pierce,2026-08-04,Primary,candidate,Precinct Committee Officer - Democratic,29-668,Samantha A. Miller,,,,https://voter.votewa.gov/elections/voterguide.ashx?e=898&la=en&c=27&p=
WA,Pierce,ocd-division/country:us/state:wa/county:pierce,2026-08-04,Primary,candidate,Precinct Committee Officer - Democratic,31-708,Jill Gilliom,,,,https://voter.votewa.gov/elections/voterguide.ashx?e=898&la=en&c=27&p=
WA,Pierce,ocd-division/country:us/state:wa/county:pierce,2026-08-04,Primary,candidate,Precinct Committee Officer - Democratic,31-708,Sammy Jo Conde,,,,https://voter.votewa.gov/elections/voterguide.ashx?e=898&la=en&c=27&p=
WA,Pierce,ocd-division/country:us/state:wa/county:pierce,2026-08-04,Primary,candidate,Precinct Committee Officer - Republican,02-156,Michael Lindsay,,,,https://voter.votewa.gov/elections/voterguide.ashx?e=898&la=en&c=27&p=
WA,Pierce,ocd-division/country:us/state:wa/county:pierce,2026-08-04,Primary,candidate,Precinct Committee Officer - Republican,02-156,SammieJo Thirtyacre,,,,https://voter.votewa.gov/elections/voterguide.ashx?e=898&la=en&c=27&p=
WA,Pierce,ocd-division/country:us/state:wa/county:pierce,2026-08-04,Primary,candidate,Precinct Committee Officer - Republican,26-310,Aaron Bonner,,,,https://voter.votewa.gov/elections/voterguide.ashx?e=898&la=en&c=27&p=
WA,Pierce,ocd-division/country:us/state:wa/county:pierce,2026-08-04,Primary,candidate,Precinct Committee Officer - Republican,26-310,Peggy Hutt,,,,https://voter.votewa.gov/elections/voterguide.ashx?e=898&la=en&c=27&p=
WA,Pierce,ocd-division/country:us/state:wa/county:pierce,2026-08-04,Primary,candidate,Precinct Committee Officer - Republican,26-329,John C. Fry,,,,https://voter.votewa.gov/elections/voterguide.ashx?e=898&la=en&c=27&p=
WA,Pierce,ocd-division/country:us/state:wa/county:pierce,2026-08-04,Primary,candidate,Precinct Committee Officer - Republican,26-329,Sonja Carlin,,,,https://voter.votewa.gov/elections/voterguide.ashx?e=898&la=en&c=27&p=
WA,Pierce,ocd-division/country:us/state:wa/county:pierce,2026-08-04,Primary,candidate,Precinct Committee Officer - Republican,26-341,Marc Nance,,,,https://voter.votewa.gov/elections/voterguide.ashx?e=898&la=en&c=27&p=
WA,Pierce,ocd-division/country:us/state:wa/county:pierce,2026-08-04,Primary,candidate,Precinct Committee Officer - Republican,26-341,Randy Boss,,,,https://voter.votewa.gov/elections/voterguide.ashx?e=898&la=en&c=27&p=
WA,Pierce,ocd-division/country:us/state:wa/county:pierce,2026-08-04,Primary,candidate,Precinct Committee Officer - Republican,26-345,Kelly Haughton,,,,https://voter.votewa.gov/elections/voterguide.ashx?e=898&la=en&c=27&p=
WA,Pierce,ocd-division/country:us/state:wa/county:pierce,2026-08-04,Primary,candidate,Precinct Committee Officer - Republican,26-345,Ted Reinhart,,,,https://voter.votewa.gov/elections/voterguide.ashx?e=898&la=en&c=27&p=
WA,Pierce,ocd-division/country:us/state:wa/county:pierce,2026-08-04,Primary,candidate,Precinct Committee Officer - Republican,27-429,Beth Jensen Chew,,,,https://voter.votewa.gov/elections/voterguide.ashx?e=898&la=en&c=27&p=
WA,Pierce,ocd-division/country:us/state:wa/county:pierce,2026-08-04,Primary,candidate,Precinct Committee Officer - Republican,27-429,Luna Eclips,,,,https://voter.votewa.gov/elections/voterguide.ashx?e=898&la=en&c=27&p=
WA,Pierce,ocd-division/country:us/state:wa/county:pierce,2026-08-04,Primary,candidate,Precinct Committee Officer - Republican,31-708,Dakotah Misquez,,,,https://voter.votewa.gov/elections/voterguide.ashx?e=898&la=en&c=27&p=
WA,Pierce,ocd-division/country:us/state:wa/county:pierce,2026-08-04,Primary,candidate,Precinct Committee Officer - Republican,31-708,Dawn Land,,,,https://voter.votewa.gov/elections/voterguide.ashx?e=898&la=en&c=27&p=
WA,Pierce,ocd-division/country:us/state:wa/county:pierce,2026-08-04,Primary,candidate,Precinct Committee Officer - Republican,31-832,David Eidsaune,,,,https://voter.votewa.gov/elections/voterguide.ashx?e=898&la=en&c=27&p=
WA,Pierce,ocd-division/country:us/state:wa/county:pierce,2026-08-04,Primary,candidate,Precinct Committee Officer - Republican,31-832,Irene Bieber,,,,https://voter.votewa.gov/elections/voterguide.ashx?e=898&la=en&c=27&p=
WA,Pierce,ocd-division/country:us/state:wa/sldl:2,2026-08-04,Primary,candidate,State Representative Pos. 1,Legislative District 2,Andrew Barkis,Republican Party,,,https://voter.votewa.gov/elections/voterguide.ashx?e=898&la=en&c=27&p=
WA,Pierce,ocd-division/country:us/state:wa/sldl:2,2026-08-04,Primary,candidate,State Representative Pos. 1,Legislative District 2,William Dehnel,Labor Democrat Party,,,https://voter.votewa.gov/elections/voterguide.ashx?e=898&la=en&c=27&p=
WA,Pierce,ocd-division/country:us/state:wa/sldl:25,2026-08-04,Primary,candidate,State Representative Pos. 1,Legislative District 25,David Berg,Democratic Party,,,https://voter.votewa.gov/elections/voterguide.ashx?e=898&la=en&c=27&p=
WA,Pierce,ocd-division/country:us/state:wa/sldl:25,2026-08-04,Primary,candidate,State Representative Pos. 1,Legislative District 25,Michael Keaton,Republican Party,,,https://voter.votewa.gov/elections/voterguide.ashx?e=898&la=en&c=27&p=
WA,Pierce,ocd-division/country:us/state:wa/sldl:25,2026-08-04,Primary,candidate,State Representative Pos. 1,Legislative District 25,Nick Oloo,Democratic Party,,,https://voter.votewa.gov/elections/voterguide.ashx?e=898&la=en&c=27&p=
WA,Pierce,ocd-division/country:us/state:wa/sldl:26,2026-08-04,Primary,candidate,State Representative Pos. 1,Legislative District 26,Adison Richards,Democratic Party,,,https://voter.votewa.gov/elections/voterguide.ashx?e=898&la=en&c=27&p=
WA,Pierce,ocd-division/country:us/state:wa/sldl:26,2026-08-04,Primary,candidate,State Representative Pos. 1,Legislative District 26,David Olson,Republican Party,,,https://voter.votewa.gov/elections/voterguide.ashx?e=898&la=en&c=27&p=
WA,Pierce,ocd-division/country:us/state:wa/sldl:26,2026-08-04,Primary,candidate,State Representative Pos. 1,Legislative District 26,Natalie Bornfleth,Democratic Party,,,https://voter.votewa.gov/elections/voterguide.ashx?e=898&la=en&c=27&p=
WA,Pierce,ocd-division/country:us/state:wa/sldl:27,2026-08-04,Primary,candidate,State Representative Pos. 1,Legislative District 27,Carole Sue Braaten,Republican Party,,,https://voter.votewa.gov/elections/voterguide.ashx?e=898&la=en&c=27&p=
WA,Pierce,ocd-division/country:us/state:wa/sldl:27,2026-08-04,Primary,candidate,State Representative Pos. 1,Legislative District 27,Laurie Jinkins,Democratic Party,,,https://voter.votewa.gov/elections/voterguide.ashx?e=898&la=en&c=27&p=
WA,Pierce,ocd-division/country:us/state:wa/sldl:28,2026-08-04,Primary,candidate,State Representative Pos. 1,Legislative District 28,Kathy Richardson,Republican Party,,,https://voter.votewa.gov/elections/voterguide.ashx?e=898&la=en&c=27&p=
WA,Pierce,ocd-division/country:us/state:wa/sldl:28,2026-08-04,Primary,candidate,State Representative Pos. 1,Legislative District 28,Mari Leavitt,Democratic Party,,,https://voter.votewa.gov/elections/voterguide.ashx?e=898&la=en&c=27&p=
WA,Pierce,ocd-division/country:us/state:wa/sldl:29,2026-08-04,Primary,candidate,State Representative Pos. 1,Legislative District 29,Krista Perez,Democratic Party,,,https://voter.votewa.gov/elections/voterguide.ashx?e=898&la=en&c=27&p=
WA,Pierce,ocd-division/country:us/state:wa/sldl:29,2026-08-04,Primary,candidate,State Representative Pos. 1,Legislative District 29,Melanie Morgan,Democratic Party,,,https://voter.votewa.gov/elections/voterguide.ashx?e=898&la=en&c=27&p=
WA,Pierce,ocd-division/country:us/state:wa/sldl:31,2026-08-04,Primary,candidate,State Representative Pos. 1,Legislative District 31,Drew Stokesbary,Republican Party,,,https://voter.votewa.gov/elections/voterguide.ashx?e=898&la=en&c=27&p=
WA,Pierce,ocd-division/country:us/state:wa/sldl:31,2026-08-04,Primary,candidate,State Representative Pos. 1,Legislative District 31,Stephen Szczurko-Walton,Democratic Party,,,https://voter.votewa.gov/elections/voterguide.ashx?e=898&la=en&c=27&p=
WA,Pierce,ocd-division/country:us/state:wa/sldl:2,2026-08-04,Primary,candidate,State Representative Pos. 2,Legislative District 2,Angela Taylor,Democratic Party,,,https://voter.votewa.gov/elections/voterguide.ashx?e=898&la=en&c=27&p=
WA,Pierce,ocd-division/country:us/state:wa/sldl:2,2026-08-04,Primary,candidate,State Representative Pos. 2,Legislative District 2,Martin L Miller,Democratic Party,,,https://voter.votewa.gov/elections/voterguide.ashx?e=898&la=en&c=27&p=
WA,Pierce,ocd-division/country:us/state:wa/sldl:2,2026-08-04,Primary,candidate,State Representative Pos. 2,Legislative District 2,Matt Marshall,Republican Party,,,https://voter.votewa.gov/elections/voterguide.ashx?e=898&la=en&c=27&p=
WA,Pierce,ocd-division/country:us/state:wa/sldl:25,2026-08-04,Primary,candidate,State Representative Pos. 2,Legislative District 25,Cyndy Jacobsen,Republican Party,,,https://voter.votewa.gov/elections/voterguide.ashx?e=898&la=en&c=27&p=
WA,Pierce,ocd-division/country:us/state:wa/sldl:25,2026-08-04,Primary,candidate,State Representative Pos. 2,Legislative District 25,Jenn Marie Strickling,Democratic Party,,,https://voter.votewa.gov/elections/voterguide.ashx?e=898&la=en&c=27&p=
WA,Pierce,ocd-division/country:us/state:wa/sldl:25,2026-08-04,Primary,candidate,State Representative Pos. 2,Legislative District 25,Ren Fanony,Republican Party,,,https://voter.votewa.gov/elections/voterguide.ashx?e=898&la=en&c=27&p=
WA,Pierce,ocd-division/country:us/state:wa/sldl:26,2026-08-04,Primary,candidate,State Representative Pos. 2,Legislative District 26,Katy Cornell,Republican Party,,,https://voter.votewa.gov/elections/voterguide.ashx?e=898&la=en&c=27&p=
WA,Pierce,ocd-division/country:us/state:wa/sldl:26,2026-08-04,Primary,candidate,State Representative Pos. 2,Legislative District 26,Randy Phillips,No Party Preference,,,https://voter.votewa.gov/elections/voterguide.ashx?e=898&la=en&c=27&p=
WA,Pierce,ocd-division/country:us/state:wa/sldl:26,2026-08-04,Primary,candidate,State Representative Pos. 2,Legislative District 26,Renee Hernandez Greenfield,Democratic Party,,,https://voter.votewa.gov/elections/voterguide.ashx?e=898&la=en&c=27&p=
WA,Pierce,ocd-division/country:us/state:wa/sldl:26,2026-08-04,Primary,candidate,State Representative Pos. 2,Legislative District 26,Tedd Wetherbee,Democratic Party,,,https://voter.votewa.gov/elections/voterguide.ashx?e=898&la=en&c=27&p=
WA,Pierce,ocd-division/country:us/state:wa/sldl:27,2026-08-04,Primary,candidate,State Representative Pos. 2,Legislative District 27,Jake Fey,Democratic Party,,,https://voter.votewa.gov/elections/voterguide.ashx?e=898&la=en&c=27&p=
WA,Pierce,ocd-division/country:us/state:wa/sldl:28,2026-08-04,Primary,candidate,State Representative Pos. 2,Legislative District 28,Dan Bronoske,Democratic Party,,,https://voter.votewa.gov/elections/voterguide.ashx?e=898&la=en&c=27&p=
WA,Pierce,ocd-division/country:us/state:wa/sldl:29,2026-08-04,Primary,candidate,State Representative Pos. 2,Legislative District 29,Darek Blum,Republican Party,,,https://voter.votewa.gov/elections/voterguide.ashx?e=898&la=en&c=27&p=
WA,Pierce,ocd-division/country:us/state:wa/sldl:29,2026-08-04,Primary,candidate,State Representative Pos. 2,Legislative District 29,Erin Chapman-Smith,Democratic Party,,,https://voter.votewa.gov/elections/voterguide.ashx?e=898&la=en&c=27&p=
WA,Pierce,ocd-division/country:us/state:wa/sldl:29,2026-08-04,Primary,candidate,State Representative Pos. 2,Legislative District 29,Joe Bushnell,Democratic Party,,,https://voter.votewa.gov/elections/voterguide.ashx?e=898&la=en&c=27&p=
WA,Pierce,ocd-division/country:us/state:wa/sldl:29,2026-08-04,Primary,candidate,State Representative Pos. 2,Legislative District 29,Natasha Laitila,Democratic Party,,,https://voter.votewa.gov/elections/voterguide.ashx?e=898&la=en&c=27&p=
WA,Pierce,ocd-division/country:us/state:wa/sldl:29,2026-08-04,Primary,candidate,State Representative Pos. 2,Legislative District 29,Patrick Stickney,Democratic Party,,,https://voter.votewa.gov/elections/voterguide.ashx?e=898&la=en&c=27&p=
WA,Pierce,ocd-division/country:us/state:wa/sldl:29,2026-08-04,Primary,candidate,State Representative Pos. 2,Legislative District 29,Sheri Hayes,Republican Party,,,https://voter.votewa.gov/elections/voterguide.ashx?e=898&la=en&c=27&p=
WA,Pierce,ocd-division/country:us/state:wa/sldl:31,2026-08-04,Primary,candidate,State Representative Pos. 2,Legislative District 31,John Bielka,Democrat Party,,,https://voter.votewa.gov/elections/voterguide.ashx?e=898&la=en&c=27&p=
WA,Pierce,ocd-division/country:us/state:wa/sldl:31,2026-08-04,Primary,candidate,State Representative Pos. 2,Legislative District 31,Joshua Penner,Republican Party,,,https://voter.votewa.gov/elections/voterguide.ashx?e=898&la=en&c=27&p=
WA,Pierce,ocd-division/country:us/state:wa/sldu:26,2026-08-04,Primary,candidate,State Senator,Legislative District 26,Deborah Krishnadasan,Democratic Party,,,https://voter.votewa.gov/elections/voterguide.ashx?e=898&la=en&c=27&p=
WA,Pierce,ocd-division/country:us/state:wa/sldu:26,2026-08-04,Primary,candidate,State Senator,Legislative District 26,Gary Parker,Republican Party,,,https://voter.votewa.gov/elections/voterguide.ashx?e=898&la=en&c=27&p=
WA,Pierce,ocd-division/country:us/state:wa/sldu:29,2026-08-04,Primary,candidate,State Senator,Legislative District 29,David Anderson,Democratic Party,,,https://voter.votewa.gov/elections/voterguide.ashx?e=898&la=en&c=27&p=
WA,Pierce,ocd-division/country:us/state:wa/sldu:29,2026-08-04,Primary,candidate,State Senator,Legislative District 29,Sharlett Mena,Democratic Party,,,https://voter.votewa.gov/elections/voterguide.ashx?e=898&la=en&c=27&p=
WA,Pierce,ocd-division/country:us/state:wa/sldu:31,2026-08-04,Primary,candidate,State Senator,Legislative District 31,Phil Fortunato,Republican Party,,,https://voter.votewa.gov/elections/voterguide.ashx?e=898&la=en&c=27&p=
WA,Pierce,ocd-division/country:us/state:wa/sldu:31,2026-08-04,Primary,candidate,State Senator,Legislative District 31,Tamara Stramel,Democratic Party,,,https://voter.votewa.gov/elections/voterguide.ashx?e=898&la=en&c=27&p=
WA,Pierce,ocd-division/country:us/state:wa/cd:6,2026-08-04,Primary,candidate,U.S. Representative,Congressional District No. 6,Brian P. O'Gorman,Independent Party,,,https://voter.votewa.gov/elections/voterguide.ashx?e=898&la=en&c=27&p=
WA,Pierce,ocd-division/country:us/state:wa/cd:6,2026-08-04,Primary,candidate,U.S. Representative,Congressional District No. 6,Emily Randall,Democratic Party,,,https://voter.votewa.gov/elections/voterguide.ashx?e=898&la=en&c=27&p=
WA,Pierce,ocd-division/country:us/state:wa/cd:6,2026-08-04,Primary,candidate,U.S. Representative,Congressional District No. 6,Leon Lawson,Trump Republican Party,,,https://voter.votewa.gov/elections/voterguide.ashx?e=898&la=en&c=27&p=
WA,Pierce,ocd-division/country:us/state:wa/cd:6,2026-08-04,Primary,candidate,U.S. Representative,Congressional District No. 6,Macy Jones,No Party Preference,,,https://voter.votewa.gov/elections/voterguide.ashx?e=898&la=en&c=27&p=
WA,Pierce,ocd-division/country:us/state:wa/cd:6,2026-08-04,Primary,candidate,U.S. Representative,Congressional District No. 6,Teresa Fox,Republican Party,,,https://voter.votewa.gov/elections/voterguide.ashx?e=898&la=en&c=27&p=
WA,Pierce,ocd-division/country:us/state:wa/cd:8,2026-08-04,Primary,candidate,U.S. Representative,Congressional District 8,Andres Valleza,Republican Party,,,https://voter.votewa.gov/elections/voterguide.ashx?e=898&la=en&c=27&p=
WA,Pierce,ocd-division/country:us/state:wa/cd:8,2026-08-04,Primary,candidate,U.S. Representative,Congressional District 8,Bob Hagglund,Republican Party,,,https://voter.votewa.gov/elections/voterguide.ashx?e=898&la=en&c=27&p=
WA,Pierce,ocd-division/country:us/state:wa/cd:8,2026-08-04,Primary,candidate,U.S. Representative,Congressional District 8,Keith Arnold,Democratic Party,,,https://voter.votewa.gov/elections/voterguide.ashx?e=898&la=en&c=27&p=
WA,Pierce,ocd-division/country:us/state:wa/cd:8,2026-08-04,Primary,candidate,U.S. Representative,Congressional District 8,Kim Schrier,Democratic Party,,,https://voter.votewa.gov/elections/voterguide.ashx?e=898&la=en&c=27&p=
WA,Pierce,ocd-division/country:us/state:wa/cd:8,2026-08-04,Primary,candidate,U.S. Representative,Congressional District 8,Spencer Meline,Republican Party,,,https://voter.votewa.gov/elections/voterguide.ashx?e=898&la=en&c=27&p=
WA,Pierce,ocd-division/country:us/state:wa/cd:8,2026-08-04,Primary,candidate,U.S. Representative,Congressional District 8,Trinh Ha,Republican Party,,,https://voter.votewa.gov/elections/voterguide.ashx?e=898&la=en&c=27&p=
WA,Pierce,ocd-division/country:us/state:wa/cd:10,2026-08-04,Primary,candidate,U.S. Representative,Congressional District 10,Adam Arafat,Democratic Party,,,https://voter.votewa.gov/elections/voterguide.ashx?e=898&la=en&c=27&p=
WA,Pierce,ocd-division/country:us/state:wa/cd:10,2026-08-04,Primary,candidate,U.S. Representative,Congressional District 10,Alex Scheel,Democratic Party,,,https://voter.votewa.gov/elections/voterguide.ashx?e=898&la=en&c=27&p=
WA,Pierce,ocd-division/country:us/state:wa/cd:10,2026-08-04,Primary,candidate,U.S. Representative,Congressional District 10,Chris D. Chung,Republican Party,,,https://voter.votewa.gov/elections/voterguide.ashx?e=898&la=en&c=27&p=
WA,Pierce,ocd-division/country:us/state:wa/cd:10,2026-08-04,Primary,candidate,U.S. Representative,Congressional District 10,Derek Maynes,No Party Preference,,,https://voter.votewa.gov/elections/voterguide.ashx?e=898&la=en&c=27&p=
WA,Pierce,ocd-division/country:us/state:wa/cd:10,2026-08-04,Primary,candidate,U.S. Representative,Congressional District 10,Kurtis Engle,Union Party,,,https://voter.votewa.gov/elections/voterguide.ashx?e=898&la=en&c=27&p=
WA,Pierce,ocd-division/country:us/state:wa/cd:10,2026-08-04,Primary,candidate,U.S. Representative,Congressional District 10,Marilyn Strickland,Democratic Party,,,https://voter.votewa.gov/elections/voterguide.ashx?e=898&la=en&c=27&p=
WA,Pierce,ocd-division/country:us/state:wa/county:pierce,2026-08-04,Primary,measure,,,,,7226,TOWN OF CARBONADO - Proposition No. 1,https://voter.votewa.gov/elections/voterguide.ashx?e=898&la=en&c=27&p=
WA,Pierce,ocd-division/country:us/state:wa/county:pierce,2026-08-04,Primary,measure,,,,,7227,CITY OF FIRCREST - Proposition No. 1,https://voter.votewa.gov/elections/voterguide.ashx?e=898&la=en&c=27&p=
WA,Pierce,ocd-division/country:us/state:wa/county:pierce,2026-08-04,Primary,measure,,,,,7228,CITY OF TACOMA - Proposition No. 1,https://voter.votewa.gov/elections/voterguide.ashx?e=898&la=en&c=27&p=
WA,Pierce,ocd-division/country:us/state:wa/county:pierce,2026-08-04,Primary,measure,,,,,7229,FIRE PROTECTION DISTRICT NO. 10 - Proposition No. 1,https://voter.votewa.gov/elections/voterguide.ashx?e=898&la=en&c=27&p=
WA,San Juan,ocd-division/country:us/state:wa/county:san_juan,2026-08-04,Primary,candidate,Council Residency District 3,County,Jennifer Swanson,,,,https://voter.votewa.gov/elections/voterguide.ashx?e=898&la=en&c=28&p=
WA,San Juan,ocd-division/country:us/state:wa/county:san_juan,2026-08-04,Primary,candidate,Council Residency District 3,County,Katherine Bryant Ingman,,,,https://voter.votewa.gov/elections/voterguide.ashx?e=898&la=en&c=28&p=
WA,San Juan,ocd-division/country:us/state:wa/county:san_juan,2026-08-04,Primary,candidate,Council Residency District 3,County,Renee J Koplan,,,,https://voter.votewa.gov/elections/voterguide.ashx?e=898&la=en&c=28&p=
WA,San Juan,ocd-division/country:us/state:wa/county:san_juan,2026-08-04,Primary,candidate,Justice Position #01,Supreme Court,Colleen Melody,,,,https://voter.votewa.gov/elections/voterguide.ashx?e=898&la=en&c=28&p=
WA,San Juan,ocd-division/country:us/state:wa/county:san_juan,2026-08-04,Primary,candidate,Justice Position #01,Supreme Court,Laura Christensen Colberg,,,,https://voter.votewa.gov/elections/voterguide.ashx?e=898&la=en&c=28&p=
WA,San Juan,ocd-division/country:us/state:wa/county:san_juan,2026-08-04,Primary,candidate,Justice Position #01,Supreme Court,Scott Edwards,,,,https://voter.votewa.gov/elections/voterguide.ashx?e=898&la=en&c=28&p=
WA,San Juan,ocd-division/country:us/state:wa/county:san_juan,2026-08-04,Primary,candidate,Justice Position #03,Supreme Court,David Stevens,,,,https://voter.votewa.gov/elections/voterguide.ashx?e=898&la=en&c=28&p=
WA,San Juan,ocd-division/country:us/state:wa/county:san_juan,2026-08-04,Primary,candidate,Justice Position #03,Supreme Court,Jaime Michelle Hawk,,,,https://voter.votewa.gov/elections/voterguide.ashx?e=898&la=en&c=28&p=
WA,San Juan,ocd-division/country:us/state:wa/county:san_juan,2026-08-04,Primary,candidate,Justice Position #03,Supreme Court,Mike Diaz,,,,https://voter.votewa.gov/elections/voterguide.ashx?e=898&la=en&c=28&p=
WA,San Juan,ocd-division/country:us/state:wa/county:san_juan,2026-08-04,Primary,candidate,Justice Position #05,Supreme Court,Dave Larson,,,,https://voter.votewa.gov/elections/voterguide.ashx?e=898&la=en&c=28&p=
WA,San Juan,ocd-division/country:us/state:wa/county:san_juan,2026-08-04,Primary,candidate,Justice Position #05,Supreme Court,Greg Miller,,,,https://voter.votewa.gov/elections/voterguide.ashx?e=898&la=en&c=28&p=
WA,San Juan,ocd-division/country:us/state:wa/county:san_juan,2026-08-04,Primary,candidate,Justice Position #05,Supreme Court,Sharonda Amamilo,,,,https://voter.votewa.gov/elections/voterguide.ashx?e=898&la=en&c=28&p=
WA,San Juan,ocd-division/country:us/state:wa/county:san_juan,2026-08-04,Primary,candidate,Justice Position #05,Supreme Court,Theo Angelis,,,,https://voter.votewa.gov/elections/voterguide.ashx?e=898&la=en&c=28&p=
WA,San Juan,ocd-division/country:us/state:wa/county:san_juan,2026-08-04,Primary,candidate,Justice Position #07,Supreme Court,David R Shelvey,,,,https://voter.votewa.gov/elections/voterguide.ashx?e=898&la=en&c=28&p=
WA,San Juan,ocd-division/country:us/state:wa/county:san_juan,2026-08-04,Primary,candidate,Justice Position #07,Supreme Court,Debra L. Stephens,,,,https://voter.votewa.gov/elections/voterguide.ashx?e=898&la=en&c=28&p=
WA,San Juan,ocd-division/country:us/state:wa/county:san_juan,2026-08-04,Primary,candidate,Justice Position #07,Supreme Court,Karim A. Merchant,,,,https://voter.votewa.gov/elections/voterguide.ashx?e=898&la=en&c=28&p=
WA,San Juan,ocd-division/country:us/state:wa/county:san_juan,2026-08-04,Primary,candidate,Justice Position #07,Supreme Court,Todd A. Bloom,,,,https://voter.votewa.gov/elections/voterguide.ashx?e=898&la=en&c=28&p=
WA,San Juan,ocd-division/country:us/state:wa/county:san_juan,2026-08-04,Primary,candidate,Prosecuting Attorney,County,Amy S. Vira,Democrat Party,,,https://voter.votewa.gov/elections/voterguide.ashx?e=898&la=en&c=28&p=
WA,San Juan,ocd-division/country:us/state:wa/sldl:40,2026-08-04,Primary,candidate,State Representative Pos. 1,Legislative District 40,Cindy Carter,Republican Party,,,https://voter.votewa.gov/elections/voterguide.ashx?e=898&la=en&c=28&p=
WA,San Juan,ocd-division/country:us/state:wa/sldl:40,2026-08-04,Primary,candidate,State Representative Pos. 1,Legislative District 40,Debra Lekanoff,Democratic Party,,,https://voter.votewa.gov/elections/voterguide.ashx?e=898&la=en&c=28&p=
WA,San Juan,ocd-division/country:us/state:wa/sldl:40,2026-08-04,Primary,candidate,State Representative Pos. 2,Legislative District 40,Alex Ramel,Democratic Party,,,https://voter.votewa.gov/elections/voterguide.ashx?e=898&la=en&c=28&p=
WA,San Juan,ocd-division/country:us/state:wa/sldl:40,2026-08-04,Primary,candidate,State Representative Pos. 2,Legislative District 40,Joseph Segault,No Party Preference,,,https://voter.votewa.gov/elections/voterguide.ashx?e=898&la=en&c=28&p=
WA,San Juan,ocd-division/country:us/state:wa/sldl:40,2026-08-04,Primary,candidate,State Representative Pos. 2,Legislative District 40,Monte Jay Mahan,Independent Party,,,https://voter.votewa.gov/elections/voterguide.ashx?e=898&la=en&c=28&p=
WA,San Juan,ocd-division/country:us/state:wa/sldl:40,2026-08-04,Primary,candidate,State Representative Pos. 2,Legislative District 40,Salomon Rodrigue Mbouombouo,Independent Party,,,https://voter.votewa.gov/elections/voterguide.ashx?e=898&la=en&c=28&p=
WA,San Juan,ocd-division/country:us/state:wa/cd:2,2026-08-04,Primary,candidate,U.S. Representative,Congressional District 2,Devin Hermanson,Democratic Party,,,https://voter.votewa.gov/elections/voterguide.ashx?e=898&la=en&c=28&p=
WA,San Juan,ocd-division/country:us/state:wa/cd:2,2026-08-04,Primary,candidate,U.S. Representative,Congressional District 2,Edwin H. Feller,Republican Party,,,https://voter.votewa.gov/elections/voterguide.ashx?e=898&la=en&c=28&p=
WA,San Juan,ocd-division/country:us/state:wa/cd:2,2026-08-04,Primary,candidate,U.S. Representative,Congressional District 2,Rick Larsen,Democratic Party,,,https://voter.votewa.gov/elections/voterguide.ashx?e=898&la=en&c=28&p=
WA,San Juan,ocd-division/country:us/state:wa/cd:2,2026-08-04,Primary,candidate,U.S. Representative,Congressional District 2,Tomas Scheel,Democratic Party,,,https://voter.votewa.gov/elections/voterguide.ashx?e=898&la=en&c=28&p=
WA,San Juan,ocd-division/country:us/state:wa/county:san_juan,2026-08-04,Primary,measure,,,,,7188,LOPEZ ISLAND SCHOOL DISTRICT NO. 144 - Proposition No.1 – Replacement Educational Programs and Operations Levy,https://voter.votewa.gov/elections/voterguide.ashx?e=898&la=en&c=28&p=
WA,Skagit,ocd-division/country:us/state:wa/county:skagit,2026-08-04,Primary,candidate,Assessor,County,Danny Hagen,Independent Party,,,https://voter.votewa.gov/elections/voterguide.ashx?e=898&la=en&c=29&p=
WA,Skagit,ocd-division/country:us/state:wa/county:skagit,2026-08-04,Primary,candidate,Auditor,County,Jeremy Harrison-Smith,Democratic Party,,,https://voter.votewa.gov/elections/voterguide.ashx?e=898&la=en&c=29&p=
WA,Skagit,ocd-division/country:us/state:wa/county:skagit,2026-08-04,Primary,candidate,Auditor,County,Mark Hulst,Independent Party,,,https://voter.votewa.gov/elections/voterguide.ashx?e=898&la=en&c=29&p=
WA,Skagit,ocd-division/country:us/state:wa/county:skagit,2026-08-04,Primary,candidate,Clerk,County,Melissa Beaton,Democratic Party,,,https://voter.votewa.gov/elections/voterguide.ashx?e=898&la=en&c=29&p=
WA,Skagit,ocd-division/country:us/state:wa/county:skagit,2026-08-04,Primary,candidate,Commissioner District 3,Commissioner District 3,Connie Krier,Independent Party,,,https://voter.votewa.gov/elections/voterguide.ashx?e=898&la=en&c=29&p=
WA,Skagit,ocd-division/country:us/state:wa/county:skagit,2026-08-04,Primary,candidate,Commissioner District 3,Commissioner District 3,Joe Burns,Democratic Party,,,https://voter.votewa.gov/elections/voterguide.ashx?e=898&la=en&c=29&p=
WA,Skagit,ocd-division/country:us/state:wa/county:skagit,2026-08-04,Primary,candidate,Commissioner District 3,Commissioner District 3,Keith L. Wagoner,Republican Party,,,https://voter.votewa.gov/elections/voterguide.ashx?e=898&la=en&c=29&p=
WA,Skagit,ocd-division/country:us/state:wa/county:skagit,2026-08-04,Primary,candidate,Coroner,County,Alex Lathum,Democratic Party,,,https://voter.votewa.gov/elections/voterguide.ashx?e=898&la=en&c=29&p=
WA,Skagit,ocd-division/country:us/state:wa/county:skagit,2026-08-04,Primary,candidate,Justice Position #01,Supreme Court,Colleen Melody,,,,https://voter.votewa.gov/elections/voterguide.ashx?e=898&la=en&c=29&p=
WA,Skagit,ocd-division/country:us/state:wa/county:skagit,2026-08-04,Primary,candidate,Justice Position #01,Supreme Court,Laura Christensen Colberg,,,,https://voter.votewa.gov/elections/voterguide.ashx?e=898&la=en&c=29&p=
WA,Skagit,ocd-division/country:us/state:wa/county:skagit,2026-08-04,Primary,candidate,Justice Position #01,Supreme Court,Scott Edwards,,,,https://voter.votewa.gov/elections/voterguide.ashx?e=898&la=en&c=29&p=
WA,Skagit,ocd-division/country:us/state:wa/county:skagit,2026-08-04,Primary,candidate,Justice Position #03,Supreme Court,David Stevens,,,,https://voter.votewa.gov/elections/voterguide.ashx?e=898&la=en&c=29&p=
WA,Skagit,ocd-division/country:us/state:wa/county:skagit,2026-08-04,Primary,candidate,Justice Position #03,Supreme Court,Jaime Michelle Hawk,,,,https://voter.votewa.gov/elections/voterguide.ashx?e=898&la=en&c=29&p=
WA,Skagit,ocd-division/country:us/state:wa/county:skagit,2026-08-04,Primary,candidate,Justice Position #03,Supreme Court,Mike Diaz,,,,https://voter.votewa.gov/elections/voterguide.ashx?e=898&la=en&c=29&p=
WA,Skagit,ocd-division/country:us/state:wa/county:skagit,2026-08-04,Primary,candidate,Justice Position #05,Supreme Court,Dave Larson,,,,https://voter.votewa.gov/elections/voterguide.ashx?e=898&la=en&c=29&p=
WA,Skagit,ocd-division/country:us/state:wa/county:skagit,2026-08-04,Primary,candidate,Justice Position #05,Supreme Court,Greg Miller,,,,https://voter.votewa.gov/elections/voterguide.ashx?e=898&la=en&c=29&p=
WA,Skagit,ocd-division/country:us/state:wa/county:skagit,2026-08-04,Primary,candidate,Justice Position #05,Supreme Court,Sharonda Amamilo,,,,https://voter.votewa.gov/elections/voterguide.ashx?e=898&la=en&c=29&p=
WA,Skagit,ocd-division/country:us/state:wa/county:skagit,2026-08-04,Primary,candidate,Justice Position #05,Supreme Court,Theo Angelis,,,,https://voter.votewa.gov/elections/voterguide.ashx?e=898&la=en&c=29&p=
WA,Skagit,ocd-division/country:us/state:wa/county:skagit,2026-08-04,Primary,candidate,Justice Position #07,Supreme Court,David R Shelvey,,,,https://voter.votewa.gov/elections/voterguide.ashx?e=898&la=en&c=29&p=
WA,Skagit,ocd-division/country:us/state:wa/county:skagit,2026-08-04,Primary,candidate,Justice Position #07,Supreme Court,Debra L. Stephens,,,,https://voter.votewa.gov/elections/voterguide.ashx?e=898&la=en&c=29&p=
WA,Skagit,ocd-division/country:us/state:wa/county:skagit,2026-08-04,Primary,candidate,Justice Position #07,Supreme Court,Karim A. Merchant,,,,https://voter.votewa.gov/elections/voterguide.ashx?e=898&la=en&c=29&p=
WA,Skagit,ocd-division/country:us/state:wa/county:skagit,2026-08-04,Primary,candidate,Justice Position #07,Supreme Court,Todd A. Bloom,,,,https://voter.votewa.gov/elections/voterguide.ashx?e=898&la=en&c=29&p=
WA,Skagit,ocd-division/country:us/state:wa/county:skagit,2026-08-04,Primary,candidate,Prosecuting Attorney,County,Erik Pedersen,Democratic Party,,,https://voter.votewa.gov/elections/voterguide.ashx?e=898&la=en&c=29&p=
WA,Skagit,ocd-division/country:us/state:wa/county:skagit,2026-08-04,Primary,candidate,Sheriff,County,Chris Baldwin,Independent Party,,,https://voter.votewa.gov/elections/voterguide.ashx?e=898&la=en&c=29&p=
WA,Skagit,ocd-division/country:us/state:wa/sldl:10,2026-08-04,Primary,candidate,State Representative Pos. 1,Legislative District 10,Clyde Shavers,Democratic Party,,,https://voter.votewa.gov/elections/voterguide.ashx?e=898&la=en&c=29&p=
WA,Skagit,ocd-division/country:us/state:wa/sldl:10,2026-08-04,Primary,candidate,State Representative Pos. 1,Legislative District 10,Robert (Chili) Hicks,Republican Party,,,https://voter.votewa.gov/elections/voterguide.ashx?e=898&la=en&c=29&p=
WA,Skagit,ocd-division/country:us/state:wa/sldl:39,2026-08-04,Primary,candidate,State Representative Pos. 1,Legislative District 39,Dusty Wisniew,Republican Party,,,https://voter.votewa.gov/elections/voterguide.ashx?e=898&la=en&c=29&p=
WA,Skagit,ocd-division/country:us/state:wa/sldl:39,2026-08-04,Primary,candidate,State Representative Pos. 1,Legislative District 39,Kathryn Lewandowsky,Democratic Party,,,https://voter.votewa.gov/elections/voterguide.ashx?e=898&la=en&c=29&p=
WA,Skagit,ocd-division/country:us/state:wa/sldl:39,2026-08-04,Primary,candidate,State Representative Pos. 1,Legislative District 39,Sam Low,Republican Party,,,https://voter.votewa.gov/elections/voterguide.ashx?e=898&la=en&c=29&p=
WA,Skagit,ocd-division/country:us/state:wa/sldl:40,2026-08-04,Primary,candidate,State Representative Pos. 1,Legislative District 40,Cindy Carter,Republican Party,,,https://voter.votewa.gov/elections/voterguide.ashx?e=898&la=en&c=29&p=
WA,Skagit,ocd-division/country:us/state:wa/sldl:40,2026-08-04,Primary,candidate,State Representative Pos. 1,Legislative District 40,Debra Lekanoff,Democratic Party,,,https://voter.votewa.gov/elections/voterguide.ashx?e=898&la=en&c=29&p=
WA,Skagit,ocd-division/country:us/state:wa/sldl:10,2026-08-04,Primary,candidate,State Representative Pos. 2,Legislative District 10,Carrie R. Kennedy,Republican Party,,,https://voter.votewa.gov/elections/voterguide.ashx?e=898&la=en&c=29&p=
WA,Skagit,ocd-division/country:us/state:wa/sldl:10,2026-08-04,Primary,candidate,State Representative Pos. 2,Legislative District 10,Dave Paul,Democratic Party,,,https://voter.votewa.gov/elections/voterguide.ashx?e=898&la=en&c=29&p=
WA,Skagit,ocd-division/country:us/state:wa/sldl:10,2026-08-04,Primary,candidate,State Representative Pos. 2,Legislative District 10,Tim Hazelo,Republican Party,,,https://voter.votewa.gov/elections/voterguide.ashx?e=898&la=en&c=29&p=
WA,Skagit,ocd-division/country:us/state:wa/sldl:39,2026-08-04,Primary,candidate,State Representative Pos. 2,Legislative District 39,Ida Keeley,Democratic Party,,,https://voter.votewa.gov/elections/voterguide.ashx?e=898&la=en&c=29&p=
WA,Skagit,ocd-division/country:us/state:wa/sldl:39,2026-08-04,Primary,candidate,State Representative Pos. 2,Legislative District 39,Lacey Sauvageau,Republican Party,,,https://voter.votewa.gov/elections/voterguide.ashx?e=898&la=en&c=29&p=
WA,Skagit,ocd-division/country:us/state:wa/sldl:39,2026-08-04,Primary,candidate,State Representative Pos. 2,Legislative District 39,Robert J Sutherland,Republican Party,,,https://voter.votewa.gov/elections/voterguide.ashx?e=898&la=en&c=29&p=
WA,Skagit,ocd-division/country:us/state:wa/sldl:39,2026-08-04,Primary,candidate,State Representative Pos. 2,Legislative District 39,Steve Ewing,Republican Party,,,https://voter.votewa.gov/elections/voterguide.ashx?e=898&la=en&c=29&p=
WA,Skagit,ocd-division/country:us/state:wa/sldl:40,2026-08-04,Primary,candidate,State Representative Pos. 2,Legislative District 40,Alex Ramel,Democratic Party,,,https://voter.votewa.gov/elections/voterguide.ashx?e=898&la=en&c=29&p=
WA,Skagit,ocd-division/country:us/state:wa/sldl:40,2026-08-04,Primary,candidate,State Representative Pos. 2,Legislative District 40,Joseph Segault,No Party Preference,,,https://voter.votewa.gov/elections/voterguide.ashx?e=898&la=en&c=29&p=
WA,Skagit,ocd-division/country:us/state:wa/sldl:40,2026-08-04,Primary,candidate,State Representative Pos. 2,Legislative District 40,Monte Jay Mahan,Independent Party,,,https://voter.votewa.gov/elections/voterguide.ashx?e=898&la=en&c=29&p=
WA,Skagit,ocd-division/country:us/state:wa/sldl:40,2026-08-04,Primary,candidate,State Representative Pos. 2,Legislative District 40,Salomon Rodrigue Mbouombouo,Independent Party,,,https://voter.votewa.gov/elections/voterguide.ashx?e=898&la=en&c=29&p=
WA,Skagit,ocd-division/country:us/state:wa,2026-08-04,Primary,candidate,Treasurer,County,Jackie Brunson,Democrat Party,,,https://voter.votewa.gov/elections/voterguide.ashx?e=898&la=en&c=29&p=
WA,Skagit,ocd-division/country:us/state:wa/cd:2,2026-08-04,Primary,candidate,U.S. Representative,Congressional District 2,Devin Hermanson,Democratic Party,,,https://voter.votewa.gov/elections/voterguide.ashx?e=898&la=en&c=29&p=
WA,Skagit,ocd-division/country:us/state:wa/cd:2,2026-08-04,Primary,candidate,U.S. Representative,Congressional District 2,Edwin H. Feller,Republican Party,,,https://voter.votewa.gov/elections/voterguide.ashx?e=898&la=en&c=29&p=
WA,Skagit,ocd-division/country:us/state:wa/cd:2,2026-08-04,Primary,candidate,U.S. Representative,Congressional District 2,Rick Larsen,Democratic Party,,,https://voter.votewa.gov/elections/voterguide.ashx?e=898&la=en&c=29&p=
WA,Skagit,ocd-division/country:us/state:wa/cd:2,2026-08-04,Primary,candidate,U.S. Representative,Congressional District 2,Tomas Scheel,Democratic Party,,,https://voter.votewa.gov/elections/voterguide.ashx?e=898&la=en&c=29&p=
WA,Skagit,ocd-division/country:us/state:wa/county:skagit,2026-08-04,Primary,measure,,,,,7172,HOSPITAL DISTRICT 304 - Proposition No. 1 - Levy Lid Lift for Health Care Services,https://voter.votewa.gov/elections/voterguide.ashx?e=898&la=en&c=29&p=
WA,Skagit,ocd-division/country:us/state:wa/county:skagit,2026-08-04,Primary,measure,,,,,7174,FIRE DISTRICT 8 - Proposition No. 1 - Property Tax Levy for Fire Protection and Emergency Medical Services,https://voter.votewa.gov/elections/voterguide.ashx?e=898&la=en&c=29&p=
WA,Skagit,ocd-division/country:us/state:wa/county:skagit,2026-08-04,Primary,measure,,,,,7176,DARRINGTON SCHOOL DISTRICT NO. 330 - Proposition No. 1,https://voter.votewa.gov/elections/voterguide.ashx?e=898&la=en&c=29&p=
WA,Skamania,ocd-division/country:us/state:wa/county:skamania,2026-08-04,Primary,candidate,Assessor,County,Cora Moser,Republican Party,,,https://voter.votewa.gov/elections/voterguide.ashx?e=898&la=en&c=30&p=
WA,Skamania,ocd-division/country:us/state:wa/county:skamania,2026-08-04,Primary,candidate,Assessor,County,Gabriel P Spencer,Democrat Party,,,https://voter.votewa.gov/elections/voterguide.ashx?e=898&la=en&c=30&p=
WA,Skamania,ocd-division/country:us/state:wa/county:skamania,2026-08-04,Primary,candidate,Auditor,County,Robert J Waymire,Republican Party,,,https://voter.votewa.gov/elections/voterguide.ashx?e=898&la=en&c=30&p=
WA,Skamania,ocd-division/country:us/state:wa/county:skamania,2026-08-04,Primary,candidate,Clerk,County,Grace D. Cross,Democratic Party,,,https://voter.votewa.gov/elections/voterguide.ashx?e=898&la=en&c=30&p=
WA,Skamania,ocd-division/country:us/state:wa/county:skamania,2026-08-04,Primary,candidate,Clerk,County,Olivia D. Munsch,Republican Party,,,https://voter.votewa.gov/elections/voterguide.ashx?e=898&la=en&c=30&p=
WA,Skamania,ocd-division/country:us/state:wa/county:skamania,2026-08-04,Primary,candidate,Commissioner No. 3,Commissioner District No. 3,Asa Leckie,Republican Party,,,https://voter.votewa.gov/elections/voterguide.ashx?e=898&la=en&c=30&p=
WA,Skamania,ocd-division/country:us/state:wa/county:skamania,2026-08-04,Primary,candidate,Commissioner No. 3,Commissioner District No. 3,Paul H. Mosbrucker,Democratic Party,,,https://voter.votewa.gov/elections/voterguide.ashx?e=898&la=en&c=30&p=
WA,Skamania,ocd-division/country:us/state:wa/county:skamania,2026-08-04,Primary,candidate,Justice Position #01,Supreme Court,Colleen Melody,,,,https://voter.votewa.gov/elections/voterguide.ashx?e=898&la=en&c=30&p=
WA,Skamania,ocd-division/country:us/state:wa/county:skamania,2026-08-04,Primary,candidate,Justice Position #01,Supreme Court,Laura Christensen Colberg,,,,https://voter.votewa.gov/elections/voterguide.ashx?e=898&la=en&c=30&p=
WA,Skamania,ocd-division/country:us/state:wa/county:skamania,2026-08-04,Primary,candidate,Justice Position #01,Supreme Court,Scott Edwards,,,,https://voter.votewa.gov/elections/voterguide.ashx?e=898&la=en&c=30&p=
WA,Skamania,ocd-division/country:us/state:wa/county:skamania,2026-08-04,Primary,candidate,Justice Position #03,Supreme Court,David Stevens,,,,https://voter.votewa.gov/elections/voterguide.ashx?e=898&la=en&c=30&p=
WA,Skamania,ocd-division/country:us/state:wa/county:skamania,2026-08-04,Primary,candidate,Justice Position #03,Supreme Court,Jaime Michelle Hawk,,,,https://voter.votewa.gov/elections/voterguide.ashx?e=898&la=en&c=30&p=
WA,Skamania,ocd-division/country:us/state:wa/county:skamania,2026-08-04,Primary,candidate,Justice Position #03,Supreme Court,Mike Diaz,,,,https://voter.votewa.gov/elections/voterguide.ashx?e=898&la=en&c=30&p=
WA,Skamania,ocd-division/country:us/state:wa/county:skamania,2026-08-04,Primary,candidate,Justice Position #05,Supreme Court,Dave Larson,,,,https://voter.votewa.gov/elections/voterguide.ashx?e=898&la=en&c=30&p=
WA,Skamania,ocd-division/country:us/state:wa/county:skamania,2026-08-04,Primary,candidate,Justice Position #05,Supreme Court,Greg Miller,,,,https://voter.votewa.gov/elections/voterguide.ashx?e=898&la=en&c=30&p=
WA,Skamania,ocd-division/country:us/state:wa/county:skamania,2026-08-04,Primary,candidate,Justice Position #05,Supreme Court,Sharonda Amamilo,,,,https://voter.votewa.gov/elections/voterguide.ashx?e=898&la=en&c=30&p=
WA,Skamania,ocd-division/country:us/state:wa/county:skamania,2026-08-04,Primary,candidate,Justice Position #05,Supreme Court,Theo Angelis,,,,https://voter.votewa.gov/elections/voterguide.ashx?e=898&la=en&c=30&p=
WA,Skamania,ocd-division/country:us/state:wa/county:skamania,2026-08-04,Primary,candidate,Justice Position #07,Supreme Court,David R Shelvey,,,,https://voter.votewa.gov/elections/voterguide.ashx?e=898&la=en&c=30&p=
WA,Skamania,ocd-division/country:us/state:wa/county:skamania,2026-08-04,Primary,candidate,Justice Position #07,Supreme Court,Debra L. Stephens,,,,https://voter.votewa.gov/elections/voterguide.ashx?e=898&la=en&c=30&p=
WA,Skamania,ocd-division/country:us/state:wa/county:skamania,2026-08-04,Primary,candidate,Justice Position #07,Supreme Court,Karim A. Merchant,,,,https://voter.votewa.gov/elections/voterguide.ashx?e=898&la=en&c=30&p=
WA,Skamania,ocd-division/country:us/state:wa/county:skamania,2026-08-04,Primary,candidate,Justice Position #07,Supreme Court,Todd A. Bloom,,,,https://voter.votewa.gov/elections/voterguide.ashx?e=898&la=en&c=30&p=
WA,Skamania,ocd-division/country:us/state:wa/county:skamania,2026-08-04,Primary,candidate,Prosecuting Attorney,County,Adam N. Kick,Non Partisan Party,,,https://voter.votewa.gov/elections/voterguide.ashx?e=898&la=en&c=30&p=
WA,Skamania,ocd-division/country:us/state:wa/county:skamania,2026-08-04,Primary,candidate,Sheriff,County,Summer Scheyer,Republican Party,,,https://voter.votewa.gov/elections/voterguide.ashx?e=898&la=en&c=30&p=
WA,Skamania,ocd-division/country:us/state:wa/sldl:17,2026-08-04,Primary,candidate,State Representative Pos. 1,Legislative District 17,Ben Christly,Democratic Party,,,https://voter.votewa.gov/elections/voterguide.ashx?e=898&la=en&c=30&p=
WA,Skamania,ocd-division/country:us/state:wa/sldl:17,2026-08-04,Primary,candidate,State Representative Pos. 1,Legislative District 17,Kevin Waters,Republican Party,,,https://voter.votewa.gov/elections/voterguide.ashx?e=898&la=en&c=30&p=
WA,Skamania,ocd-division/country:us/state:wa/sldl:17,2026-08-04,Primary,candidate,State Representative Pos. 1,Legislative District 17,Thomas Everett Haynes,Pro Gun Liberal Party,,,https://voter.votewa.gov/elections/voterguide.ashx?e=898&la=en&c=30&p=
WA,Skamania,ocd-division/country:us/state:wa/sldl:17,2026-08-04,Primary,candidate,State Representative Pos. 2,Legislative District 17,David Stuebe,Republican Party,,,https://voter.votewa.gov/elections/voterguide.ashx?e=898&la=en&c=30&p=
WA,Skamania,ocd-division/country:us/state:wa/sldl:17,2026-08-04,Primary,candidate,State Representative Pos. 2,Legislative District 17,Diana H. Perez,Democratic Party,,,https://voter.votewa.gov/elections/voterguide.ashx?e=898&la=en&c=30&p=
WA,Skamania,ocd-division/country:us/state:wa,2026-08-04,Primary,candidate,Treasurer,County,Emily Sabo,Republican Party,,,https://voter.votewa.gov/elections/voterguide.ashx?e=898&la=en&c=30&p=
WA,Skamania,ocd-division/country:us/state:wa/cd:3,2026-08-04,Primary,candidate,U.S. Representative,Congressional District 3,Antony Barran,Cascade Party,,,https://voter.votewa.gov/elections/voterguide.ashx?e=898&la=en&c=30&p=
WA,Skamania,ocd-division/country:us/state:wa/cd:3,2026-08-04,Primary,candidate,U.S. Representative,Congressional District 3,Austin Braswell,Democratic Party,,,https://voter.votewa.gov/elections/voterguide.ashx?e=898&la=en&c=30&p=
WA,Skamania,ocd-division/country:us/state:wa/cd:3,2026-08-04,Primary,candidate,U.S. Representative,Congressional District 3,Brent Hennrich,Democratic Party,,,https://voter.votewa.gov/elections/voterguide.ashx?e=898&la=en&c=30&p=
WA,Skamania,ocd-division/country:us/state:wa/cd:3,2026-08-04,Primary,candidate,U.S. Representative,Congressional District 3,John Braun,Republican Party,,,https://voter.votewa.gov/elections/voterguide.ashx?e=898&la=en&c=30&p=
WA,Skamania,ocd-division/country:us/state:wa/cd:3,2026-08-04,Primary,candidate,U.S. Representative,Congressional District 3,John P. Roco,Republican Party,,,https://voter.votewa.gov/elections/voterguide.ashx?e=898&la=en&c=30&p=
WA,Skamania,ocd-division/country:us/state:wa/cd:3,2026-08-04,Primary,candidate,U.S. Representative,Congressional District 3,John Saulie-Rohman,Independent Party,,,https://voter.votewa.gov/elections/voterguide.ashx?e=898&la=en&c=30&p=
WA,Skamania,ocd-division/country:us/state:wa/cd:3,2026-08-04,Primary,candidate,U.S. Representative,Congressional District 3,Lawrence Kellogg,Republican Party,,,https://voter.votewa.gov/elections/voterguide.ashx?e=898&la=en&c=30&p=
WA,Skamania,ocd-division/country:us/state:wa/cd:3,2026-08-04,Primary,candidate,U.S. Representative,Congressional District 3,Marie Gluesenkamp Perez,Democratic Party,,,https://voter.votewa.gov/elections/voterguide.ashx?e=898&la=en&c=30&p=
WA,Skamania,ocd-division/country:us/state:wa/cd:3,2026-08-04,Primary,candidate,U.S. Representative,Congressional District 3,Troy Rasband,Democratic Party,,,https://voter.votewa.gov/elections/voterguide.ashx?e=898&la=en&c=30&p=
WA,Skamania,ocd-division/country:us/state:wa/county:skamania,2026-08-04,Primary,measure,,,,,7190,HOME VALLEY WATER DISTRICT - Maintenance and Capital Improvement Fund Levy,https://voter.votewa.gov/elections/voterguide.ashx?e=898&la=en&c=30&p=
WA,Snohomish,ocd-division/country:us/state:wa/county:snohomish,2026-08-04,Primary,candidate,Commissioner District 1,Pud Commissioner District 1,Bruce King,,,,https://voter.votewa.gov/elections/voterguide.ashx?e=898&la=en&c=34&p=
WA,Snohomish,ocd-division/country:us/state:wa/county:snohomish,2026-08-04,Primary,candidate,Commissioner District 1,Pud Commissioner District 1,Janet St Clair,,,,https://voter.votewa.gov/elections/voterguide.ashx?e=898&la=en&c=34&p=
WA,Snohomish,ocd-division/country:us/state:wa/county:snohomish,2026-08-04,Primary,candidate,Commissioner District 1,Pud Commissioner District 1,Sid Logan,,,,https://voter.votewa.gov/elections/voterguide.ashx?e=898&la=en&c=34&p=
WA,Snohomish,ocd-division/country:us/state:wa/county:snohomish,2026-08-04,Primary,candidate,Justice Position #01,Supreme Court,Colleen Melody,,,,https://voter.votewa.gov/elections/voterguide.ashx?e=898&la=en&c=34&p=
WA,Snohomish,ocd-division/country:us/state:wa/county:snohomish,2026-08-04,Primary,candidate,Justice Position #01,Supreme Court,Laura Christensen Colberg,,,,https://voter.votewa.gov/elections/voterguide.ashx?e=898&la=en&c=34&p=
WA,Snohomish,ocd-division/country:us/state:wa/county:snohomish,2026-08-04,Primary,candidate,Justice Position #01,Supreme Court,Scott Edwards,,,,https://voter.votewa.gov/elections/voterguide.ashx?e=898&la=en&c=34&p=
WA,Snohomish,ocd-division/country:us/state:wa/county:snohomish,2026-08-04,Primary,candidate,Justice Position #03,Supreme Court,David Stevens,,,,https://voter.votewa.gov/elections/voterguide.ashx?e=898&la=en&c=34&p=
WA,Snohomish,ocd-division/country:us/state:wa/county:snohomish,2026-08-04,Primary,candidate,Justice Position #03,Supreme Court,Jaime Michelle Hawk,,,,https://voter.votewa.gov/elections/voterguide.ashx?e=898&la=en&c=34&p=
WA,Snohomish,ocd-division/country:us/state:wa/county:snohomish,2026-08-04,Primary,candidate,Justice Position #03,Supreme Court,Mike Diaz,,,,https://voter.votewa.gov/elections/voterguide.ashx?e=898&la=en&c=34&p=
WA,Snohomish,ocd-division/country:us/state:wa/county:snohomish,2026-08-04,Primary,candidate,Justice Position #05,Supreme Court,Dave Larson,,,,https://voter.votewa.gov/elections/voterguide.ashx?e=898&la=en&c=34&p=
WA,Snohomish,ocd-division/country:us/state:wa/county:snohomish,2026-08-04,Primary,candidate,Justice Position #05,Supreme Court,Greg Miller,,,,https://voter.votewa.gov/elections/voterguide.ashx?e=898&la=en&c=34&p=
WA,Snohomish,ocd-division/country:us/state:wa/county:snohomish,2026-08-04,Primary,candidate,Justice Position #05,Supreme Court,Sharonda Amamilo,,,,https://voter.votewa.gov/elections/voterguide.ashx?e=898&la=en&c=34&p=
WA,Snohomish,ocd-division/country:us/state:wa/county:snohomish,2026-08-04,Primary,candidate,Justice Position #05,Supreme Court,Theo Angelis,,,,https://voter.votewa.gov/elections/voterguide.ashx?e=898&la=en&c=34&p=
WA,Snohomish,ocd-division/country:us/state:wa/county:snohomish,2026-08-04,Primary,candidate,Justice Position #07,Supreme Court,David R Shelvey,,,,https://voter.votewa.gov/elections/voterguide.ashx?e=898&la=en&c=34&p=
WA,Snohomish,ocd-division/country:us/state:wa/county:snohomish,2026-08-04,Primary,candidate,Justice Position #07,Supreme Court,Debra L. Stephens,,,,https://voter.votewa.gov/elections/voterguide.ashx?e=898&la=en&c=34&p=
WA,Snohomish,ocd-division/country:us/state:wa/county:snohomish,2026-08-04,Primary,candidate,Justice Position #07,Supreme Court,Karim A. Merchant,,,,https://voter.votewa.gov/elections/voterguide.ashx?e=898&la=en&c=34&p=
WA,Snohomish,ocd-division/country:us/state:wa/county:snohomish,2026-08-04,Primary,candidate,Justice Position #07,Supreme Court,Todd A. Bloom,,,,https://voter.votewa.gov/elections/voterguide.ashx?e=898&la=en&c=34&p=
WA,Snohomish,ocd-division/country:us/state:wa/county:snohomish,2026-08-04,Primary,candidate,Precinct Committee Officer - Democratic,Mountlake Terrace  9,Daniel Dilling,,,,https://voter.votewa.gov/elections/voterguide.ashx?e=898&la=en&c=34&p=
WA,Snohomish,ocd-division/country:us/state:wa/county:snohomish,2026-08-04,Primary,candidate,Precinct Committee Officer - Democratic,Mountlake Terrace  9,George Stanton,,,,https://voter.votewa.gov/elections/voterguide.ashx?e=898&la=en&c=34&p=
WA,Snohomish,ocd-division/country:us/state:wa/county:snohomish,2026-08-04,Primary,candidate,Precinct Committee Officer - Democratic,Lynnwood 13,Marylou Eckart,,,,https://voter.votewa.gov/elections/voterguide.ashx?e=898&la=en&c=34&p=
WA,Snohomish,ocd-division/country:us/state:wa/county:snohomish,2026-08-04,Primary,candidate,Precinct Committee Officer - Democratic,Lynnwood 13,Mike Eckart,,,,https://voter.votewa.gov/elections/voterguide.ashx?e=898&la=en&c=34&p=
WA,Snohomish,ocd-division/country:us/state:wa/county:snohomish,2026-08-04,Primary,candidate,Precinct Committee Officer - Democratic,Lynnwood 17,Bryce Carl Owings,,,,https://voter.votewa.gov/elections/voterguide.ashx?e=898&la=en&c=34&p=
WA,Snohomish,ocd-division/country:us/state:wa/county:snohomish,2026-08-04,Primary,candidate,Precinct Committee Officer - Democratic,Lynnwood 17,Hannah Owings,,,,https://voter.votewa.gov/elections/voterguide.ashx?e=898&la=en&c=34&p=
WA,Snohomish,ocd-division/country:us/state:wa/county:snohomish,2026-08-04,Primary,candidate,Precinct Committee Officer - Democratic,Everett  35,Christopher McBride,,,,https://voter.votewa.gov/elections/voterguide.ashx?e=898&la=en&c=34&p=
WA,Snohomish,ocd-division/country:us/state:wa/county:snohomish,2026-08-04,Primary,candidate,Precinct Committee Officer - Democratic,Everett  35,Richard McManus,,,,https://voter.votewa.gov/elections/voterguide.ashx?e=898&la=en&c=34&p=
WA,Snohomish,ocd-division/country:us/state:wa/county:snohomish,2026-08-04,Primary,candidate,Precinct Committee Officer - Democratic,Edmonds 52,Rob Gariepy,,,,https://voter.votewa.gov/elections/voterguide.ashx?e=898&la=en&c=34&p=
WA,Snohomish,ocd-division/country:us/state:wa/county:snohomish,2026-08-04,Primary,candidate,Precinct Committee Officer - Democratic,Edmonds 52,Will Chen,,,,https://voter.votewa.gov/elections/voterguide.ashx?e=898&la=en&c=34&p=
WA,Snohomish,ocd-division/country:us/state:wa/county:snohomish,2026-08-04,Primary,candidate,Precinct Committee Officer - Democratic,Everett  80,Derek Held,,,,https://voter.votewa.gov/elections/voterguide.ashx?e=898&la=en&c=34&p=
WA,Snohomish,ocd-division/country:us/state:wa/county:snohomish,2026-08-04,Primary,candidate,Precinct Committee Officer - Democratic,Everett  80,Paul Benz,,,,https://voter.votewa.gov/elections/voterguide.ashx?e=898&la=en&c=34&p=
WA,Snohomish,ocd-division/country:us/state:wa/county:snohomish,2026-08-04,Primary,candidate,Precinct Committee Officer - Democratic,Everett  90,Kelli Allred,,,,https://voter.votewa.gov/elections/voterguide.ashx?e=898&la=en&c=34&p=
WA,Snohomish,ocd-division/country:us/state:wa/county:snohomish,2026-08-04,Primary,candidate,Precinct Committee Officer - Democratic,Everett  90,Larry Allred,,,,https://voter.votewa.gov/elections/voterguide.ashx?e=898&la=en&c=34&p=
WA,Snohomish,ocd-division/country:us/state:wa/county:snohomish,2026-08-04,Primary,candidate,Precinct Committee Officer - Democratic,Dogwood,Christian Flynn,,,,https://voter.votewa.gov/elections/voterguide.ashx?e=898&la=en&c=34&p=
WA,Snohomish,ocd-division/country:us/state:wa/county:snohomish,2026-08-04,Primary,candidate,Precinct Committee Officer - Democratic,Dogwood,Jocelyn Smith,,,,https://voter.votewa.gov/elections/voterguide.ashx?e=898&la=en&c=34&p=
WA,Snohomish,ocd-division/country:us/state:wa/county:snohomish,2026-08-04,Primary,candidate,Precinct Committee Officer - Democratic,Kingman,China Subba Rao Malisetti,,,,https://voter.votewa.gov/elections/voterguide.ashx?e=898&la=en&c=34&p=
WA,Snohomish,ocd-division/country:us/state:wa/county:snohomish,2026-08-04,Primary,candidate,Precinct Committee Officer - Democratic,Kingman,Tanya Bhandari,,,,https://voter.votewa.gov/elections/voterguide.ashx?e=898&la=en&c=34&p=
WA,Snohomish,ocd-division/country:us/state:wa/county:snohomish,2026-08-04,Primary,candidate,Precinct Committee Officer - Democratic,View,Carol Ann Foss,,,,https://voter.votewa.gov/elections/voterguide.ashx?e=898&la=en&c=34&p=
WA,Snohomish,ocd-division/country:us/state:wa/county:snohomish,2026-08-04,Primary,candidate,Precinct Committee Officer - Democratic,View,Rick Sowa,,,,https://voter.votewa.gov/elections/voterguide.ashx?e=898&la=en&c=34&p=
WA,Snohomish,ocd-division/country:us/state:wa/county:snohomish,2026-08-04,Primary,candidate,Precinct Committee Officer - Republican,Granite Falls 2,Joseph J. Cassidy,,,,https://voter.votewa.gov/elections/voterguide.ashx?e=898&la=en&c=34&p=
WA,Snohomish,ocd-division/country:us/state:wa/county:snohomish,2026-08-04,Primary,candidate,Precinct Committee Officer - Republican,Granite Falls 2,Russell S. Jacobson,,,,https://voter.votewa.gov/elections/voterguide.ashx?e=898&la=en&c=34&p=
WA,Snohomish,ocd-division/country:us/state:wa/county:snohomish,2026-08-04,Primary,candidate,Precinct Committee Officer - Republican,Lake Stevens  6,Alexander C. Schaller,,,,https://voter.votewa.gov/elections/voterguide.ashx?e=898&la=en&c=34&p=
WA,Snohomish,ocd-division/country:us/state:wa/county:snohomish,2026-08-04,Primary,candidate,Precinct Committee Officer - Republican,Lake Stevens  6,Elizabeth Malan,,,,https://voter.votewa.gov/elections/voterguide.ashx?e=898&la=en&c=34&p=
WA,Snohomish,ocd-division/country:us/state:wa/county:snohomish,2026-08-04,Primary,candidate,Precinct Committee Officer - Republican,Everett  11,Dave Mitchell,,,,https://voter.votewa.gov/elections/voterguide.ashx?e=898&la=en&c=34&p=
WA,Snohomish,ocd-division/country:us/state:wa/county:snohomish,2026-08-04,Primary,candidate,Precinct Committee Officer - Republican,Everett  11,Kathleen Fitzpatrick,,,,https://voter.votewa.gov/elections/voterguide.ashx?e=898&la=en&c=34&p=
WA,Snohomish,ocd-division/country:us/state:wa/county:snohomish,2026-08-04,Primary,candidate,Prosecuting Attorney,County,Jason Cummings,Democratic Party,,,https://voter.votewa.gov/elections/voterguide.ashx?e=898&la=en&c=34&p=
WA,Snohomish,ocd-division/country:us/state:wa/sldl:1,2026-08-04,Primary,candidate,State Representative Pos. 1,Legislative District 1,Davina Duerr,Democratic Party,,,https://voter.votewa.gov/elections/voterguide.ashx?e=898&la=en&c=34&p=
WA,Snohomish,ocd-division/country:us/state:wa/sldl:1,2026-08-04,Primary,candidate,State Representative Pos. 1,Legislative District 1,Maggie Wang,Republican Party,,,https://voter.votewa.gov/elections/voterguide.ashx?e=898&la=en&c=34&p=
WA,Snohomish,ocd-division/country:us/state:wa/sldl:10,2026-08-04,Primary,candidate,State Representative Pos. 1,Legislative District 10,Clyde Shavers,Democratic Party,,,https://voter.votewa.gov/elections/voterguide.ashx?e=898&la=en&c=34&p=
WA,Snohomish,ocd-division/country:us/state:wa/sldl:10,2026-08-04,Primary,candidate,State Representative Pos. 1,Legislative District 10,Robert (Chili) Hicks,Republican Party,,,https://voter.votewa.gov/elections/voterguide.ashx?e=898&la=en&c=34&p=
WA,Snohomish,ocd-division/country:us/state:wa/sldl:12,2026-08-04,Primary,candidate,State Representative Pos. 1,Legislative District 12,Brian Burnett,Republican Party,,,https://voter.votewa.gov/elections/voterguide.ashx?e=898&la=en&c=34&p=
WA,Snohomish,ocd-division/country:us/state:wa/sldl:12,2026-08-04,Primary,candidate,State Representative Pos. 1,Legislative District 12,Stacy Willoughby,Democratic Party,,,https://voter.votewa.gov/elections/voterguide.ashx?e=898&la=en&c=34&p=
WA,Snohomish,ocd-division/country:us/state:wa/sldl:21,2026-08-04,Primary,candidate,State Representative Pos. 1,Legislative District 21,Jason Moon,Democratic Party,,,https://voter.votewa.gov/elections/voterguide.ashx?e=898&la=en&c=34&p=
WA,Snohomish,ocd-division/country:us/state:wa/sldl:21,2026-08-04,Primary,candidate,State Representative Pos. 1,Legislative District 21,Strom Peterson,Democratic Party,,,https://voter.votewa.gov/elections/voterguide.ashx?e=898&la=en&c=34&p=
WA,Snohomish,ocd-division/country:us/state:wa/sldl:32,2026-08-04,Primary,candidate,State Representative Pos. 1,Legislative District 32,Chris Bloomquist,Democratic Party,,,https://voter.votewa.gov/elections/voterguide.ashx?e=898&la=en&c=34&p=
WA,Snohomish,ocd-division/country:us/state:wa/sldl:32,2026-08-04,Primary,candidate,State Representative Pos. 1,Legislative District 32,Danica Noble,Democratic Party,,,https://voter.votewa.gov/elections/voterguide.ashx?e=898&la=en&c=34&p=
WA,Snohomish,ocd-division/country:us/state:wa/sldl:32,2026-08-04,Primary,candidate,State Representative Pos. 1,Legislative District 32,Jenna Nand,Democratic Party,,,https://voter.votewa.gov/elections/voterguide.ashx?e=898&la=en&c=34&p=
WA,Snohomish,ocd-division/country:us/state:wa/sldl:32,2026-08-04,Primary,candidate,State Representative Pos. 1,Legislative District 32,Keith Scully,Democratic Party,,,https://voter.votewa.gov/elections/voterguide.ashx?e=898&la=en&c=34&p=
WA,Snohomish,ocd-division/country:us/state:wa/sldl:32,2026-08-04,Primary,candidate,State Representative Pos. 1,Legislative District 32,Lisa Rezac,Republican Party,,,https://voter.votewa.gov/elections/voterguide.ashx?e=898&la=en&c=34&p=
WA,Snohomish,ocd-division/country:us/state:wa/sldl:32,2026-08-04,Primary,candidate,State Representative Pos. 1,Legislative District 32,Will Chen,Democratic Party,,,https://voter.votewa.gov/elections/voterguide.ashx?e=898&la=en&c=34&p=
WA,Snohomish,ocd-division/country:us/state:wa/sldl:38,2026-08-04,Primary,candidate,State Representative Pos. 1,Legislative District 38,Annie Fitzgerald,Democratic Party,,,https://voter.votewa.gov/elections/voterguide.ashx?e=898&la=en&c=34&p=
WA,Snohomish,ocd-division/country:us/state:wa/sldl:38,2026-08-04,Primary,candidate,State Representative Pos. 1,Legislative District 38,Julio Cortes,Democratic Party,,,https://voter.votewa.gov/elections/voterguide.ashx?e=898&la=en&c=34&p=
WA,Snohomish,ocd-division/country:us/state:wa/sldl:38,2026-08-04,Primary,candidate,State Representative Pos. 1,Legislative District 38,Thomas (Jeff) Kelly,Cascade Party,,,https://voter.votewa.gov/elections/voterguide.ashx?e=898&la=en&c=34&p=
WA,Snohomish,ocd-division/country:us/state:wa/sldl:39,2026-08-04,Primary,candidate,State Representative Pos. 1,Legislative District 39,Dusty Wisniew,Republican Party,,,https://voter.votewa.gov/elections/voterguide.ashx?e=898&la=en&c=34&p=
WA,Snohomish,ocd-division/country:us/state:wa/sldl:39,2026-08-04,Primary,candidate,State Representative Pos. 1,Legislative District 39,Kathryn Lewandowsky,Democratic Party,,,https://voter.votewa.gov/elections/voterguide.ashx?e=898&la=en&c=34&p=
WA,Snohomish,ocd-division/country:us/state:wa/sldl:39,2026-08-04,Primary,candidate,State Representative Pos. 1,Legislative District 39,Sam Low,Republican Party,,,https://voter.votewa.gov/elections/voterguide.ashx?e=898&la=en&c=34&p=
WA,Snohomish,ocd-division/country:us/state:wa/sldl:44,2026-08-04,Primary,candidate,State Representative Pos. 1,Legislative District 44,Brandy Donaghy,Democratic Party,,,https://voter.votewa.gov/elections/voterguide.ashx?e=898&la=en&c=34&p=
WA,Snohomish,ocd-division/country:us/state:wa/sldl:44,2026-08-04,Primary,candidate,State Representative Pos. 1,Legislative District 44,Chris Elder,Republican Party,,,https://voter.votewa.gov/elections/voterguide.ashx?e=898&la=en&c=34&p=
WA,Snohomish,ocd-division/country:us/state:wa/sldl:1,2026-08-04,Primary,candidate,State Representative Pos. 2,Legislative District 1,Cliff Moon,Republican Party,,,https://voter.votewa.gov/elections/voterguide.ashx?e=898&la=en&c=34&p=
WA,Snohomish,ocd-division/country:us/state:wa/sldl:1,2026-08-04,Primary,candidate,State Representative Pos. 2,Legislative District 1,Jeff Lyon,Libertarian Party,,,https://voter.votewa.gov/elections/voterguide.ashx?e=898&la=en&c=34&p=
WA,Snohomish,ocd-division/country:us/state:wa/sldl:1,2026-08-04,Primary,candidate,State Representative Pos. 2,Legislative District 1,Jenne Alderks,Democratic Party,,,https://voter.votewa.gov/elections/voterguide.ashx?e=898&la=en&c=34&p=
WA,Snohomish,ocd-division/country:us/state:wa/sldl:1,2026-08-04,Primary,candidate,State Representative Pos. 2,Legislative District 1,Shelley Kloba,Democratic Party,,,https://voter.votewa.gov/elections/voterguide.ashx?e=898&la=en&c=34&p=
WA,Snohomish,ocd-division/country:us/state:wa/sldl:10,2026-08-04,Primary,candidate,State Representative Pos. 2,Legislative District 10,Carrie R. Kennedy,Republican Party,,,https://voter.votewa.gov/elections/voterguide.ashx?e=898&la=en&c=34&p=
WA,Snohomish,ocd-division/country:us/state:wa/sldl:10,2026-08-04,Primary,candidate,State Representative Pos. 2,Legislative District 10,Dave Paul,Democratic Party,,,https://voter.votewa.gov/elections/voterguide.ashx?e=898&la=en&c=34&p=
WA,Snohomish,ocd-division/country:us/state:wa/sldl:10,2026-08-04,Primary,candidate,State Representative Pos. 2,Legislative District 10,Tim Hazelo,Republican Party,,,https://voter.votewa.gov/elections/voterguide.ashx?e=898&la=en&c=34&p=
WA,Snohomish,ocd-division/country:us/state:wa/sldl:12,2026-08-04,Primary,candidate,State Representative Pos. 2,Legislative District 12,Adam James,Republican Party,,,https://voter.votewa.gov/elections/voterguide.ashx?e=898&la=en&c=34&p=
WA,Snohomish,ocd-division/country:us/state:wa/sldl:12,2026-08-04,Primary,candidate,State Representative Pos. 2,Legislative District 12,Maggie Adams,Democratic Party,,,https://voter.votewa.gov/elections/voterguide.ashx?e=898&la=en&c=34&p=
WA,Snohomish,ocd-division/country:us/state:wa/sldl:12,2026-08-04,Primary,candidate,State Representative Pos. 2,Legislative District 12,Mike Steele,Republican Party,,,https://voter.votewa.gov/elections/voterguide.ashx?e=898&la=en&c=34&p=
WA,Snohomish,ocd-division/country:us/state:wa/sldl:21,2026-08-04,Primary,candidate,State Representative Pos. 2,Legislative District 21,Bruce Guthrie,Libertarian Party,,,https://voter.votewa.gov/elections/voterguide.ashx?e=898&la=en&c=34&p=
WA,Snohomish,ocd-division/country:us/state:wa/sldl:21,2026-08-04,Primary,candidate,State Representative Pos. 2,Legislative District 21,Lillian Ortiz-Self,Democratic Party,,,https://voter.votewa.gov/elections/voterguide.ashx?e=898&la=en&c=34&p=
WA,Snohomish,ocd-division/country:us/state:wa/sldl:32,2026-08-04,Primary,candidate,State Representative Pos. 2,Legislative District 32,Imraan Siddiqi,Democratic Party,,,https://voter.votewa.gov/elections/voterguide.ashx?e=898&la=en&c=34&p=
WA,Snohomish,ocd-division/country:us/state:wa/sldl:32,2026-08-04,Primary,candidate,State Representative Pos. 2,Legislative District 32,Lauren Davis,Democratic Party,,,https://voter.votewa.gov/elections/voterguide.ashx?e=898&la=en&c=34&p=
WA,Snohomish,ocd-division/country:us/state:wa/sldl:38,2026-08-04,Primary,candidate,State Representative Pos. 2,Legislative District 38,Mary Fosse,Democratic Party,,,https://voter.votewa.gov/elections/voterguide.ashx?e=898&la=en&c=34&p=
WA,Snohomish,ocd-division/country:us/state:wa/sldl:39,2026-08-04,Primary,candidate,State Representative Pos. 2,Legislative District 39,Ida Keeley,Democratic Party,,,https://voter.votewa.gov/elections/voterguide.ashx?e=898&la=en&c=34&p=
WA,Snohomish,ocd-division/country:us/state:wa/sldl:39,2026-08-04,Primary,candidate,State Representative Pos. 2,Legislative District 39,Lacey Sauvageau,Republican Party,,,https://voter.votewa.gov/elections/voterguide.ashx?e=898&la=en&c=34&p=
WA,Snohomish,ocd-division/country:us/state:wa/sldl:39,2026-08-04,Primary,candidate,State Representative Pos. 2,Legislative District 39,Robert J Sutherland,Republican Party,,,https://voter.votewa.gov/elections/voterguide.ashx?e=898&la=en&c=34&p=
WA,Snohomish,ocd-division/country:us/state:wa/sldl:39,2026-08-04,Primary,candidate,State Representative Pos. 2,Legislative District 39,Steve Ewing,Republican Party,,,https://voter.votewa.gov/elections/voterguide.ashx?e=898&la=en&c=34&p=
WA,Snohomish,ocd-division/country:us/state:wa/sldl:44,2026-08-04,Primary,candidate,State Representative Pos. 2,Legislative District 44,April Berg,Democratic Party,,,https://voter.votewa.gov/elections/voterguide.ashx?e=898&la=en&c=34&p=
WA,Snohomish,ocd-division/country:us/state:wa/sldl:44,2026-08-04,Primary,candidate,State Representative Pos. 2,Legislative District 44,Tonya Stadlman,Republican Party,,,https://voter.votewa.gov/elections/voterguide.ashx?e=898&la=en&c=34&p=
WA,Snohomish,ocd-division/country:us/state:wa/sldu:21,2026-08-04,Primary,candidate,State Senator,Legislative District 21,Marko Liias,Democratic Party,,,https://voter.votewa.gov/elections/voterguide.ashx?e=898&la=en&c=34&p=
WA,Snohomish,ocd-division/country:us/state:wa/sldu:21,2026-08-04,Primary,candidate,State Senator,Legislative District 21,Riaz Khan,Republican Party,,,https://voter.votewa.gov/elections/voterguide.ashx?e=898&la=en&c=34&p=
WA,Snohomish,ocd-division/country:us/state:wa/sldu:32,2026-08-04,Primary,candidate,State Senator,Legislative District 32,Cindy Ryu,Democratic Party,,,https://voter.votewa.gov/elections/voterguide.ashx?e=898&la=en&c=34&p=
WA,Snohomish,ocd-division/country:us/state:wa/sldu:32,2026-08-04,Primary,candidate,State Senator,Legislative District 32,Ira McBee,Republican Party,,,https://voter.votewa.gov/elections/voterguide.ashx?e=898&la=en&c=34&p=
WA,Snohomish,ocd-division/country:us/state:wa/sldu:32,2026-08-04,Primary,candidate,State Senator,Legislative District 32,Jesse Salomon,Democratic Party,,,https://voter.votewa.gov/elections/voterguide.ashx?e=898&la=en&c=34&p=
WA,Snohomish,ocd-division/country:us/state:wa/sldu:38,2026-08-04,Primary,candidate,State Senator,Legislative District 38,Brad Bender,Republican Party,,,https://voter.votewa.gov/elections/voterguide.ashx?e=898&la=en&c=34&p=
WA,Snohomish,ocd-division/country:us/state:wa/sldu:38,2026-08-04,Primary,candidate,State Senator,Legislative District 38,June Robinson,Democratic Party,,,https://voter.votewa.gov/elections/voterguide.ashx?e=898&la=en&c=34&p=
WA,Snohomish,ocd-division/country:us/state:wa/sldu:44,2026-08-04,Primary,candidate,State Senator,Legislative District 44,John Lovick,Democratic Party,,,https://voter.votewa.gov/elections/voterguide.ashx?e=898&la=en&c=34&p=
WA,Snohomish,ocd-division/country:us/state:wa/sldu:44,2026-08-04,Primary,candidate,State Senator,Legislative District 44,Sherri Larkin,Republican Party,,,https://voter.votewa.gov/elections/voterguide.ashx?e=898&la=en&c=34&p=
WA,Snohomish,ocd-division/country:us/state:wa/cd:1,2026-08-04,Primary,candidate,U.S. Representative,Congressional District 1,Benjamin Kincaid,Democratic Party,,,https://voter.votewa.gov/elections/voterguide.ashx?e=898&la=en&c=34&p=
WA,Snohomish,ocd-division/country:us/state:wa/cd:1,2026-08-04,Primary,candidate,U.S. Representative,Congressional District 1,Bryce Nickel,Democratic Party,,,https://voter.votewa.gov/elections/voterguide.ashx?e=898&la=en&c=34&p=
WA,Snohomish,ocd-division/country:us/state:wa/cd:1,2026-08-04,Primary,candidate,U.S. Representative,Congressional District 1,Catherine Hildebrand,Democratic Party,,,https://voter.votewa.gov/elections/voterguide.ashx?e=898&la=en&c=34&p=
WA,Snohomish,ocd-division/country:us/state:wa/cd:1,2026-08-04,Primary,candidate,U.S. Representative,Congressional District 1,Hunter Gordon,Democratic Party,,,https://voter.votewa.gov/elections/voterguide.ashx?e=898&la=en&c=34&p=
WA,Snohomish,ocd-division/country:us/state:wa/cd:1,2026-08-04,Primary,candidate,U.S. Representative,Congressional District 1,James Etzkorn,Independent Party,,,https://voter.votewa.gov/elections/voterguide.ashx?e=898&la=en&c=34&p=
WA,Snohomish,ocd-division/country:us/state:wa/cd:1,2026-08-04,Primary,candidate,U.S. Representative,Congressional District 1,Mary Silva,Republican Party,,,https://voter.votewa.gov/elections/voterguide.ashx?e=898&la=en&c=34&p=
WA,Snohomish,ocd-division/country:us/state:wa/cd:1,2026-08-04,Primary,candidate,U.S. Representative,Congressional District 1,Suzan DelBene,Democratic Party,,,https://voter.votewa.gov/elections/voterguide.ashx?e=898&la=en&c=34&p=
WA,Snohomish,ocd-division/country:us/state:wa/cd:2,2026-08-04,Primary,candidate,U.S. Representative,Congressional District 2,Devin Hermanson,Democratic Party,,,https://voter.votewa.gov/elections/voterguide.ashx?e=898&la=en&c=34&p=
WA,Snohomish,ocd-division/country:us/state:wa/cd:2,2026-08-04,Primary,candidate,U.S. Representative,Congressional District 2,Edwin H. Feller,Republican Party,,,https://voter.votewa.gov/elections/voterguide.ashx?e=898&la=en&c=34&p=
WA,Snohomish,ocd-division/country:us/state:wa/cd:2,2026-08-04,Primary,candidate,U.S. Representative,Congressional District 2,Rick Larsen,Democratic Party,,,https://voter.votewa.gov/elections/voterguide.ashx?e=898&la=en&c=34&p=
WA,Snohomish,ocd-division/country:us/state:wa/cd:2,2026-08-04,Primary,candidate,U.S. Representative,Congressional District 2,Tomas Scheel,Democratic Party,,,https://voter.votewa.gov/elections/voterguide.ashx?e=898&la=en&c=34&p=
WA,Snohomish,ocd-division/country:us/state:wa/cd:8,2026-08-04,Primary,candidate,U.S. Representative,Congressional District 8,Andres Valleza,Republican Party,,,https://voter.votewa.gov/elections/voterguide.ashx?e=898&la=en&c=34&p=
WA,Snohomish,ocd-division/country:us/state:wa/cd:8,2026-08-04,Primary,candidate,U.S. Representative,Congressional District 8,Bob Hagglund,Republican Party,,,https://voter.votewa.gov/elections/voterguide.ashx?e=898&la=en&c=34&p=
WA,Snohomish,ocd-division/country:us/state:wa/cd:8,2026-08-04,Primary,candidate,U.S. Representative,Congressional District 8,Keith Arnold,Democratic Party,,,https://voter.votewa.gov/elections/voterguide.ashx?e=898&la=en&c=34&p=
WA,Snohomish,ocd-division/country:us/state:wa/cd:8,2026-08-04,Primary,candidate,U.S. Representative,Congressional District 8,Kim Schrier,Democratic Party,,,https://voter.votewa.gov/elections/voterguide.ashx?e=898&la=en&c=34&p=
WA,Snohomish,ocd-division/country:us/state:wa/cd:8,2026-08-04,Primary,candidate,U.S. Representative,Congressional District 8,Spencer Meline,Republican Party,,,https://voter.votewa.gov/elections/voterguide.ashx?e=898&la=en&c=34&p=
WA,Snohomish,ocd-division/country:us/state:wa/cd:8,2026-08-04,Primary,candidate,U.S. Representative,Congressional District 8,Trinh Ha,Republican Party,,,https://voter.votewa.gov/elections/voterguide.ashx?e=898&la=en&c=34&p=
WA,Snohomish,ocd-division/country:us/state:wa/county:snohomish,2026-08-04,Primary,measure,,,,,7175,CITY OF EVERETT - Proposition No. 1,https://voter.votewa.gov/elections/voterguide.ashx?e=898&la=en&c=34&p=
WA,Snohomish,ocd-division/country:us/state:wa/county:snohomish,2026-08-04,Primary,measure,,,,,7176,DARRINGTON SCHOOL DISTRICT NO. 330 - Proposition No. 1,https://voter.votewa.gov/elections/voterguide.ashx?e=898&la=en&c=34&p=
WA,Snohomish,ocd-division/country:us/state:wa/county:snohomish,2026-08-04,Primary,measure,,,,,7177,FIRE DISTRICT 15 - Proposition No. 1,https://voter.votewa.gov/elections/voterguide.ashx?e=898&la=en&c=34&p=
WA,Snohomish,ocd-division/country:us/state:wa/county:snohomish,2026-08-04,Primary,measure,,,,,7178,FIRE DISTRICT 19 - Proposition No. 1,https://voter.votewa.gov/elections/voterguide.ashx?e=898&la=en&c=34&p=
WA,Snohomish,ocd-division/country:us/state:wa/county:snohomish,2026-08-04,Primary,measure,,,,,7179,SNOHOMISH REGIONAL FIRE & RESCUE - Proposition No. 1,https://voter.votewa.gov/elections/voterguide.ashx?e=898&la=en&c=34&p=
WA,Snohomish,ocd-division/country:us/state:wa/county:snohomish,2026-08-04,Primary,measure,,,,,7180,HOSPITAL DISTRICT 1 - Proposition No. 1,https://voter.votewa.gov/elections/voterguide.ashx?e=898&la=en&c=34&p=
WA,Snohomish,ocd-division/country:us/state:wa/county:snohomish,2026-08-04,Primary,measure,,,,,7181,SNO - ISLE LIBRARY DISTRICT - Proposition No. 1,https://voter.votewa.gov/elections/voterguide.ashx?e=898&la=en&c=34&p=
WA,Snohomish,ocd-division/country:us/state:wa/county:snohomish,2026-08-04,Primary,measure,,,,,7185,CITY OF STANWOOD - Proposition No. 1,https://voter.votewa.gov/elections/voterguide.ashx?e=898&la=en&c=34&p=
WA,Spokane,ocd-division/country:us/state:wa/county:spokane,2026-08-04,Primary,candidate,Assessor,County,Tom Konis,Republican Party,,,https://voter.votewa.gov/elections/voterguide.ashx?e=898&la=en&c=32&p=
WA,Spokane,ocd-division/country:us/state:wa/county:spokane,2026-08-04,Primary,candidate,Auditor,County,Callie Gee,Democratic Party,,,https://voter.votewa.gov/elections/voterguide.ashx?e=898&la=en&c=32&p=
WA,Spokane,ocd-division/country:us/state:wa/county:spokane,2026-08-04,Primary,candidate,Auditor,County,Dale Whitaker,REPUBLICAN Party,,,https://voter.votewa.gov/elections/voterguide.ashx?e=898&la=en&c=32&p=
WA,Spokane,ocd-division/country:us/state:wa/county:spokane,2026-08-04,Primary,candidate,Auditor,County,Michael Cathcart,Republican Party,,,https://voter.votewa.gov/elections/voterguide.ashx?e=898&la=en&c=32&p=
WA,Spokane,ocd-division/country:us/state:wa/county:spokane,2026-08-04,Primary,candidate,Clerk,County,Dave Lucas,Republican Party,,,https://voter.votewa.gov/elections/voterguide.ashx?e=898&la=en&c=32&p=
WA,Spokane,ocd-division/country:us/state:wa/county:spokane,2026-08-04,Primary,candidate,Clerk,County,Elliot Robison,Democratic Party,,,https://voter.votewa.gov/elections/voterguide.ashx?e=898&la=en&c=32&p=
WA,Spokane,ocd-division/country:us/state:wa/county:spokane,2026-08-04,Primary,candidate,Commissioner District 2,County Commissioner District No. 2,Amber Waldref,Democratic Party,,,https://voter.votewa.gov/elections/voterguide.ashx?e=898&la=en&c=32&p=
WA,Spokane,ocd-division/country:us/state:wa/county:spokane,2026-08-04,Primary,candidate,Commissioner District 4,County Commissioner District No. 4,Suzanne Schmidt,Republican Party,,,https://voter.votewa.gov/elections/voterguide.ashx?e=898&la=en&c=32&p=
WA,Spokane,ocd-division/country:us/state:wa/county:spokane,2026-08-04,Primary,candidate,Justice Position #01,Supreme Court,Colleen Melody,,,,https://voter.votewa.gov/elections/voterguide.ashx?e=898&la=en&c=32&p=
WA,Spokane,ocd-division/country:us/state:wa/county:spokane,2026-08-04,Primary,candidate,Justice Position #01,Supreme Court,Laura Christensen Colberg,,,,https://voter.votewa.gov/elections/voterguide.ashx?e=898&la=en&c=32&p=
WA,Spokane,ocd-division/country:us/state:wa/county:spokane,2026-08-04,Primary,candidate,Justice Position #01,Supreme Court,Scott Edwards,,,,https://voter.votewa.gov/elections/voterguide.ashx?e=898&la=en&c=32&p=
WA,Spokane,ocd-division/country:us/state:wa/county:spokane,2026-08-04,Primary,candidate,Justice Position #03,Supreme Court,David Stevens,,,,https://voter.votewa.gov/elections/voterguide.ashx?e=898&la=en&c=32&p=
WA,Spokane,ocd-division/country:us/state:wa/county:spokane,2026-08-04,Primary,candidate,Justice Position #03,Supreme Court,Jaime Michelle Hawk,,,,https://voter.votewa.gov/elections/voterguide.ashx?e=898&la=en&c=32&p=
WA,Spokane,ocd-division/country:us/state:wa/county:spokane,2026-08-04,Primary,candidate,Justice Position #03,Supreme Court,Mike Diaz,,,,https://voter.votewa.gov/elections/voterguide.ashx?e=898&la=en&c=32&p=
WA,Spokane,ocd-division/country:us/state:wa/county:spokane,2026-08-04,Primary,candidate,Justice Position #05,Supreme Court,Dave Larson,,,,https://voter.votewa.gov/elections/voterguide.ashx?e=898&la=en&c=32&p=
WA,Spokane,ocd-division/country:us/state:wa/county:spokane,2026-08-04,Primary,candidate,Justice Position #05,Supreme Court,Greg Miller,,,,https://voter.votewa.gov/elections/voterguide.ashx?e=898&la=en&c=32&p=
WA,Spokane,ocd-division/country:us/state:wa/county:spokane,2026-08-04,Primary,candidate,Justice Position #05,Supreme Court,Sharonda Amamilo,,,,https://voter.votewa.gov/elections/voterguide.ashx?e=898&la=en&c=32&p=
WA,Spokane,ocd-division/country:us/state:wa/county:spokane,2026-08-04,Primary,candidate,Justice Position #05,Supreme Court,Theo Angelis,,,,https://voter.votewa.gov/elections/voterguide.ashx?e=898&la=en&c=32&p=
WA,Spokane,ocd-division/country:us/state:wa/county:spokane,2026-08-04,Primary,candidate,Justice Position #07,Supreme Court,David R Shelvey,,,,https://voter.votewa.gov/elections/voterguide.ashx?e=898&la=en&c=32&p=
WA,Spokane,ocd-division/country:us/state:wa/county:spokane,2026-08-04,Primary,candidate,Justice Position #07,Supreme Court,Debra L. Stephens,,,,https://voter.votewa.gov/elections/voterguide.ashx?e=898&la=en&c=32&p=
WA,Spokane,ocd-division/country:us/state:wa/county:spokane,2026-08-04,Primary,candidate,Justice Position #07,Supreme Court,Karim A. Merchant,,,,https://voter.votewa.gov/elections/voterguide.ashx?e=898&la=en&c=32&p=
WA,Spokane,ocd-division/country:us/state:wa/county:spokane,2026-08-04,Primary,candidate,Justice Position #07,Supreme Court,Todd A. Bloom,,,,https://voter.votewa.gov/elections/voterguide.ashx?e=898&la=en&c=32&p=
WA,Spokane,ocd-division/country:us/state:wa/county:spokane,2026-08-04,Primary,candidate,Precinct Committee Officer - Democratic,3212,Bryce Regian,,,,https://voter.votewa.gov/elections/voterguide.ashx?e=898&la=en&c=32&p=
WA,Spokane,ocd-division/country:us/state:wa/county:spokane,2026-08-04,Primary,candidate,Precinct Committee Officer - Democratic,3212,Renee M Cebula,,,,https://voter.votewa.gov/elections/voterguide.ashx?e=898&la=en&c=32&p=
WA,Spokane,ocd-division/country:us/state:wa/county:spokane,2026-08-04,Primary,candidate,Precinct Committee Officer - Democratic,3214,Lindsey Kornowske,,,,https://voter.votewa.gov/elections/voterguide.ashx?e=898&la=en&c=32&p=
WA,Spokane,ocd-division/country:us/state:wa/county:spokane,2026-08-04,Primary,candidate,Precinct Committee Officer - Democratic,3214,Rick Galloway,,,,https://voter.votewa.gov/elections/voterguide.ashx?e=898&la=en&c=32&p=
WA,Spokane,ocd-division/country:us/state:wa/county:spokane,2026-08-04,Primary,candidate,Precinct Committee Officer - Democratic,3216,Donovan Arnold DeLeon,,,,https://voter.votewa.gov/elections/voterguide.ashx?e=898&la=en&c=32&p=
WA,Spokane,ocd-division/country:us/state:wa/county:spokane,2026-08-04,Primary,candidate,Precinct Committee Officer - Democratic,3216,Riley Brooks Smith,,,,https://voter.votewa.gov/elections/voterguide.ashx?e=898&la=en&c=32&p=
WA,Spokane,ocd-division/country:us/state:wa/county:spokane,2026-08-04,Primary,candidate,Precinct Committee Officer - Democratic,3228,Naghmana Sherazi,,,,https://voter.votewa.gov/elections/voterguide.ashx?e=898&la=en&c=32&p=
WA,Spokane,ocd-division/country:us/state:wa/county:spokane,2026-08-04,Primary,candidate,Precinct Committee Officer - Democratic,3228,Schade Jameson-David Maghan,,,,https://voter.votewa.gov/elections/voterguide.ashx?e=898&la=en&c=32&p=
WA,Spokane,ocd-division/country:us/state:wa/county:spokane,2026-08-04,Primary,candidate,Precinct Committee Officer - Democratic,3338,Caleb McDougall,,,,https://voter.votewa.gov/elections/voterguide.ashx?e=898&la=en&c=32&p=
WA,Spokane,ocd-division/country:us/state:wa/county:spokane,2026-08-04,Primary,candidate,Precinct Committee Officer - Democratic,3338,Jackson Deese,,,,https://voter.votewa.gov/elections/voterguide.ashx?e=898&la=en&c=32&p=
WA,Spokane,ocd-division/country:us/state:wa/county:spokane,2026-08-04,Primary,candidate,Precinct Committee Officer - Democratic,6100,Donna Jean White,,,,https://voter.votewa.gov/elections/voterguide.ashx?e=898&la=en&c=32&p=
WA,Spokane,ocd-division/country:us/state:wa/county:spokane,2026-08-04,Primary,candidate,Precinct Committee Officer - Democratic,6100,Drew Laney,,,,https://voter.votewa.gov/elections/voterguide.ashx?e=898&la=en&c=32&p=
WA,Spokane,ocd-division/country:us/state:wa/county:spokane,2026-08-04,Primary,candidate,Precinct Committee Officer - Democratic,6306,Steve Corker,,,,https://voter.votewa.gov/elections/voterguide.ashx?e=898&la=en&c=32&p=
WA,Spokane,ocd-division/country:us/state:wa/county:spokane,2026-08-04,Primary,candidate,Precinct Committee Officer - Democratic,6306,Veronica English,,,,https://voter.votewa.gov/elections/voterguide.ashx?e=898&la=en&c=32&p=
WA,Spokane,ocd-division/country:us/state:wa/county:spokane,2026-08-04,Primary,candidate,Precinct Committee Officer - Republican,3109,Patricia Kienholz,,,,https://voter.votewa.gov/elections/voterguide.ashx?e=898&la=en&c=32&p=
WA,Spokane,ocd-division/country:us/state:wa/county:spokane,2026-08-04,Primary,candidate,Precinct Committee Officer - Republican,3109,William Hulings,,,,https://voter.votewa.gov/elections/voterguide.ashx?e=898&la=en&c=32&p=
WA,Spokane,ocd-division/country:us/state:wa/county:spokane,2026-08-04,Primary,candidate,Precinct Committee Officer - Republican,3205,Emily McFarland,,,,https://voter.votewa.gov/elections/voterguide.ashx?e=898&la=en&c=32&p=
WA,Spokane,ocd-division/country:us/state:wa/county:spokane,2026-08-04,Primary,candidate,Precinct Committee Officer - Republican,3205,Keri A Munholand,,,,https://voter.votewa.gov/elections/voterguide.ashx?e=898&la=en&c=32&p=
WA,Spokane,ocd-division/country:us/state:wa/county:spokane,2026-08-04,Primary,candidate,Precinct Committee Officer - Republican,3212,Keith Slater,,,,https://voter.votewa.gov/elections/voterguide.ashx?e=898&la=en&c=32&p=
WA,Spokane,ocd-division/country:us/state:wa/county:spokane,2026-08-04,Primary,candidate,Precinct Committee Officer - Republican,3212,Stephanie Orr,,,,https://voter.votewa.gov/elections/voterguide.ashx?e=898&la=en&c=32&p=
WA,Spokane,ocd-division/country:us/state:wa/county:spokane,2026-08-04,Primary,candidate,Precinct Committee Officer - Republican,3221,Daniel Zapotocky,,,,https://voter.votewa.gov/elections/voterguide.ashx?e=898&la=en&c=32&p=
WA,Spokane,ocd-division/country:us/state:wa/county:spokane,2026-08-04,Primary,candidate,Precinct Committee Officer - Republican,3221,Kathryn M. Morris,,,,https://voter.votewa.gov/elections/voterguide.ashx?e=898&la=en&c=32&p=
WA,Spokane,ocd-division/country:us/state:wa/county:spokane,2026-08-04,Primary,candidate,Precinct Committee Officer - Republican,3234,Joe Hollenback,,,,https://voter.votewa.gov/elections/voterguide.ashx?e=898&la=en&c=32&p=
WA,Spokane,ocd-division/country:us/state:wa/county:spokane,2026-08-04,Primary,candidate,Precinct Committee Officer - Republican,3234,Kelly C Bogan,,,,https://voter.votewa.gov/elections/voterguide.ashx?e=898&la=en&c=32&p=
WA,Spokane,ocd-division/country:us/state:wa/county:spokane,2026-08-04,Primary,candidate,Precinct Committee Officer - Republican,3243,Paul Weller,,,,https://voter.votewa.gov/elections/voterguide.ashx?e=898&la=en&c=32&p=
WA,Spokane,ocd-division/country:us/state:wa/county:spokane,2026-08-04,Primary,candidate,Precinct Committee Officer - Republican,3243,Susan Wilmoth,,,,https://voter.votewa.gov/elections/voterguide.ashx?e=898&la=en&c=32&p=
WA,Spokane,ocd-division/country:us/state:wa/county:spokane,2026-08-04,Primary,candidate,Precinct Committee Officer - Republican,3300,Justin Lundgren,,,,https://voter.votewa.gov/elections/voterguide.ashx?e=898&la=en&c=32&p=
WA,Spokane,ocd-division/country:us/state:wa/county:spokane,2026-08-04,Primary,candidate,Precinct Committee Officer - Republican,3300,Scott J McKinnie,,,,https://voter.votewa.gov/elections/voterguide.ashx?e=898&la=en&c=32&p=
WA,Spokane,ocd-division/country:us/state:wa/county:spokane,2026-08-04,Primary,candidate,Precinct Committee Officer - Republican,3305,Joshua White,,,,https://voter.votewa.gov/elections/voterguide.ashx?e=898&la=en&c=32&p=
WA,Spokane,ocd-division/country:us/state:wa/county:spokane,2026-08-04,Primary,candidate,Precinct Committee Officer - Republican,3305,Natalie Poulson,,,,https://voter.votewa.gov/elections/voterguide.ashx?e=898&la=en&c=32&p=
WA,Spokane,ocd-division/country:us/state:wa/county:spokane,2026-08-04,Primary,candidate,Precinct Committee Officer - Republican,4411,Daryl Williams,,,,https://voter.votewa.gov/elections/voterguide.ashx?e=898&la=en&c=32&p=
WA,Spokane,ocd-division/country:us/state:wa/county:spokane,2026-08-04,Primary,candidate,Precinct Committee Officer - Republican,4411,Robert (Bob) McKinley,,,,https://voter.votewa.gov/elections/voterguide.ashx?e=898&la=en&c=32&p=
WA,Spokane,ocd-division/country:us/state:wa/county:spokane,2026-08-04,Primary,candidate,Precinct Committee Officer - Republican,4425,Marian Cochrane,,,,https://voter.votewa.gov/elections/voterguide.ashx?e=898&la=en&c=32&p=
WA,Spokane,ocd-division/country:us/state:wa/county:spokane,2026-08-04,Primary,candidate,Precinct Committee Officer - Republican,4425,Rachel Briscoe,,,,https://voter.votewa.gov/elections/voterguide.ashx?e=898&la=en&c=32&p=
WA,Spokane,ocd-division/country:us/state:wa/county:spokane,2026-08-04,Primary,candidate,Precinct Committee Officer - Republican,4438,Jonathan A. Plumb,,,,https://voter.votewa.gov/elections/voterguide.ashx?e=898&la=en&c=32&p=
WA,Spokane,ocd-division/country:us/state:wa/county:spokane,2026-08-04,Primary,candidate,Precinct Committee Officer - Republican,4438,Matt Shea,,,,https://voter.votewa.gov/elections/voterguide.ashx?e=898&la=en&c=32&p=
WA,Spokane,ocd-division/country:us/state:wa/county:spokane,2026-08-04,Primary,candidate,Precinct Committee Officer - Republican,4440,Brinda DiLulo,,,,https://voter.votewa.gov/elections/voterguide.ashx?e=898&la=en&c=32&p=
WA,Spokane,ocd-division/country:us/state:wa/county:spokane,2026-08-04,Primary,candidate,Precinct Committee Officer - Republican,4440,David Miller,,,,https://voter.votewa.gov/elections/voterguide.ashx?e=898&la=en&c=32&p=
WA,Spokane,ocd-division/country:us/state:wa/county:spokane,2026-08-04,Primary,candidate,Precinct Committee Officer - Republican,4476,Craig L. Cline,,,,https://voter.votewa.gov/elections/voterguide.ashx?e=898&la=en&c=32&p=
WA,Spokane,ocd-division/country:us/state:wa/county:spokane,2026-08-04,Primary,candidate,Precinct Committee Officer - Republican,4476,Matthew Keller,,,,https://voter.votewa.gov/elections/voterguide.ashx?e=898&la=en&c=32&p=
WA,Spokane,ocd-division/country:us/state:wa/county:spokane,2026-08-04,Primary,candidate,Precinct Committee Officer - Republican,4486,Jodie Buehler,,,,https://voter.votewa.gov/elections/voterguide.ashx?e=898&la=en&c=32&p=
WA,Spokane,ocd-division/country:us/state:wa/county:spokane,2026-08-04,Primary,candidate,Precinct Committee Officer - Republican,4486,Laurel Jackson,,,,https://voter.votewa.gov/elections/voterguide.ashx?e=898&la=en&c=32&p=
WA,Spokane,ocd-division/country:us/state:wa/county:spokane,2026-08-04,Primary,candidate,Precinct Committee Officer - Republican,6129,Enrique Rico,,,,https://voter.votewa.gov/elections/voterguide.ashx?e=898&la=en&c=32&p=
WA,Spokane,ocd-division/country:us/state:wa/county:spokane,2026-08-04,Primary,candidate,Precinct Committee Officer - Republican,6129,Laura Pierce,,,,https://voter.votewa.gov/elections/voterguide.ashx?e=898&la=en&c=32&p=
WA,Spokane,ocd-division/country:us/state:wa/county:spokane,2026-08-04,Primary,candidate,Precinct Committee Officer - Republican,9004,Matthew Mastronardi,,,,https://voter.votewa.gov/elections/voterguide.ashx?e=898&la=en&c=32&p=
WA,Spokane,ocd-division/country:us/state:wa/county:spokane,2026-08-04,Primary,candidate,Precinct Committee Officer - Republican,9004,Stephen Ford,,,,https://voter.votewa.gov/elections/voterguide.ashx?e=898&la=en&c=32&p=
WA,Spokane,ocd-division/country:us/state:wa/county:spokane,2026-08-04,Primary,candidate,Precinct Committee Officer - Republican,9030,Charlotte McKinley,,,,https://voter.votewa.gov/elections/voterguide.ashx?e=898&la=en&c=32&p=
WA,Spokane,ocd-division/country:us/state:wa/county:spokane,2026-08-04,Primary,candidate,Precinct Committee Officer - Republican,9030,Dennis Reed,,,,https://voter.votewa.gov/elections/voterguide.ashx?e=898&la=en&c=32&p=
WA,Spokane,ocd-division/country:us/state:wa/county:spokane,2026-08-04,Primary,candidate,Precinct Committee Officer - Republican,9033,Jackson Dines,,,,https://voter.votewa.gov/elections/voterguide.ashx?e=898&la=en&c=32&p=
WA,Spokane,ocd-division/country:us/state:wa/county:spokane,2026-08-04,Primary,candidate,Precinct Committee Officer - Republican,9033,Matt Hawkins,,,,https://voter.votewa.gov/elections/voterguide.ashx?e=898&la=en&c=32&p=
WA,Spokane,ocd-division/country:us/state:wa/county:spokane,2026-08-04,Primary,candidate,Precinct Committee Officer - Republican,9035,Shelly Clark,,,,https://voter.votewa.gov/elections/voterguide.ashx?e=898&la=en&c=32&p=
WA,Spokane,ocd-division/country:us/state:wa/county:spokane,2026-08-04,Primary,candidate,Precinct Committee Officer - Republican,9035,Tanya Noble,,,,https://voter.votewa.gov/elections/voterguide.ashx?e=898&la=en&c=32&p=
WA,Spokane,ocd-division/country:us/state:wa/county:spokane,2026-08-04,Primary,candidate,Precinct Committee Officer - Republican,9042,Chad Orebaugh,,,,https://voter.votewa.gov/elections/voterguide.ashx?e=898&la=en&c=32&p=
WA,Spokane,ocd-division/country:us/state:wa/county:spokane,2026-08-04,Primary,candidate,Precinct Committee Officer - Republican,9042,Sue Welsh,,,,https://voter.votewa.gov/elections/voterguide.ashx?e=898&la=en&c=32&p=
WA,Spokane,ocd-division/country:us/state:wa/county:spokane,2026-08-04,Primary,candidate,Prosecuting Attorney,County,Danny Tarkenton,No Party Preference,,,https://voter.votewa.gov/elections/voterguide.ashx?e=898&la=en&c=32&p=
WA,Spokane,ocd-division/country:us/state:wa/county:spokane,2026-08-04,Primary,candidate,Prosecuting Attorney,County,Preston McCollam,Republican Party,,,https://voter.votewa.gov/elections/voterguide.ashx?e=898&la=en&c=32&p=
WA,Spokane,ocd-division/country:us/state:wa/county:spokane,2026-08-04,Primary,candidate,Sheriff,County,John F. Nowels,Republican Party,,,https://voter.votewa.gov/elections/voterguide.ashx?e=898&la=en&c=32&p=
WA,Spokane,ocd-division/country:us/state:wa/sldl:3,2026-08-04,Primary,candidate,State Representative Pos. 1,Legislative District 3,John Kness,No Party Preference,,,https://voter.votewa.gov/elections/voterguide.ashx?e=898&la=en&c=32&p=
WA,Spokane,ocd-division/country:us/state:wa/sldl:3,2026-08-04,Primary,candidate,State Representative Pos. 1,Legislative District 3,Natasha Hill,Democrat Party,,,https://voter.votewa.gov/elections/voterguide.ashx?e=898&la=en&c=32&p=
WA,Spokane,ocd-division/country:us/state:wa/sldl:3,2026-08-04,Primary,candidate,State Representative Pos. 1,Legislative District 3,Tony Kiepe,Republican Party,,,https://voter.votewa.gov/elections/voterguide.ashx?e=898&la=en&c=32&p=
WA,Spokane,ocd-division/country:us/state:wa/sldl:4,2026-08-04,Primary,candidate,State Representative Pos. 1,Legislative District 4,Debra Long,Republican Party,,,https://voter.votewa.gov/elections/voterguide.ashx?e=898&la=en&c=32&p=
WA,Spokane,ocd-division/country:us/state:wa/sldl:4,2026-08-04,Primary,candidate,State Representative Pos. 1,Legislative District 4,George Wagner,Republican Party,,,https://voter.votewa.gov/elections/voterguide.ashx?e=898&la=en&c=32&p=
WA,Spokane,ocd-division/country:us/state:wa/sldl:4,2026-08-04,Primary,candidate,State Representative Pos. 1,Legislative District 4,Hillary Q. Pham,Republican Party,,,https://voter.votewa.gov/elections/voterguide.ashx?e=898&la=en&c=32&p=
WA,Spokane,ocd-division/country:us/state:wa/sldl:4,2026-08-04,Primary,candidate,State Representative Pos. 1,Legislative District 4,Trent Maier,Republican Party,,,https://voter.votewa.gov/elections/voterguide.ashx?e=898&la=en&c=32&p=
WA,Spokane,ocd-division/country:us/state:wa/sldl:6,2026-08-04,Primary,candidate,State Representative Pos. 1,Legislative District 6,Alan Nolan,Republican Party,,,https://voter.votewa.gov/elections/voterguide.ashx?e=898&la=en&c=32&p=
WA,Spokane,ocd-division/country:us/state:wa/sldl:6,2026-08-04,Primary,candidate,State Representative Pos. 1,Legislative District 6,Isaiah Paine,Republican Party,,,https://voter.votewa.gov/elections/voterguide.ashx?e=898&la=en&c=32&p=
WA,Spokane,ocd-division/country:us/state:wa/sldl:6,2026-08-04,Primary,candidate,State Representative Pos. 1,Legislative District 6,Jennifer Morton,Republican Party,,,https://voter.votewa.gov/elections/voterguide.ashx?e=898&la=en&c=32&p=
WA,Spokane,ocd-division/country:us/state:wa/sldl:6,2026-08-04,Primary,candidate,State Representative Pos. 1,Legislative District 6,Michaela Kelso,Democratic Party,,,https://voter.votewa.gov/elections/voterguide.ashx?e=898&la=en&c=32&p=
WA,Spokane,ocd-division/country:us/state:wa/sldl:6,2026-08-04,Primary,candidate,State Representative Pos. 1,Legislative District 6,Nicolette Ocheltree,Democratic Party,,,https://voter.votewa.gov/elections/voterguide.ashx?e=898&la=en&c=32&p=
WA,Spokane,ocd-division/country:us/state:wa/sldl:6,2026-08-04,Primary,candidate,State Representative Pos. 1,Legislative District 6,Sueann Davis,Republican Party,,,https://voter.votewa.gov/elections/voterguide.ashx?e=898&la=en&c=32&p=
WA,Spokane,ocd-division/country:us/state:wa/sldl:7,2026-08-04,Primary,candidate,State Representative Pos. 1,Legislative District 7,Andrew Engell,Republican Party,,,https://voter.votewa.gov/elections/voterguide.ashx?e=898&la=en&c=32&p=
WA,Spokane,ocd-division/country:us/state:wa/sldl:9,2026-08-04,Primary,candidate,State Representative Pos. 1,Legislative District 9,Mary Dye,Republican Party,,,https://voter.votewa.gov/elections/voterguide.ashx?e=898&la=en&c=32&p=
WA,Spokane,ocd-division/country:us/state:wa/sldl:3,2026-08-04,Primary,candidate,State Representative Pos. 2,Legislative District 3,Donovan Arnold DeLeon,Democratic Party,,,https://voter.votewa.gov/elections/voterguide.ashx?e=898&la=en&c=32&p=
WA,Spokane,ocd-division/country:us/state:wa/sldl:3,2026-08-04,Primary,candidate,State Representative Pos. 2,Legislative District 3,Luc Jasmin III,Democratic Party,,,https://voter.votewa.gov/elections/voterguide.ashx?e=898&la=en&c=32&p=
WA,Spokane,ocd-division/country:us/state:wa/sldl:3,2026-08-04,Primary,candidate,State Representative Pos. 2,Legislative District 3,Natalie Poulson,Republican Party,,,https://voter.votewa.gov/elections/voterguide.ashx?e=898&la=en&c=32&p=
WA,Spokane,ocd-division/country:us/state:wa/sldl:3,2026-08-04,Primary,candidate,State Representative Pos. 2,Legislative District 3,Pam Kohlmeier,Democratic Party,,,https://voter.votewa.gov/elections/voterguide.ashx?e=898&la=en&c=32&p=
WA,Spokane,ocd-division/country:us/state:wa/sldl:4,2026-08-04,Primary,candidate,State Representative Pos. 2,Legislative District 4,Bob Curtis,Republican Party,,,https://voter.votewa.gov/elections/voterguide.ashx?e=898&la=en&c=32&p=
WA,Spokane,ocd-division/country:us/state:wa/sldl:4,2026-08-04,Primary,candidate,State Representative Pos. 2,Legislative District 4,Rob Chase,Republican Party,,,https://voter.votewa.gov/elections/voterguide.ashx?e=898&la=en&c=32&p=
WA,Spokane,ocd-division/country:us/state:wa/sldl:4,2026-08-04,Primary,candidate,State Representative Pos. 2,Legislative District 4,Rob Tupper,Democratic Party,,,https://voter.votewa.gov/elections/voterguide.ashx?e=898&la=en&c=32&p=
WA,Spokane,ocd-division/country:us/state:wa/sldl:6,2026-08-04,Primary,candidate,State Representative Pos. 2,Legislative District 6,Aaron M. Croft,Independent Party,,,https://voter.votewa.gov/elections/voterguide.ashx?e=898&la=en&c=32&p=
WA,Spokane,ocd-division/country:us/state:wa/sldl:6,2026-08-04,Primary,candidate,State Representative Pos. 2,Legislative District 6,Jonathan Bingle,Republican Party,,,https://voter.votewa.gov/elections/voterguide.ashx?e=898&la=en&c=32&p=
WA,Spokane,ocd-division/country:us/state:wa/sldl:6,2026-08-04,Primary,candidate,State Representative Pos. 2,Legislative District 6,Julia Payne,Democratic Party,,,https://voter.votewa.gov/elections/voterguide.ashx?e=898&la=en&c=32&p=
WA,Spokane,ocd-division/country:us/state:wa/sldl:7,2026-08-04,Primary,candidate,State Representative Pos. 2,Legislative District 7,Hunter Abell,Republican Party,,,https://voter.votewa.gov/elections/voterguide.ashx?e=898&la=en&c=32&p=
WA,Spokane,ocd-division/country:us/state:wa/sldl:9,2026-08-04,Primary,candidate,State Representative Pos. 2,Legislative District 9,Joe Schmick,Republican Party,,,https://voter.votewa.gov/elections/voterguide.ashx?e=898&la=en&c=32&p=
WA,Spokane,ocd-division/country:us/state:wa/sldl:9,2026-08-04,Primary,candidate,State Representative Pos. 2,Legislative District 9,Karina Wallace,Democratic Party,,,https://voter.votewa.gov/elections/voterguide.ashx?e=898&la=en&c=32&p=
WA,Spokane,ocd-division/country:us/state:wa/sldu:6,2026-08-04,Primary,candidate,State Senator,Legislative District 6,Jeff Holy,Republican Party,,,https://voter.votewa.gov/elections/voterguide.ashx?e=898&la=en&c=32&p=
WA,Spokane,ocd-division/country:us/state:wa/sldu:7,2026-08-04,Primary,candidate,State Senator,Legislative District 7,Brandon Ray Medina,Republican Party,,,https://voter.votewa.gov/elections/voterguide.ashx?e=898&la=en&c=32&p=
WA,Spokane,ocd-division/country:us/state:wa/sldu:7,2026-08-04,Primary,candidate,State Senator,Legislative District 7,David Swoap,Republican Party,,,https://voter.votewa.gov/elections/voterguide.ashx?e=898&la=en&c=32&p=
WA,Spokane,ocd-division/country:us/state:wa/sldu:7,2026-08-04,Primary,candidate,State Senator,Legislative District 7,Ronald L McCoy,Independent Party,,,https://voter.votewa.gov/elections/voterguide.ashx?e=898&la=en&c=32&p=
WA,Spokane,ocd-division/country:us/state:wa/sldu:7,2026-08-04,Primary,candidate,State Senator,Legislative District 7,Shelly Short,Republican Party,,,https://voter.votewa.gov/elections/voterguide.ashx?e=898&la=en&c=32&p=
WA,Spokane,ocd-division/country:us/state:wa,2026-08-04,Primary,candidate,Treasurer,County,Mike Volz,Republican Party,,,https://voter.votewa.gov/elections/voterguide.ashx?e=898&la=en&c=32&p=
WA,Spokane,ocd-division/country:us/state:wa/cd:5,2026-08-04,Primary,candidate,U.S. Representative,Congressional District 5,Andrew Bartleson,Independent Party,,,https://voter.votewa.gov/elections/voterguide.ashx?e=898&la=en&c=32&p=
WA,Spokane,ocd-division/country:us/state:wa/cd:5,2026-08-04,Primary,candidate,U.S. Representative,Congressional District 5,Ann Marie Danimus,Independent Party,,,https://voter.votewa.gov/elections/voterguide.ashx?e=898&la=en&c=32&p=
WA,Spokane,ocd-division/country:us/state:wa/cd:5,2026-08-04,Primary,candidate,U.S. Representative,Congressional District 5,Bajun R. Mavalwalla,Democratic Party,,,https://voter.votewa.gov/elections/voterguide.ashx?e=898&la=en&c=32&p=
WA,Spokane,ocd-division/country:us/state:wa/cd:5,2026-08-04,Primary,candidate,U.S. Representative,Congressional District 5,Carmela Conroy,Democratic Party,,,https://voter.votewa.gov/elections/voterguide.ashx?e=898&la=en&c=32&p=
WA,Spokane,ocd-division/country:us/state:wa/cd:5,2026-08-04,Primary,candidate,U.S. Representative,Congressional District 5,David Womack,Democratic Party,,,https://voter.votewa.gov/elections/voterguide.ashx?e=898&la=en&c=32&p=
WA,Spokane,ocd-division/country:us/state:wa/cd:5,2026-08-04,Primary,candidate,U.S. Representative,Congressional District 5,Kevin Fagan,Democratic Party,,,https://voter.votewa.gov/elections/voterguide.ashx?e=898&la=en&c=32&p=
WA,Spokane,ocd-division/country:us/state:wa/cd:5,2026-08-04,Primary,candidate,U.S. Representative,Congressional District 5,Kyle Usrey,Independent Party,,,https://voter.votewa.gov/elections/voterguide.ashx?e=898&la=en&c=32&p=
WA,Spokane,ocd-division/country:us/state:wa/cd:5,2026-08-04,Primary,candidate,U.S. Representative,Congressional District 5,Matthew Hayes,Independent Party,,,https://voter.votewa.gov/elections/voterguide.ashx?e=898&la=en&c=32&p=
WA,Spokane,ocd-division/country:us/state:wa/cd:5,2026-08-04,Primary,candidate,U.S. Representative,Congressional District 5,Michael Baumgartner,Republican Party,,,https://voter.votewa.gov/elections/voterguide.ashx?e=898&la=en&c=32&p=
WA,Spokane,ocd-division/country:us/state:wa/cd:5,2026-08-04,Primary,candidate,U.S. Representative,Congressional District 5,Michael McGarr,Democratic Party,,,https://voter.votewa.gov/elections/voterguide.ashx?e=898&la=en&c=32&p=
WA,Spokane,ocd-division/country:us/state:wa/cd:5,2026-08-04,Primary,candidate,U.S. Representative,Congressional District 5,Nate Powell,Independent Party,,,https://voter.votewa.gov/elections/voterguide.ashx?e=898&la=en&c=32&p=
WA,Spokane,ocd-division/country:us/state:wa/cd:5,2026-08-04,Primary,candidate,U.S. Representative,Congressional District 5,Richard Freudenberg,Democratic Party,,,https://voter.votewa.gov/elections/voterguide.ashx?e=898&la=en&c=32&p=
WA,Spokane,ocd-division/country:us/state:wa/county:spokane,2026-08-04,Primary,measure,,,,,7201,ROSALIA PARK DISTRICT - 5 - Two Year Maintenance and Operation Levy for Pool,https://voter.votewa.gov/elections/voterguide.ashx?e=898&la=en&c=32&p=
WA,Spokane,ocd-division/country:us/state:wa/county:spokane,2026-08-04,Primary,measure,,,,,7202,LIBRARY SPO COUNTY - Proposition No. 1,https://voter.votewa.gov/elections/voterguide.ashx?e=898&la=en&c=32&p=
WA,Spokane,ocd-division/country:us/state:wa/county:spokane,2026-08-04,Primary,measure,,,,,7210,CITY OF CHENEY - Proposition No. 1,https://voter.votewa.gov/elections/voterguide.ashx?e=898&la=en&c=32&p=
WA,Spokane,ocd-division/country:us/state:wa/county:spokane,2026-08-04,Primary,measure,,,,,7212,PTBA - Proposition No. 1,https://voter.votewa.gov/elections/voterguide.ashx?e=898&la=en&c=32&p=
WA,Spokane,ocd-division/country:us/state:wa/county:spokane,2026-08-04,Primary,measure,,,,,7220,WEST PLAINS AQUIFER PROTECTION AREA - Measure No. 1,https://voter.votewa.gov/elections/voterguide.ashx?e=898&la=en&c=32&p=
WA,Stevens,ocd-division/country:us/state:wa/county:stevens,2026-08-04,Primary,candidate,Assessor,County,Rick Johnson,Republican Party,,,https://voter.votewa.gov/elections/voterguide.ashx?e=898&la=en&c=33&p=
WA,Stevens,ocd-division/country:us/state:wa/county:stevens,2026-08-04,Primary,candidate,Auditor,County,Eric Simpson,Republican Party,,,https://voter.votewa.gov/elections/voterguide.ashx?e=898&la=en&c=33&p=
WA,Stevens,ocd-division/country:us/state:wa/county:stevens,2026-08-04,Primary,candidate,Auditor,County,Lori Larsen,Republican Party,,,https://voter.votewa.gov/elections/voterguide.ashx?e=898&la=en&c=33&p=
WA,Stevens,ocd-division/country:us/state:wa/county:stevens,2026-08-04,Primary,candidate,Clerk,County,Michelle Enright,Republican Party,,,https://voter.votewa.gov/elections/voterguide.ashx?e=898&la=en&c=33&p=
WA,Stevens,ocd-division/country:us/state:wa/county:stevens,2026-08-04,Primary,candidate,Commissioner #2,Commissioner District - 002,Jack Griffin Jr,No Party Preference,,,https://voter.votewa.gov/elections/voterguide.ashx?e=898&la=en&c=33&p=
WA,Stevens,ocd-division/country:us/state:wa/county:stevens,2026-08-04,Primary,candidate,Commissioner #2,Commissioner District - 002,Mark Burrows,Republican Party,,,https://voter.votewa.gov/elections/voterguide.ashx?e=898&la=en&c=33&p=
WA,Stevens,ocd-division/country:us/state:wa/county:stevens,2026-08-04,Primary,candidate,Coroner,County,Johnathan Waldrop,Republican Party,,,https://voter.votewa.gov/elections/voterguide.ashx?e=898&la=en&c=33&p=
WA,Stevens,ocd-division/country:us/state:wa/county:stevens,2026-08-04,Primary,candidate,Coroner,County,Roseanne Ennis Jezerinac,Republican Party,,,https://voter.votewa.gov/elections/voterguide.ashx?e=898&la=en&c=33&p=
WA,Stevens,ocd-division/country:us/state:wa/county:stevens,2026-08-04,Primary,candidate,Justice Position #01,Supreme Court,Colleen Melody,,,,https://voter.votewa.gov/elections/voterguide.ashx?e=898&la=en&c=33&p=
WA,Stevens,ocd-division/country:us/state:wa/county:stevens,2026-08-04,Primary,candidate,Justice Position #01,Supreme Court,Laura Christensen Colberg,,,,https://voter.votewa.gov/elections/voterguide.ashx?e=898&la=en&c=33&p=
WA,Stevens,ocd-division/country:us/state:wa/county:stevens,2026-08-04,Primary,candidate,Justice Position #01,Supreme Court,Scott Edwards,,,,https://voter.votewa.gov/elections/voterguide.ashx?e=898&la=en&c=33&p=
WA,Stevens,ocd-division/country:us/state:wa/county:stevens,2026-08-04,Primary,candidate,Justice Position #03,Supreme Court,David Stevens,,,,https://voter.votewa.gov/elections/voterguide.ashx?e=898&la=en&c=33&p=
WA,Stevens,ocd-division/country:us/state:wa/county:stevens,2026-08-04,Primary,candidate,Justice Position #03,Supreme Court,Jaime Michelle Hawk,,,,https://voter.votewa.gov/elections/voterguide.ashx?e=898&la=en&c=33&p=
WA,Stevens,ocd-division/country:us/state:wa/county:stevens,2026-08-04,Primary,candidate,Justice Position #03,Supreme Court,Mike Diaz,,,,https://voter.votewa.gov/elections/voterguide.ashx?e=898&la=en&c=33&p=
WA,Stevens,ocd-division/country:us/state:wa/county:stevens,2026-08-04,Primary,candidate,Justice Position #05,Supreme Court,Dave Larson,,,,https://voter.votewa.gov/elections/voterguide.ashx?e=898&la=en&c=33&p=
WA,Stevens,ocd-division/country:us/state:wa/county:stevens,2026-08-04,Primary,candidate,Justice Position #05,Supreme Court,Greg Miller,,,,https://voter.votewa.gov/elections/voterguide.ashx?e=898&la=en&c=33&p=
WA,Stevens,ocd-division/country:us/state:wa/county:stevens,2026-08-04,Primary,candidate,Justice Position #05,Supreme Court,Sharonda Amamilo,,,,https://voter.votewa.gov/elections/voterguide.ashx?e=898&la=en&c=33&p=
WA,Stevens,ocd-division/country:us/state:wa/county:stevens,2026-08-04,Primary,candidate,Justice Position #05,Supreme Court,Theo Angelis,,,,https://voter.votewa.gov/elections/voterguide.ashx?e=898&la=en&c=33&p=
WA,Stevens,ocd-division/country:us/state:wa/county:stevens,2026-08-04,Primary,candidate,Justice Position #07,Supreme Court,David R Shelvey,,,,https://voter.votewa.gov/elections/voterguide.ashx?e=898&la=en&c=33&p=
WA,Stevens,ocd-division/country:us/state:wa/county:stevens,2026-08-04,Primary,candidate,Justice Position #07,Supreme Court,Debra L. Stephens,,,,https://voter.votewa.gov/elections/voterguide.ashx?e=898&la=en&c=33&p=
WA,Stevens,ocd-division/country:us/state:wa/county:stevens,2026-08-04,Primary,candidate,Justice Position #07,Supreme Court,Karim A. Merchant,,,,https://voter.votewa.gov/elections/voterguide.ashx?e=898&la=en&c=33&p=
WA,Stevens,ocd-division/country:us/state:wa/county:stevens,2026-08-04,Primary,candidate,Justice Position #07,Supreme Court,Todd A. Bloom,,,,https://voter.votewa.gov/elections/voterguide.ashx?e=898&la=en&c=33&p=
WA,Stevens,ocd-division/country:us/state:wa/county:stevens,2026-08-04,Primary,candidate,Precinct Committee Officer-Republican,Walkers Prairie,Steven Thompson,,,,https://voter.votewa.gov/elections/voterguide.ashx?e=898&la=en&c=33&p=
WA,Stevens,ocd-division/country:us/state:wa/county:stevens,2026-08-04,Primary,candidate,Precinct Committee Officer-Republican,Walkers Prairie,Warren Simpson,,,,https://voter.votewa.gov/elections/voterguide.ashx?e=898&la=en&c=33&p=
WA,Stevens,ocd-division/country:us/state:wa/county:stevens,2026-08-04,Primary,candidate,Prosecuting Attorney,County,Erika George,Republican Party,,,https://voter.votewa.gov/elections/voterguide.ashx?e=898&la=en&c=33&p=
WA,Stevens,ocd-division/country:us/state:wa/county:stevens,2026-08-04,Primary,candidate,Sheriff,County,Brad A. Manke,Republican Party,,,https://voter.votewa.gov/elections/voterguide.ashx?e=898&la=en&c=33&p=
WA,Stevens,ocd-division/country:us/state:wa/sldl:7,2026-08-04,Primary,candidate,State Representative Pos. 1,Legislative District 7,Andrew Engell,Republican Party,,,https://voter.votewa.gov/elections/voterguide.ashx?e=898&la=en&c=33&p=
WA,Stevens,ocd-division/country:us/state:wa/sldl:7,2026-08-04,Primary,candidate,State Representative Pos. 2,Legislative District 7,Hunter Abell,Republican Party,,,https://voter.votewa.gov/elections/voterguide.ashx?e=898&la=en&c=33&p=
WA,Stevens,ocd-division/country:us/state:wa/sldu:7,2026-08-04,Primary,candidate,State Senator,Legislative District 7,Brandon Ray Medina,Republican Party,,,https://voter.votewa.gov/elections/voterguide.ashx?e=898&la=en&c=33&p=
WA,Stevens,ocd-division/country:us/state:wa/sldu:7,2026-08-04,Primary,candidate,State Senator,Legislative District 7,David Swoap,Republican Party,,,https://voter.votewa.gov/elections/voterguide.ashx?e=898&la=en&c=33&p=
WA,Stevens,ocd-division/country:us/state:wa/sldu:7,2026-08-04,Primary,candidate,State Senator,Legislative District 7,Ronald L McCoy,Independent Party,,,https://voter.votewa.gov/elections/voterguide.ashx?e=898&la=en&c=33&p=
WA,Stevens,ocd-division/country:us/state:wa/sldu:7,2026-08-04,Primary,candidate,State Senator,Legislative District 7,Shelly Short,Republican Party,,,https://voter.votewa.gov/elections/voterguide.ashx?e=898&la=en&c=33&p=
WA,Stevens,ocd-division/country:us/state:wa,2026-08-04,Primary,candidate,Treasurer,County,"Tonia ""Toni"" Graham",Republican Party,,,https://voter.votewa.gov/elections/voterguide.ashx?e=898&la=en&c=33&p=
WA,Stevens,ocd-division/country:us/state:wa/cd:5,2026-08-04,Primary,candidate,U.S. Representative,Congressional District 5,Andrew Bartleson,Independent Party,,,https://voter.votewa.gov/elections/voterguide.ashx?e=898&la=en&c=33&p=
WA,Stevens,ocd-division/country:us/state:wa/cd:5,2026-08-04,Primary,candidate,U.S. Representative,Congressional District 5,Ann Marie Danimus,Independent Party,,,https://voter.votewa.gov/elections/voterguide.ashx?e=898&la=en&c=33&p=
WA,Stevens,ocd-division/country:us/state:wa/cd:5,2026-08-04,Primary,candidate,U.S. Representative,Congressional District 5,Bajun R. Mavalwalla,Democratic Party,,,https://voter.votewa.gov/elections/voterguide.ashx?e=898&la=en&c=33&p=
WA,Stevens,ocd-division/country:us/state:wa/cd:5,2026-08-04,Primary,candidate,U.S. Representative,Congressional District 5,Carmela Conroy,Democratic Party,,,https://voter.votewa.gov/elections/voterguide.ashx?e=898&la=en&c=33&p=
WA,Stevens,ocd-division/country:us/state:wa/cd:5,2026-08-04,Primary,candidate,U.S. Representative,Congressional District 5,David Womack,Democratic Party,,,https://voter.votewa.gov/elections/voterguide.ashx?e=898&la=en&c=33&p=
WA,Stevens,ocd-division/country:us/state:wa/cd:5,2026-08-04,Primary,candidate,U.S. Representative,Congressional District 5,Kevin Fagan,Democratic Party,,,https://voter.votewa.gov/elections/voterguide.ashx?e=898&la=en&c=33&p=
WA,Stevens,ocd-division/country:us/state:wa/cd:5,2026-08-04,Primary,candidate,U.S. Representative,Congressional District 5,Kyle Usrey,Independent Party,,,https://voter.votewa.gov/elections/voterguide.ashx?e=898&la=en&c=33&p=
WA,Stevens,ocd-division/country:us/state:wa/cd:5,2026-08-04,Primary,candidate,U.S. Representative,Congressional District 5,Matthew Hayes,Independent Party,,,https://voter.votewa.gov/elections/voterguide.ashx?e=898&la=en&c=33&p=
WA,Stevens,ocd-division/country:us/state:wa/cd:5,2026-08-04,Primary,candidate,U.S. Representative,Congressional District 5,Michael Baumgartner,Republican Party,,,https://voter.votewa.gov/elections/voterguide.ashx?e=898&la=en&c=33&p=
WA,Stevens,ocd-division/country:us/state:wa/cd:5,2026-08-04,Primary,candidate,U.S. Representative,Congressional District 5,Michael McGarr,Democratic Party,,,https://voter.votewa.gov/elections/voterguide.ashx?e=898&la=en&c=33&p=
WA,Stevens,ocd-division/country:us/state:wa/cd:5,2026-08-04,Primary,candidate,U.S. Representative,Congressional District 5,Nate Powell,Independent Party,,,https://voter.votewa.gov/elections/voterguide.ashx?e=898&la=en&c=33&p=
WA,Stevens,ocd-division/country:us/state:wa/cd:5,2026-08-04,Primary,candidate,U.S. Representative,Congressional District 5,Richard Freudenberg,Democratic Party,,,https://voter.votewa.gov/elections/voterguide.ashx?e=898&la=en&c=33&p=
WA,Stevens,ocd-division/country:us/state:wa/county:stevens,2026-08-04,Primary,measure,,,,,7157,FIRE DISTRICT - 006 - Proposition No. 1,https://voter.votewa.gov/elections/voterguide.ashx?e=898&la=en&c=33&p=
WA,Thurston,ocd-division/country:us/state:wa/county:thurston,2026-08-04,Primary,candidate,Assessor,County,JJ Olson,Democratic Party,,,https://voter.votewa.gov/elections/voterguide.ashx?e=898&la=en&c=31&p=
WA,Thurston,ocd-division/country:us/state:wa/county:thurston,2026-08-04,Primary,candidate,Assessor,County,Lynda Nashed Zeman,Democratic Party,,,https://voter.votewa.gov/elections/voterguide.ashx?e=898&la=en&c=31&p=
WA,Thurston,ocd-division/country:us/state:wa/county:thurston,2026-08-04,Primary,candidate,Auditor,County,Tillie Naputi-Pullar,Democratic Party,,,https://voter.votewa.gov/elections/voterguide.ashx?e=898&la=en&c=31&p=
WA,Thurston,ocd-division/country:us/state:wa/county:thurston,2026-08-04,Primary,candidate,Clerk,County,Garrett Cady,Independent Party,,,https://voter.votewa.gov/elections/voterguide.ashx?e=898&la=en&c=31&p=
WA,Thurston,ocd-division/country:us/state:wa/county:thurston,2026-08-04,Primary,candidate,Clerk,County,Nicole Miller,Democratic Party,,,https://voter.votewa.gov/elections/voterguide.ashx?e=898&la=en&c=31&p=
WA,Thurston,ocd-division/country:us/state:wa/county:thurston,2026-08-04,Primary,candidate,"Commissioner, District No. 1",Pud Commissioner District No. 1,"Bruce D. Wilkinson, Jr.",,,,https://voter.votewa.gov/elections/voterguide.ashx?e=898&la=en&c=31&p=
WA,Thurston,ocd-division/country:us/state:wa/county:thurston,2026-08-04,Primary,candidate,"Commissioner, District No. 1",Pud Commissioner District No. 1,Jim Campbell,,,,https://voter.votewa.gov/elections/voterguide.ashx?e=898&la=en&c=31&p=
WA,Thurston,ocd-division/country:us/state:wa/county:thurston,2026-08-04,Primary,candidate,"Commissioner, District No. 1",Pud Commissioner District No. 1,Troy Kirby,,,,https://voter.votewa.gov/elections/voterguide.ashx?e=898&la=en&c=31&p=
WA,Thurston,ocd-division/country:us/state:wa/county:thurston,2026-08-04,Primary,candidate,"Commissioner, District No. 3",Commissioner District No. 3,Tye Menser,Democratic Party,,,https://voter.votewa.gov/elections/voterguide.ashx?e=898&la=en&c=31&p=
WA,Thurston,ocd-division/country:us/state:wa/county:thurston,2026-08-04,Primary,candidate,"Commissioner, District No. 5",Commissioner District No. 5,Emily Clouse,Democratic Party,,,https://voter.votewa.gov/elections/voterguide.ashx?e=898&la=en&c=31&p=
WA,Thurston,ocd-division/country:us/state:wa/county:thurston,2026-08-04,Primary,candidate,"Commissioner, District No. 5",Commissioner District No. 5,Michelle Gipson,Democratic Party,,,https://voter.votewa.gov/elections/voterguide.ashx?e=898&la=en&c=31&p=
WA,Thurston,ocd-division/country:us/state:wa/county:thurston,2026-08-04,Primary,candidate,"Commissioner, District No. 5",Commissioner District No. 5,Nicolas Martinez-Dunning,Moderate Democrat Party,,,https://voter.votewa.gov/elections/voterguide.ashx?e=898&la=en&c=31&p=
WA,Thurston,ocd-division/country:us/state:wa/county:thurston,2026-08-04,Primary,candidate,Coroner,County,Gary Warnock,Democratic Party,,,https://voter.votewa.gov/elections/voterguide.ashx?e=898&la=en&c=31&p=
WA,Thurston,ocd-division/country:us/state:wa/county:thurston,2026-08-04,Primary,candidate,Justice Position #01,Supreme Court,Colleen Melody,,,,https://voter.votewa.gov/elections/voterguide.ashx?e=898&la=en&c=31&p=
WA,Thurston,ocd-division/country:us/state:wa/county:thurston,2026-08-04,Primary,candidate,Justice Position #01,Supreme Court,Laura Christensen Colberg,,,,https://voter.votewa.gov/elections/voterguide.ashx?e=898&la=en&c=31&p=
WA,Thurston,ocd-division/country:us/state:wa/county:thurston,2026-08-04,Primary,candidate,Justice Position #01,Supreme Court,Scott Edwards,,,,https://voter.votewa.gov/elections/voterguide.ashx?e=898&la=en&c=31&p=
WA,Thurston,ocd-division/country:us/state:wa/county:thurston,2026-08-04,Primary,candidate,Justice Position #03,Supreme Court,David Stevens,,,,https://voter.votewa.gov/elections/voterguide.ashx?e=898&la=en&c=31&p=
WA,Thurston,ocd-division/country:us/state:wa/county:thurston,2026-08-04,Primary,candidate,Justice Position #03,Supreme Court,Jaime Michelle Hawk,,,,https://voter.votewa.gov/elections/voterguide.ashx?e=898&la=en&c=31&p=
WA,Thurston,ocd-division/country:us/state:wa/county:thurston,2026-08-04,Primary,candidate,Justice Position #03,Supreme Court,Mike Diaz,,,,https://voter.votewa.gov/elections/voterguide.ashx?e=898&la=en&c=31&p=
WA,Thurston,ocd-division/country:us/state:wa/county:thurston,2026-08-04,Primary,candidate,Justice Position #05,Supreme Court,Dave Larson,,,,https://voter.votewa.gov/elections/voterguide.ashx?e=898&la=en&c=31&p=
WA,Thurston,ocd-division/country:us/state:wa/county:thurston,2026-08-04,Primary,candidate,Justice Position #05,Supreme Court,Greg Miller,,,,https://voter.votewa.gov/elections/voterguide.ashx?e=898&la=en&c=31&p=
WA,Thurston,ocd-division/country:us/state:wa/county:thurston,2026-08-04,Primary,candidate,Justice Position #05,Supreme Court,Sharonda Amamilo,,,,https://voter.votewa.gov/elections/voterguide.ashx?e=898&la=en&c=31&p=
WA,Thurston,ocd-division/country:us/state:wa/county:thurston,2026-08-04,Primary,candidate,Justice Position #05,Supreme Court,Theo Angelis,,,,https://voter.votewa.gov/elections/voterguide.ashx?e=898&la=en&c=31&p=
WA,Thurston,ocd-division/country:us/state:wa/county:thurston,2026-08-04,Primary,candidate,Justice Position #07,Supreme Court,David R Shelvey,,,,https://voter.votewa.gov/elections/voterguide.ashx?e=898&la=en&c=31&p=
WA,Thurston,ocd-division/country:us/state:wa/county:thurston,2026-08-04,Primary,candidate,Justice Position #07,Supreme Court,Debra L. Stephens,,,,https://voter.votewa.gov/elections/voterguide.ashx?e=898&la=en&c=31&p=
WA,Thurston,ocd-division/country:us/state:wa/county:thurston,2026-08-04,Primary,candidate,Justice Position #07,Supreme Court,Karim A. Merchant,,,,https://voter.votewa.gov/elections/voterguide.ashx?e=898&la=en&c=31&p=
WA,Thurston,ocd-division/country:us/state:wa/county:thurston,2026-08-04,Primary,candidate,Justice Position #07,Supreme Court,Todd A. Bloom,,,,https://voter.votewa.gov/elections/voterguide.ashx?e=898&la=en&c=31&p=
WA,Thurston,ocd-division/country:us/state:wa/county:thurston,2026-08-04,Primary,candidate,Precinct Committee Officer - Democratic,Tumwater 01,Meghan Lazelle,,,,https://voter.votewa.gov/elections/voterguide.ashx?e=898&la=en&c=31&p=
WA,Thurston,ocd-division/country:us/state:wa/county:thurston,2026-08-04,Primary,candidate,Precinct Committee Officer - Democratic,Tumwater 01,Tracey Carlos,,,,https://voter.votewa.gov/elections/voterguide.ashx?e=898&la=en&c=31&p=
WA,Thurston,ocd-division/country:us/state:wa/county:thurston,2026-08-04,Primary,candidate,Precinct Committee Officer - Democratic,Olympia 08,Alyssa Humbert,,,,https://voter.votewa.gov/elections/voterguide.ashx?e=898&la=en&c=31&p=
WA,Thurston,ocd-division/country:us/state:wa/county:thurston,2026-08-04,Primary,candidate,Precinct Committee Officer - Democratic,Olympia 08,Joe Nilsson,,,,https://voter.votewa.gov/elections/voterguide.ashx?e=898&la=en&c=31&p=
WA,Thurston,ocd-division/country:us/state:wa/county:thurston,2026-08-04,Primary,candidate,Precinct Committee Officer - Democratic,Olympia 19,Rory Summerson,,,,https://voter.votewa.gov/elections/voterguide.ashx?e=898&la=en&c=31&p=
WA,Thurston,ocd-division/country:us/state:wa/county:thurston,2026-08-04,Primary,candidate,Precinct Committee Officer - Democratic,Olympia 19,Shabina Hussain,,,,https://voter.votewa.gov/elections/voterguide.ashx?e=898&la=en&c=31&p=
WA,Thurston,ocd-division/country:us/state:wa/county:thurston,2026-08-04,Primary,candidate,Precinct Committee Officer - Democratic,Olympia 37,John Newman,,,,https://voter.votewa.gov/elections/voterguide.ashx?e=898&la=en&c=31&p=
WA,Thurston,ocd-division/country:us/state:wa/county:thurston,2026-08-04,Primary,candidate,Precinct Committee Officer - Democratic,Olympia 37,Pam Lovinger,,,,https://voter.votewa.gov/elections/voterguide.ashx?e=898&la=en&c=31&p=
WA,Thurston,ocd-division/country:us/state:wa/county:thurston,2026-08-04,Primary,candidate,Precinct Committee Officer - Democratic,Olympia 59,Daniel Decker,,,,https://voter.votewa.gov/elections/voterguide.ashx?e=898&la=en&c=31&p=
WA,Thurston,ocd-division/country:us/state:wa/county:thurston,2026-08-04,Primary,candidate,Precinct Committee Officer - Democratic,Olympia 59,Richard Williams,,,,https://voter.votewa.gov/elections/voterguide.ashx?e=898&la=en&c=31&p=
WA,Thurston,ocd-division/country:us/state:wa/county:thurston,2026-08-04,Primary,candidate,Precinct Committee Officer - Democratic,Pines,Kevin Wallace,,,,https://voter.votewa.gov/elections/voterguide.ashx?e=898&la=en&c=31&p=
WA,Thurston,ocd-division/country:us/state:wa/county:thurston,2026-08-04,Primary,candidate,Precinct Committee Officer - Democratic,Pines,Tammy Sweem,,,,https://voter.votewa.gov/elections/voterguide.ashx?e=898&la=en&c=31&p=
WA,Thurston,ocd-division/country:us/state:wa/county:thurston,2026-08-04,Primary,candidate,Precinct Committee Officer - Democratic,South Union,Julie Romett,,,,https://voter.votewa.gov/elections/voterguide.ashx?e=898&la=en&c=31&p=
WA,Thurston,ocd-division/country:us/state:wa/county:thurston,2026-08-04,Primary,candidate,Precinct Committee Officer - Democratic,South Union,Michele Negley,,,,https://voter.votewa.gov/elections/voterguide.ashx?e=898&la=en&c=31&p=
WA,Thurston,ocd-division/country:us/state:wa/county:thurston,2026-08-04,Primary,candidate,Precinct Committee Officer - Democratic,St Clair,Dianna Torres,,,,https://voter.votewa.gov/elections/voterguide.ashx?e=898&la=en&c=31&p=
WA,Thurston,ocd-division/country:us/state:wa/county:thurston,2026-08-04,Primary,candidate,Precinct Committee Officer - Democratic,St Clair,Leslie Connelly,,,,https://voter.votewa.gov/elections/voterguide.ashx?e=898&la=en&c=31&p=
WA,Thurston,ocd-division/country:us/state:wa/county:thurston,2026-08-04,Primary,candidate,Precinct Committee Officer - Republican,Olympia 02,Donald Lewis,,,,https://voter.votewa.gov/elections/voterguide.ashx?e=898&la=en&c=31&p=
WA,Thurston,ocd-division/country:us/state:wa/county:thurston,2026-08-04,Primary,candidate,Precinct Committee Officer - Republican,Olympia 02,Patrick Hanks,,,,https://voter.votewa.gov/elections/voterguide.ashx?e=898&la=en&c=31&p=
WA,Thurston,ocd-division/country:us/state:wa/county:thurston,2026-08-04,Primary,candidate,Precinct Committee Officer - Republican,Olympia 20,C Davis,,,,https://voter.votewa.gov/elections/voterguide.ashx?e=898&la=en&c=31&p=
WA,Thurston,ocd-division/country:us/state:wa/county:thurston,2026-08-04,Primary,candidate,Precinct Committee Officer - Republican,Olympia 20,Terri Henderson,,,,https://voter.votewa.gov/elections/voterguide.ashx?e=898&la=en&c=31&p=
WA,Thurston,ocd-division/country:us/state:wa/county:thurston,2026-08-04,Primary,candidate,Precinct Committee Officer - Republican,Forest South,Joyce Parkison,,,,https://voter.votewa.gov/elections/voterguide.ashx?e=898&la=en&c=31&p=
WA,Thurston,ocd-division/country:us/state:wa/county:thurston,2026-08-04,Primary,candidate,Precinct Committee Officer - Republican,Forest South,Mary Kounovsky,,,,https://voter.votewa.gov/elections/voterguide.ashx?e=898&la=en&c=31&p=
WA,Thurston,ocd-division/country:us/state:wa/county:thurston,2026-08-04,Primary,candidate,Precinct Committee Officer - Republican,Kinwood East,J. D. Ingram,,,,https://voter.votewa.gov/elections/voterguide.ashx?e=898&la=en&c=31&p=
WA,Thurston,ocd-division/country:us/state:wa/county:thurston,2026-08-04,Primary,candidate,Precinct Committee Officer - Republican,Kinwood East,Kevin J. O'Sullivan,,,,https://voter.votewa.gov/elections/voterguide.ashx?e=898&la=en&c=31&p=
WA,Thurston,ocd-division/country:us/state:wa/county:thurston,2026-08-04,Primary,candidate,Precinct Committee Officer - Republican,Violet Prairie North,Lori Williams,,,,https://voter.votewa.gov/elections/voterguide.ashx?e=898&la=en&c=31&p=
WA,Thurston,ocd-division/country:us/state:wa/county:thurston,2026-08-04,Primary,candidate,Precinct Committee Officer - Republican,Violet Prairie North,Michael Morrow,,,,https://voter.votewa.gov/elections/voterguide.ashx?e=898&la=en&c=31&p=
WA,Thurston,ocd-division/country:us/state:wa/county:thurston,2026-08-04,Primary,candidate,Prosecuting Attorney,County,Christy Peters,Democratic Party,,,https://voter.votewa.gov/elections/voterguide.ashx?e=898&la=en&c=31&p=
WA,Thurston,ocd-division/country:us/state:wa/county:thurston,2026-08-04,Primary,candidate,Sheriff,County,Derek Sanders,Independent Party,,,https://voter.votewa.gov/elections/voterguide.ashx?e=898&la=en&c=31&p=
WA,Thurston,ocd-division/country:us/state:wa/county:thurston,2026-08-04,Primary,candidate,Sheriff,County,Kevin Burton-Crow,Democratic Party,,,https://voter.votewa.gov/elections/voterguide.ashx?e=898&la=en&c=31&p=
WA,Thurston,ocd-division/country:us/state:wa/sldl:2,2026-08-04,Primary,candidate,State Representative Pos. 1,Legislative District 2,Andrew Barkis,Republican Party,,,https://voter.votewa.gov/elections/voterguide.ashx?e=898&la=en&c=31&p=
WA,Thurston,ocd-division/country:us/state:wa/sldl:2,2026-08-04,Primary,candidate,State Representative Pos. 1,Legislative District 2,William Dehnel,Labor Democrat Party,,,https://voter.votewa.gov/elections/voterguide.ashx?e=898&la=en&c=31&p=
WA,Thurston,ocd-division/country:us/state:wa/sldl:19,2026-08-04,Primary,candidate,State Representative Pos. 1,Legislative District 19,Jim Walsh,Republican Party,,,https://voter.votewa.gov/elections/voterguide.ashx?e=898&la=en&c=31&p=
WA,Thurston,ocd-division/country:us/state:wa/sldl:19,2026-08-04,Primary,candidate,State Representative Pos. 1,Legislative District 19,Kevin Moynihan,Democratic Party,,,https://voter.votewa.gov/elections/voterguide.ashx?e=898&la=en&c=31&p=
WA,Thurston,ocd-division/country:us/state:wa/sldl:20,2026-08-04,Primary,candidate,State Representative Pos. 1,Legislative District 20,Andy Zahn,Democratic Party,,,https://voter.votewa.gov/elections/voterguide.ashx?e=898&la=en&c=31&p=
WA,Thurston,ocd-division/country:us/state:wa/sldl:20,2026-08-04,Primary,candidate,State Representative Pos. 1,Legislative District 20,Peter Abbarno,Republican Party,,,https://voter.votewa.gov/elections/voterguide.ashx?e=898&la=en&c=31&p=
WA,Thurston,ocd-division/country:us/state:wa/sldl:22,2026-08-04,Primary,candidate,State Representative Pos. 1,Legislative District 22,Beth Doglio,Democratic Party,,,https://voter.votewa.gov/elections/voterguide.ashx?e=898&la=en&c=31&p=
WA,Thurston,ocd-division/country:us/state:wa/sldl:22,2026-08-04,Primary,candidate,State Representative Pos. 1,Legislative District 22,Don Hewett,Republican Party,,,https://voter.votewa.gov/elections/voterguide.ashx?e=898&la=en&c=31&p=
WA,Thurston,ocd-division/country:us/state:wa/sldl:35,2026-08-04,Primary,candidate,State Representative Pos. 1,Legislative District 35,Dan Griffey,Republican Party,,,https://voter.votewa.gov/elections/voterguide.ashx?e=898&la=en&c=31&p=
WA,Thurston,ocd-division/country:us/state:wa/sldl:35,2026-08-04,Primary,candidate,State Representative Pos. 1,Legislative District 35,Jim Pierson,Democratic Party,,,https://voter.votewa.gov/elections/voterguide.ashx?e=898&la=en&c=31&p=
WA,Thurston,ocd-division/country:us/state:wa/sldl:35,2026-08-04,Primary,candidate,State Representative Pos. 1,Legislative District 35,Shaena Garberich,Democratic Party,,,https://voter.votewa.gov/elections/voterguide.ashx?e=898&la=en&c=31&p=
WA,Thurston,ocd-division/country:us/state:wa/sldl:2,2026-08-04,Primary,candidate,State Representative Pos. 2,Legislative District 2,Angela Taylor,Democratic Party,,,https://voter.votewa.gov/elections/voterguide.ashx?e=898&la=en&c=31&p=
WA,Thurston,ocd-division/country:us/state:wa/sldl:2,2026-08-04,Primary,candidate,State Representative Pos. 2,Legislative District 2,Martin L Miller,Democratic Party,,,https://voter.votewa.gov/elections/voterguide.ashx?e=898&la=en&c=31&p=
WA,Thurston,ocd-division/country:us/state:wa/sldl:2,2026-08-04,Primary,candidate,State Representative Pos. 2,Legislative District 2,Matt Marshall,Republican Party,,,https://voter.votewa.gov/elections/voterguide.ashx?e=898&la=en&c=31&p=
WA,Thurston,ocd-division/country:us/state:wa/sldl:19,2026-08-04,Primary,candidate,State Representative Pos. 2,Legislative District 19,Daniel William Bradley,Republican Party,,,https://voter.votewa.gov/elections/voterguide.ashx?e=898&la=en&c=31&p=
WA,Thurston,ocd-division/country:us/state:wa/sldl:19,2026-08-04,Primary,candidate,State Representative Pos. 2,Legislative District 19,Jimi O'Hagan,Republican Party,,,https://voter.votewa.gov/elections/voterguide.ashx?e=898&la=en&c=31&p=
WA,Thurston,ocd-division/country:us/state:wa/sldl:19,2026-08-04,Primary,candidate,State Representative Pos. 2,Legislative District 19,Joel McEntire,Republican Party,,,https://voter.votewa.gov/elections/voterguide.ashx?e=898&la=en&c=31&p=
WA,Thurston,ocd-division/country:us/state:wa/sldl:19,2026-08-04,Primary,candidate,State Representative Pos. 2,Legislative District 19,Terry Carlson,Democratic Party,,,https://voter.votewa.gov/elections/voterguide.ashx?e=898&la=en&c=31&p=
WA,Thurston,ocd-division/country:us/state:wa/sldl:20,2026-08-04,Primary,candidate,State Representative Pos. 2,Legislative District 20,Ed Orcutt,Republican Party,,,https://voter.votewa.gov/elections/voterguide.ashx?e=898&la=en&c=31&p=
WA,Thurston,ocd-division/country:us/state:wa/sldl:20,2026-08-04,Primary,candidate,State Representative Pos. 2,Legislative District 20,Evan Jones,Democratic Party,,,https://voter.votewa.gov/elections/voterguide.ashx?e=898&la=en&c=31&p=
WA,Thurston,ocd-division/country:us/state:wa/sldl:22,2026-08-04,Primary,candidate,State Representative Pos. 2,Legislative District 22,Jamie Keenan-deVargas,Democratic Party,,,https://voter.votewa.gov/elections/voterguide.ashx?e=898&la=en&c=31&p=
WA,Thurston,ocd-division/country:us/state:wa/sldl:22,2026-08-04,Primary,candidate,State Representative Pos. 2,Legislative District 22,Lisa Parshley,Democratic Party,,,https://voter.votewa.gov/elections/voterguide.ashx?e=898&la=en&c=31&p=
WA,Thurston,ocd-division/country:us/state:wa/sldl:35,2026-08-04,Primary,candidate,State Representative Pos. 2,Legislative District 35,Maria Littlesun,Democratic Party,,,https://voter.votewa.gov/elections/voterguide.ashx?e=898&la=en&c=31&p=
WA,Thurston,ocd-division/country:us/state:wa/sldl:35,2026-08-04,Primary,candidate,State Representative Pos. 2,Legislative District 35,Travis Couture,Republican Party,,,https://voter.votewa.gov/elections/voterguide.ashx?e=898&la=en&c=31&p=
WA,Thurston,ocd-division/country:us/state:wa/sldu:35,2026-08-04,Primary,candidate,State Senator,Legislative District 35,Carolina Mejia,Democratic Party,,,https://voter.votewa.gov/elections/voterguide.ashx?e=898&la=en&c=31&p=
WA,Thurston,ocd-division/country:us/state:wa/sldu:35,2026-08-04,Primary,candidate,State Senator,Legislative District 35,Drew C MacEwen,Republican Party,,,https://voter.votewa.gov/elections/voterguide.ashx?e=898&la=en&c=31&p=
WA,Thurston,ocd-division/country:us/state:wa,2026-08-04,Primary,candidate,Treasurer,County,Jeff Gadman,Democratic Party,,,https://voter.votewa.gov/elections/voterguide.ashx?e=898&la=en&c=31&p=
WA,Thurston,ocd-division/country:us/state:wa/cd:3,2026-08-04,Primary,candidate,U.S. Representative,Congressional District 3,Antony Barran,Cascade Party,,,https://voter.votewa.gov/elections/voterguide.ashx?e=898&la=en&c=31&p=
WA,Thurston,ocd-division/country:us/state:wa/cd:3,2026-08-04,Primary,candidate,U.S. Representative,Congressional District 3,Austin Braswell,Democratic Party,,,https://voter.votewa.gov/elections/voterguide.ashx?e=898&la=en&c=31&p=
WA,Thurston,ocd-division/country:us/state:wa/cd:3,2026-08-04,Primary,candidate,U.S. Representative,Congressional District 3,Brent Hennrich,Democratic Party,,,https://voter.votewa.gov/elections/voterguide.ashx?e=898&la=en&c=31&p=
WA,Thurston,ocd-division/country:us/state:wa/cd:3,2026-08-04,Primary,candidate,U.S. Representative,Congressional District 3,John Braun,Republican Party,,,https://voter.votewa.gov/elections/voterguide.ashx?e=898&la=en&c=31&p=
WA,Thurston,ocd-division/country:us/state:wa/cd:3,2026-08-04,Primary,candidate,U.S. Representative,Congressional District 3,John P. Roco,Republican Party,,,https://voter.votewa.gov/elections/voterguide.ashx?e=898&la=en&c=31&p=
WA,Thurston,ocd-division/country:us/state:wa/cd:3,2026-08-04,Primary,candidate,U.S. Representative,Congressional District 3,John Saulie-Rohman,Independent Party,,,https://voter.votewa.gov/elections/voterguide.ashx?e=898&la=en&c=31&p=
WA,Thurston,ocd-division/country:us/state:wa/cd:3,2026-08-04,Primary,candidate,U.S. Representative,Congressional District 3,Lawrence Kellogg,Republican Party,,,https://voter.votewa.gov/elections/voterguide.ashx?e=898&la=en&c=31&p=
WA,Thurston,ocd-division/country:us/state:wa/cd:3,2026-08-04,Primary,candidate,U.S. Representative,Congressional District 3,Marie Gluesenkamp Perez,Democratic Party,,,https://voter.votewa.gov/elections/voterguide.ashx?e=898&la=en&c=31&p=
WA,Thurston,ocd-division/country:us/state:wa/cd:3,2026-08-04,Primary,candidate,U.S. Representative,Congressional District 3,Troy Rasband,Democratic Party,,,https://voter.votewa.gov/elections/voterguide.ashx?e=898&la=en&c=31&p=
WA,Thurston,ocd-division/country:us/state:wa/cd:10,2026-08-04,Primary,candidate,U.S. Representative,Congressional District 10,Adam Arafat,Democratic Party,,,https://voter.votewa.gov/elections/voterguide.ashx?e=898&la=en&c=31&p=
WA,Thurston,ocd-division/country:us/state:wa/cd:10,2026-08-04,Primary,candidate,U.S. Representative,Congressional District 10,Alex Scheel,Democratic Party,,,https://voter.votewa.gov/elections/voterguide.ashx?e=898&la=en&c=31&p=
WA,Thurston,ocd-division/country:us/state:wa/cd:10,2026-08-04,Primary,candidate,U.S. Representative,Congressional District 10,Chris D. Chung,Republican Party,,,https://voter.votewa.gov/elections/voterguide.ashx?e=898&la=en&c=31&p=
WA,Thurston,ocd-division/country:us/state:wa/cd:10,2026-08-04,Primary,candidate,U.S. Representative,Congressional District 10,Derek Maynes,No Party Preference,,,https://voter.votewa.gov/elections/voterguide.ashx?e=898&la=en&c=31&p=
WA,Thurston,ocd-division/country:us/state:wa/cd:10,2026-08-04,Primary,candidate,U.S. Representative,Congressional District 10,Kurtis Engle,Union Party,,,https://voter.votewa.gov/elections/voterguide.ashx?e=898&la=en&c=31&p=
WA,Thurston,ocd-division/country:us/state:wa/cd:10,2026-08-04,Primary,candidate,U.S. Representative,Congressional District 10,Marilyn Strickland,Democratic Party,,,https://voter.votewa.gov/elections/voterguide.ashx?e=898&la=en&c=31&p=
WA,Thurston,ocd-division/country:us/state:wa/county:thurston,2026-08-04,Primary,measure,,,,,7214,SE Thurston Fire Authority - Proposition No. 1 - Bonds to Improve Fire Stations and Acquire Apparatus,https://voter.votewa.gov/elections/voterguide.ashx?e=898&la=en&c=31&p=
WA,Thurston,ocd-division/country:us/state:wa/county:thurston,2026-08-04,Primary,measure,,,,,7215,WEST THURSTON  REGIONAL FIRE AUTHORITY ROCHESTER - Proposition No. 1 - Property Tax for Fire Maintenance and Operations,https://voter.votewa.gov/elections/voterguide.ashx?e=898&la=en&c=31&p=
WA,Thurston,ocd-division/country:us/state:wa/county:thurston,2026-08-04,Primary,measure,,,,,7216,WEST THURSTON  REGIONAL FIRE AUTHORITY LITTLEROCK - Proposition No.1 - Property Tax for Fire Maintenance and Operations,https://voter.votewa.gov/elections/voterguide.ashx?e=898&la=en&c=31&p=
WA,Wahkiakum,ocd-division/country:us/state:wa/county:wahkiakum,2026-08-04,Primary,candidate,Commissioner #3,Commrs District 3,Mark D. Letham,IND Party,,,https://voter.votewa.gov/elections/voterguide.ashx?e=898&la=en&c=35&p=
WA,Wahkiakum,ocd-division/country:us/state:wa/county:wahkiakum,2026-08-04,Primary,candidate,County Assessor,County,Drew Jenkins,Independent Party,,,https://voter.votewa.gov/elections/voterguide.ashx?e=898&la=en&c=35&p=
WA,Wahkiakum,ocd-division/country:us/state:wa/county:wahkiakum,2026-08-04,Primary,candidate,County Assessor,County,Justin Moriarty,Independent Party,,,https://voter.votewa.gov/elections/voterguide.ashx?e=898&la=en&c=35&p=
WA,Wahkiakum,ocd-division/country:us/state:wa/county:wahkiakum,2026-08-04,Primary,candidate,County Auditor,County,Nicci Bergseng,Independent Party,,,https://voter.votewa.gov/elections/voterguide.ashx?e=898&la=en&c=35&p=
WA,Wahkiakum,ocd-division/country:us/state:wa/county:wahkiakum,2026-08-04,Primary,candidate,County Clerk,County,Jess Reddon,Independent Party,,,https://voter.votewa.gov/elections/voterguide.ashx?e=898&la=en&c=35&p=
WA,Wahkiakum,ocd-division/country:us/state:wa/county:wahkiakum,2026-08-04,Primary,candidate,County Sheriff,County,John Mason,No Party Preference,,,https://voter.votewa.gov/elections/voterguide.ashx?e=898&la=en&c=35&p=
WA,Wahkiakum,ocd-division/country:us/state:wa/county:wahkiakum,2026-08-04,Primary,candidate,County Treasurer,County,Marissa Longtain,Independent Party,,,https://voter.votewa.gov/elections/voterguide.ashx?e=898&la=en&c=35&p=
WA,Wahkiakum,ocd-division/country:us/state:wa/county:wahkiakum,2026-08-04,Primary,candidate,Justice Position #01,Supreme Court,Colleen Melody,,,,https://voter.votewa.gov/elections/voterguide.ashx?e=898&la=en&c=35&p=
WA,Wahkiakum,ocd-division/country:us/state:wa/county:wahkiakum,2026-08-04,Primary,candidate,Justice Position #01,Supreme Court,Laura Christensen Colberg,,,,https://voter.votewa.gov/elections/voterguide.ashx?e=898&la=en&c=35&p=
WA,Wahkiakum,ocd-division/country:us/state:wa/county:wahkiakum,2026-08-04,Primary,candidate,Justice Position #01,Supreme Court,Scott Edwards,,,,https://voter.votewa.gov/elections/voterguide.ashx?e=898&la=en&c=35&p=
WA,Wahkiakum,ocd-division/country:us/state:wa/county:wahkiakum,2026-08-04,Primary,candidate,Justice Position #03,Supreme Court,David Stevens,,,,https://voter.votewa.gov/elections/voterguide.ashx?e=898&la=en&c=35&p=
WA,Wahkiakum,ocd-division/country:us/state:wa/county:wahkiakum,2026-08-04,Primary,candidate,Justice Position #03,Supreme Court,Jaime Michelle Hawk,,,,https://voter.votewa.gov/elections/voterguide.ashx?e=898&la=en&c=35&p=
WA,Wahkiakum,ocd-division/country:us/state:wa/county:wahkiakum,2026-08-04,Primary,candidate,Justice Position #03,Supreme Court,Mike Diaz,,,,https://voter.votewa.gov/elections/voterguide.ashx?e=898&la=en&c=35&p=
WA,Wahkiakum,ocd-division/country:us/state:wa/county:wahkiakum,2026-08-04,Primary,candidate,Justice Position #05,Supreme Court,Dave Larson,,,,https://voter.votewa.gov/elections/voterguide.ashx?e=898&la=en&c=35&p=
WA,Wahkiakum,ocd-division/country:us/state:wa/county:wahkiakum,2026-08-04,Primary,candidate,Justice Position #05,Supreme Court,Greg Miller,,,,https://voter.votewa.gov/elections/voterguide.ashx?e=898&la=en&c=35&p=
WA,Wahkiakum,ocd-division/country:us/state:wa/county:wahkiakum,2026-08-04,Primary,candidate,Justice Position #05,Supreme Court,Sharonda Amamilo,,,,https://voter.votewa.gov/elections/voterguide.ashx?e=898&la=en&c=35&p=
WA,Wahkiakum,ocd-division/country:us/state:wa/county:wahkiakum,2026-08-04,Primary,candidate,Justice Position #05,Supreme Court,Theo Angelis,,,,https://voter.votewa.gov/elections/voterguide.ashx?e=898&la=en&c=35&p=
WA,Wahkiakum,ocd-division/country:us/state:wa/county:wahkiakum,2026-08-04,Primary,candidate,Justice Position #07,Supreme Court,David R Shelvey,,,,https://voter.votewa.gov/elections/voterguide.ashx?e=898&la=en&c=35&p=
WA,Wahkiakum,ocd-division/country:us/state:wa/county:wahkiakum,2026-08-04,Primary,candidate,Justice Position #07,Supreme Court,Debra L. Stephens,,,,https://voter.votewa.gov/elections/voterguide.ashx?e=898&la=en&c=35&p=
WA,Wahkiakum,ocd-division/country:us/state:wa/county:wahkiakum,2026-08-04,Primary,candidate,Justice Position #07,Supreme Court,Karim A. Merchant,,,,https://voter.votewa.gov/elections/voterguide.ashx?e=898&la=en&c=35&p=
WA,Wahkiakum,ocd-division/country:us/state:wa/county:wahkiakum,2026-08-04,Primary,candidate,Justice Position #07,Supreme Court,Todd A. Bloom,,,,https://voter.votewa.gov/elections/voterguide.ashx?e=898&la=en&c=35&p=
WA,Wahkiakum,ocd-division/country:us/state:wa/county:wahkiakum,2026-08-04,Primary,candidate,Prosecuting Attorney,County,Dan Bigelow,Democratic Party,,,https://voter.votewa.gov/elections/voterguide.ashx?e=898&la=en&c=35&p=
WA,Wahkiakum,ocd-division/country:us/state:wa/sldl:19,2026-08-04,Primary,candidate,State Representative Pos. 1,Legislative District 19,Jim Walsh,Republican Party,,,https://voter.votewa.gov/elections/voterguide.ashx?e=898&la=en&c=35&p=
WA,Wahkiakum,ocd-division/country:us/state:wa/sldl:19,2026-08-04,Primary,candidate,State Representative Pos. 1,Legislative District 19,Kevin Moynihan,Democratic Party,,,https://voter.votewa.gov/elections/voterguide.ashx?e=898&la=en&c=35&p=
WA,Wahkiakum,ocd-division/country:us/state:wa/sldl:19,2026-08-04,Primary,candidate,State Representative Pos. 2,Legislative District 19,Daniel William Bradley,Republican Party,,,https://voter.votewa.gov/elections/voterguide.ashx?e=898&la=en&c=35&p=
WA,Wahkiakum,ocd-division/country:us/state:wa/sldl:19,2026-08-04,Primary,candidate,State Representative Pos. 2,Legislative District 19,Jimi O'Hagan,Republican Party,,,https://voter.votewa.gov/elections/voterguide.ashx?e=898&la=en&c=35&p=
WA,Wahkiakum,ocd-division/country:us/state:wa/sldl:19,2026-08-04,Primary,candidate,State Representative Pos. 2,Legislative District 19,Joel McEntire,Republican Party,,,https://voter.votewa.gov/elections/voterguide.ashx?e=898&la=en&c=35&p=
WA,Wahkiakum,ocd-division/country:us/state:wa/sldl:19,2026-08-04,Primary,candidate,State Representative Pos. 2,Legislative District 19,Terry Carlson,Democratic Party,,,https://voter.votewa.gov/elections/voterguide.ashx?e=898&la=en&c=35&p=
WA,Wahkiakum,ocd-division/country:us/state:wa/cd:3,2026-08-04,Primary,candidate,U.S. Representative,Congressional District 3,Antony Barran,Cascade Party,,,https://voter.votewa.gov/elections/voterguide.ashx?e=898&la=en&c=35&p=
WA,Wahkiakum,ocd-division/country:us/state:wa/cd:3,2026-08-04,Primary,candidate,U.S. Representative,Congressional District 3,Austin Braswell,Democratic Party,,,https://voter.votewa.gov/elections/voterguide.ashx?e=898&la=en&c=35&p=
WA,Wahkiakum,ocd-division/country:us/state:wa/cd:3,2026-08-04,Primary,candidate,U.S. Representative,Congressional District 3,Brent Hennrich,Democratic Party,,,https://voter.votewa.gov/elections/voterguide.ashx?e=898&la=en&c=35&p=
WA,Wahkiakum,ocd-division/country:us/state:wa/cd:3,2026-08-04,Primary,candidate,U.S. Representative,Congressional District 3,John Braun,Republican Party,,,https://voter.votewa.gov/elections/voterguide.ashx?e=898&la=en&c=35&p=
WA,Wahkiakum,ocd-division/country:us/state:wa/cd:3,2026-08-04,Primary,candidate,U.S. Representative,Congressional District 3,John P. Roco,Republican Party,,,https://voter.votewa.gov/elections/voterguide.ashx?e=898&la=en&c=35&p=
WA,Wahkiakum,ocd-division/country:us/state:wa/cd:3,2026-08-04,Primary,candidate,U.S. Representative,Congressional District 3,John Saulie-Rohman,Independent Party,,,https://voter.votewa.gov/elections/voterguide.ashx?e=898&la=en&c=35&p=
WA,Wahkiakum,ocd-division/country:us/state:wa/cd:3,2026-08-04,Primary,candidate,U.S. Representative,Congressional District 3,Lawrence Kellogg,Republican Party,,,https://voter.votewa.gov/elections/voterguide.ashx?e=898&la=en&c=35&p=
WA,Wahkiakum,ocd-division/country:us/state:wa/cd:3,2026-08-04,Primary,candidate,U.S. Representative,Congressional District 3,Marie Gluesenkamp Perez,Democratic Party,,,https://voter.votewa.gov/elections/voterguide.ashx?e=898&la=en&c=35&p=
WA,Wahkiakum,ocd-division/country:us/state:wa/cd:3,2026-08-04,Primary,candidate,U.S. Representative,Congressional District 3,Troy Rasband,Democratic Party,,,https://voter.votewa.gov/elections/voterguide.ashx?e=898&la=en&c=35&p=
WA,Walla Walla,ocd-division/country:us/state:wa/county:walla_walla,2026-08-04,Primary,candidate,Assessor,County,Byron Burres,Republican Party,,,https://voter.votewa.gov/elections/voterguide.ashx?e=898&la=en&c=36&p=
WA,Walla Walla,ocd-division/country:us/state:wa/county:walla_walla,2026-08-04,Primary,candidate,Auditor,County,Gregory A. Tompkins,No Party Preference,,,https://voter.votewa.gov/elections/voterguide.ashx?e=898&la=en&c=36&p=
WA,Walla Walla,ocd-division/country:us/state:wa/county:walla_walla,2026-08-04,Primary,candidate,Auditor,County,MARJORIE DENTON SANBORN,No Party Preference,,,https://voter.votewa.gov/elections/voterguide.ashx?e=898&la=en&c=36&p=
WA,Walla Walla,ocd-division/country:us/state:wa/county:walla_walla,2026-08-04,Primary,candidate,Auditor,County,Sheryl R. Park,Republican Party,,,https://voter.votewa.gov/elections/voterguide.ashx?e=898&la=en&c=36&p=
WA,Walla Walla,ocd-division/country:us/state:wa/county:walla_walla,2026-08-04,Primary,candidate,Auditor,County,Tim Reeves,Democrat Party,,,https://voter.votewa.gov/elections/voterguide.ashx?e=898&la=en&c=36&p=
WA,Walla Walla,ocd-division/country:us/state:wa/county:walla_walla,2026-08-04,Primary,candidate,Clerk,County,Becky Renwick,Republican Party,,,https://voter.votewa.gov/elections/voterguide.ashx?e=898&la=en&c=36&p=
WA,Walla Walla,ocd-division/country:us/state:wa/county:walla_walla,2026-08-04,Primary,candidate,Coroner,County,Richard Greenwood,Republican Party,,,https://voter.votewa.gov/elections/voterguide.ashx?e=898&la=en&c=36&p=
WA,Walla Walla,ocd-division/country:us/state:wa/county:walla_walla,2026-08-04,Primary,candidate,County Commissioner District 3,Commissioner District 3,Gunner Fulmer,Republican Party,,,https://voter.votewa.gov/elections/voterguide.ashx?e=898&la=en&c=36&p=
WA,Walla Walla,ocd-division/country:us/state:wa/county:walla_walla,2026-08-04,Primary,candidate,County Commissioner District 3,Commissioner District 3,Rikki P Wescott,No Party Preference,,,https://voter.votewa.gov/elections/voterguide.ashx?e=898&la=en&c=36&p=
WA,Walla Walla,ocd-division/country:us/state:wa/county:walla_walla,2026-08-04,Primary,candidate,County Commissioner District 3,Commissioner District 3,Troy Woody,Republican Party,,,https://voter.votewa.gov/elections/voterguide.ashx?e=898&la=en&c=36&p=
WA,Walla Walla,ocd-division/country:us/state:wa/county:walla_walla,2026-08-04,Primary,candidate,Justice Position #01,Supreme Court,Colleen Melody,,,,https://voter.votewa.gov/elections/voterguide.ashx?e=898&la=en&c=36&p=
WA,Walla Walla,ocd-division/country:us/state:wa/county:walla_walla,2026-08-04,Primary,candidate,Justice Position #01,Supreme Court,Laura Christensen Colberg,,,,https://voter.votewa.gov/elections/voterguide.ashx?e=898&la=en&c=36&p=
WA,Walla Walla,ocd-division/country:us/state:wa/county:walla_walla,2026-08-04,Primary,candidate,Justice Position #01,Supreme Court,Scott Edwards,,,,https://voter.votewa.gov/elections/voterguide.ashx?e=898&la=en&c=36&p=
WA,Walla Walla,ocd-division/country:us/state:wa/county:walla_walla,2026-08-04,Primary,candidate,Justice Position #03,Supreme Court,David Stevens,,,,https://voter.votewa.gov/elections/voterguide.ashx?e=898&la=en&c=36&p=
WA,Walla Walla,ocd-division/country:us/state:wa/county:walla_walla,2026-08-04,Primary,candidate,Justice Position #03,Supreme Court,Jaime Michelle Hawk,,,,https://voter.votewa.gov/elections/voterguide.ashx?e=898&la=en&c=36&p=
WA,Walla Walla,ocd-division/country:us/state:wa/county:walla_walla,2026-08-04,Primary,candidate,Justice Position #03,Supreme Court,Mike Diaz,,,,https://voter.votewa.gov/elections/voterguide.ashx?e=898&la=en&c=36&p=
WA,Walla Walla,ocd-division/country:us/state:wa/county:walla_walla,2026-08-04,Primary,candidate,Justice Position #05,Supreme Court,Dave Larson,,,,https://voter.votewa.gov/elections/voterguide.ashx?e=898&la=en&c=36&p=
WA,Walla Walla,ocd-division/country:us/state:wa/county:walla_walla,2026-08-04,Primary,candidate,Justice Position #05,Supreme Court,Greg Miller,,,,https://voter.votewa.gov/elections/voterguide.ashx?e=898&la=en&c=36&p=
WA,Walla Walla,ocd-division/country:us/state:wa/county:walla_walla,2026-08-04,Primary,candidate,Justice Position #05,Supreme Court,Sharonda Amamilo,,,,https://voter.votewa.gov/elections/voterguide.ashx?e=898&la=en&c=36&p=
WA,Walla Walla,ocd-division/country:us/state:wa/county:walla_walla,2026-08-04,Primary,candidate,Justice Position #05,Supreme Court,Theo Angelis,,,,https://voter.votewa.gov/elections/voterguide.ashx?e=898&la=en&c=36&p=
WA,Walla Walla,ocd-division/country:us/state:wa/county:walla_walla,2026-08-04,Primary,candidate,Justice Position #07,Supreme Court,David R Shelvey,,,,https://voter.votewa.gov/elections/voterguide.ashx?e=898&la=en&c=36&p=
WA,Walla Walla,ocd-division/country:us/state:wa/county:walla_walla,2026-08-04,Primary,candidate,Justice Position #07,Supreme Court,Debra L. Stephens,,,,https://voter.votewa.gov/elections/voterguide.ashx?e=898&la=en&c=36&p=
WA,Walla Walla,ocd-division/country:us/state:wa/county:walla_walla,2026-08-04,Primary,candidate,Justice Position #07,Supreme Court,Karim A. Merchant,,,,https://voter.votewa.gov/elections/voterguide.ashx?e=898&la=en&c=36&p=
WA,Walla Walla,ocd-division/country:us/state:wa/county:walla_walla,2026-08-04,Primary,candidate,Justice Position #07,Supreme Court,Todd A. Bloom,,,,https://voter.votewa.gov/elections/voterguide.ashx?e=898&la=en&c=36&p=
WA,Walla Walla,ocd-division/country:us/state:wa/county:walla_walla,2026-08-04,Primary,candidate,Precinct Committee Officer - Democratic,College Place 4 66,David M. Elliott,,,,https://voter.votewa.gov/elections/voterguide.ashx?e=898&la=en&c=36&p=
WA,Walla Walla,ocd-division/country:us/state:wa/county:walla_walla,2026-08-04,Primary,candidate,Precinct Committee Officer - Democratic,College Place 4 66,Janet Adams,,,,https://voter.votewa.gov/elections/voterguide.ashx?e=898&la=en&c=36&p=
WA,Walla Walla,ocd-division/country:us/state:wa/county:walla_walla,2026-08-04,Primary,candidate,Precinct Committee Officer - Democratic,Henderson 11,Kristine Hammar,,,,https://voter.votewa.gov/elections/voterguide.ashx?e=898&la=en&c=36&p=
WA,Walla Walla,ocd-division/country:us/state:wa/county:walla_walla,2026-08-04,Primary,candidate,Precinct Committee Officer - Democratic,Henderson 11,Melissa Shumake,,,,https://voter.votewa.gov/elections/voterguide.ashx?e=898&la=en&c=36&p=
WA,Walla Walla,ocd-division/country:us/state:wa/county:walla_walla,2026-08-04,Primary,candidate,Precinct Committee Officer - Republican,Derry 40,Jim Mc Claflin,,,,https://voter.votewa.gov/elections/voterguide.ashx?e=898&la=en&c=36&p=
WA,Walla Walla,ocd-division/country:us/state:wa/county:walla_walla,2026-08-04,Primary,candidate,Precinct Committee Officer - Republican,Derry 40,Valerie A. Gentzler,,,,https://voter.votewa.gov/elections/voterguide.ashx?e=898&la=en&c=36&p=
WA,Walla Walla,ocd-division/country:us/state:wa/county:walla_walla,2026-08-04,Primary,candidate,Prosecuting Attorney,County,Gabriel Acosta,Republican Party,,,https://voter.votewa.gov/elections/voterguide.ashx?e=898&la=en&c=36&p=
WA,Walla Walla,ocd-division/country:us/state:wa/county:walla_walla,2026-08-04,Primary,candidate,Sheriff,County,Ashley Daschofsky,Republican Party,,,https://voter.votewa.gov/elections/voterguide.ashx?e=898&la=en&c=36&p=
WA,Walla Walla,ocd-division/country:us/state:wa/county:walla_walla,2026-08-04,Primary,candidate,Sheriff,County,Richard Schram,Republican Party,,,https://voter.votewa.gov/elections/voterguide.ashx?e=898&la=en&c=36&p=
WA,Walla Walla,ocd-division/country:us/state:wa/sldl:16,2026-08-04,Primary,candidate,State Representative Pos. 1,Legislative District 16,Kyle Palmer,Democratic Party,,,https://voter.votewa.gov/elections/voterguide.ashx?e=898&la=en&c=36&p=
WA,Walla Walla,ocd-division/country:us/state:wa/sldl:16,2026-08-04,Primary,candidate,State Representative Pos. 1,Legislative District 16,Mark Klicker,Republican Party,,,https://voter.votewa.gov/elections/voterguide.ashx?e=898&la=en&c=36&p=
WA,Walla Walla,ocd-division/country:us/state:wa/sldl:16,2026-08-04,Primary,candidate,State Representative Pos. 2,Legislative District 16,Derek Sarley,Democratic Party,,,https://voter.votewa.gov/elections/voterguide.ashx?e=898&la=en&c=36&p=
WA,Walla Walla,ocd-division/country:us/state:wa/sldl:16,2026-08-04,Primary,candidate,State Representative Pos. 2,Legislative District 16,Skyler Rude,Republican Party,,,https://voter.votewa.gov/elections/voterguide.ashx?e=898&la=en&c=36&p=
WA,Walla Walla,ocd-division/country:us/state:wa,2026-08-04,Primary,candidate,Treasurer,County,Gordon R Heimbigner,Republican Party,,,https://voter.votewa.gov/elections/voterguide.ashx?e=898&la=en&c=36&p=
WA,Walla Walla,ocd-division/country:us/state:wa/cd:5,2026-08-04,Primary,candidate,U.S. Representative,Congressional District 5,Andrew Bartleson,Independent Party,,,https://voter.votewa.gov/elections/voterguide.ashx?e=898&la=en&c=36&p=
WA,Walla Walla,ocd-division/country:us/state:wa/cd:5,2026-08-04,Primary,candidate,U.S. Representative,Congressional District 5,Ann Marie Danimus,Independent Party,,,https://voter.votewa.gov/elections/voterguide.ashx?e=898&la=en&c=36&p=
WA,Walla Walla,ocd-division/country:us/state:wa/cd:5,2026-08-04,Primary,candidate,U.S. Representative,Congressional District 5,Bajun R. Mavalwalla,Democratic Party,,,https://voter.votewa.gov/elections/voterguide.ashx?e=898&la=en&c=36&p=
WA,Walla Walla,ocd-division/country:us/state:wa/cd:5,2026-08-04,Primary,candidate,U.S. Representative,Congressional District 5,Carmela Conroy,Democratic Party,,,https://voter.votewa.gov/elections/voterguide.ashx?e=898&la=en&c=36&p=
WA,Walla Walla,ocd-division/country:us/state:wa/cd:5,2026-08-04,Primary,candidate,U.S. Representative,Congressional District 5,David Womack,Democratic Party,,,https://voter.votewa.gov/elections/voterguide.ashx?e=898&la=en&c=36&p=
WA,Walla Walla,ocd-division/country:us/state:wa/cd:5,2026-08-04,Primary,candidate,U.S. Representative,Congressional District 5,Kevin Fagan,Democratic Party,,,https://voter.votewa.gov/elections/voterguide.ashx?e=898&la=en&c=36&p=
WA,Walla Walla,ocd-division/country:us/state:wa/cd:5,2026-08-04,Primary,candidate,U.S. Representative,Congressional District 5,Kyle Usrey,Independent Party,,,https://voter.votewa.gov/elections/voterguide.ashx?e=898&la=en&c=36&p=
WA,Walla Walla,ocd-division/country:us/state:wa/cd:5,2026-08-04,Primary,candidate,U.S. Representative,Congressional District 5,Matthew Hayes,Independent Party,,,https://voter.votewa.gov/elections/voterguide.ashx?e=898&la=en&c=36&p=
WA,Walla Walla,ocd-division/country:us/state:wa/cd:5,2026-08-04,Primary,candidate,U.S. Representative,Congressional District 5,Michael Baumgartner,Republican Party,,,https://voter.votewa.gov/elections/voterguide.ashx?e=898&la=en&c=36&p=
WA,Walla Walla,ocd-division/country:us/state:wa/cd:5,2026-08-04,Primary,candidate,U.S. Representative,Congressional District 5,Michael McGarr,Democratic Party,,,https://voter.votewa.gov/elections/voterguide.ashx?e=898&la=en&c=36&p=
WA,Walla Walla,ocd-division/country:us/state:wa/cd:5,2026-08-04,Primary,candidate,U.S. Representative,Congressional District 5,Nate Powell,Independent Party,,,https://voter.votewa.gov/elections/voterguide.ashx?e=898&la=en&c=36&p=
WA,Walla Walla,ocd-division/country:us/state:wa/cd:5,2026-08-04,Primary,candidate,U.S. Representative,Congressional District 5,Richard Freudenberg,Democratic Party,,,https://voter.votewa.gov/elections/voterguide.ashx?e=898&la=en&c=36&p=
WA,Whatcom,ocd-division/country:us/state:wa/county:whatcom,2026-08-04,Primary,candidate,Commissioner District 4,Port Of Bellingham Commissioner District 4,Dean Berkeley,,,,https://voter.votewa.gov/elections/voterguide.ashx?e=898&la=en&c=37&p=
WA,Whatcom,ocd-division/country:us/state:wa/county:whatcom,2026-08-04,Primary,candidate,Commissioner District 4,Port Of Bellingham Commissioner District 4,Jaden McConnell,,,,https://voter.votewa.gov/elections/voterguide.ashx?e=898&la=en&c=37&p=
WA,Whatcom,ocd-division/country:us/state:wa/county:whatcom,2026-08-04,Primary,candidate,Commissioner District 4,Port Of Bellingham Commissioner District 4,Paul Burrill,,,,https://voter.votewa.gov/elections/voterguide.ashx?e=898&la=en&c=37&p=
WA,Whatcom,ocd-division/country:us/state:wa/county:whatcom,2026-08-04,Primary,candidate,Commissioner District 4,Port Of Bellingham Commissioner District 4,Samantha Cruz-Mendoza,,,,https://voter.votewa.gov/elections/voterguide.ashx?e=898&la=en&c=37&p=
WA,Whatcom,ocd-division/country:us/state:wa/county:whatcom,2026-08-04,Primary,candidate,Commissioner District 4,Port Of Bellingham Commissioner District 4,Tim Chartier,,,,https://voter.votewa.gov/elections/voterguide.ashx?e=898&la=en&c=37&p=
WA,Whatcom,ocd-division/country:us/state:wa/county:whatcom,2026-08-04,Primary,candidate,Commissioner District 4,Port Of Bellingham Commissioner District 4,Tor Benson,,,,https://voter.votewa.gov/elections/voterguide.ashx?e=898&la=en&c=37&p=
WA,Whatcom,ocd-division/country:us/state:wa/county:whatcom,2026-08-04,Primary,candidate,Commissioner District 5,Port Of Bellingham Commissioner District 5,Chris Elder,,,,https://voter.votewa.gov/elections/voterguide.ashx?e=898&la=en&c=37&p=
WA,Whatcom,ocd-division/country:us/state:wa/county:whatcom,2026-08-04,Primary,candidate,Commissioner District 5,Port Of Bellingham Commissioner District 5,Jerry Burns,,,,https://voter.votewa.gov/elections/voterguide.ashx?e=898&la=en&c=37&p=
WA,Whatcom,ocd-division/country:us/state:wa/county:whatcom,2026-08-04,Primary,candidate,Commissioner District 5,Port Of Bellingham Commissioner District 5,Randall Wood,,,,https://voter.votewa.gov/elections/voterguide.ashx?e=898&la=en&c=37&p=
WA,Whatcom,ocd-division/country:us/state:wa/county:whatcom,2026-08-04,Primary,candidate,Commissioner District 5,Port Of Bellingham Commissioner District 5,Shawn Ensley,,,,https://voter.votewa.gov/elections/voterguide.ashx?e=898&la=en&c=37&p=
WA,Whatcom,ocd-division/country:us/state:wa/county:whatcom,2026-08-04,Primary,candidate,Commissioner District 5,Port Of Bellingham Commissioner District 5,Spenser R. New,,,,https://voter.votewa.gov/elections/voterguide.ashx?e=898&la=en&c=37&p=
WA,Whatcom,ocd-division/country:us/state:wa/county:whatcom,2026-08-04,Primary,candidate,Commissioner District 5,Port Of Bellingham Commissioner District 5,Todd Lagestee,,,,https://voter.votewa.gov/elections/voterguide.ashx?e=898&la=en&c=37&p=
WA,Whatcom,ocd-division/country:us/state:wa/county:whatcom,2026-08-04,Primary,candidate,Justice Position #01,Supreme Court,Colleen Melody,,,,https://voter.votewa.gov/elections/voterguide.ashx?e=898&la=en&c=37&p=
WA,Whatcom,ocd-division/country:us/state:wa/county:whatcom,2026-08-04,Primary,candidate,Justice Position #01,Supreme Court,Laura Christensen Colberg,,,,https://voter.votewa.gov/elections/voterguide.ashx?e=898&la=en&c=37&p=
WA,Whatcom,ocd-division/country:us/state:wa/county:whatcom,2026-08-04,Primary,candidate,Justice Position #01,Supreme Court,Scott Edwards,,,,https://voter.votewa.gov/elections/voterguide.ashx?e=898&la=en&c=37&p=
WA,Whatcom,ocd-division/country:us/state:wa/county:whatcom,2026-08-04,Primary,candidate,Justice Position #03,Supreme Court,David Stevens,,,,https://voter.votewa.gov/elections/voterguide.ashx?e=898&la=en&c=37&p=
WA,Whatcom,ocd-division/country:us/state:wa/county:whatcom,2026-08-04,Primary,candidate,Justice Position #03,Supreme Court,Jaime Michelle Hawk,,,,https://voter.votewa.gov/elections/voterguide.ashx?e=898&la=en&c=37&p=
WA,Whatcom,ocd-division/country:us/state:wa/county:whatcom,2026-08-04,Primary,candidate,Justice Position #03,Supreme Court,Mike Diaz,,,,https://voter.votewa.gov/elections/voterguide.ashx?e=898&la=en&c=37&p=
WA,Whatcom,ocd-division/country:us/state:wa/county:whatcom,2026-08-04,Primary,candidate,Justice Position #05,Supreme Court,Dave Larson,,,,https://voter.votewa.gov/elections/voterguide.ashx?e=898&la=en&c=37&p=
WA,Whatcom,ocd-division/country:us/state:wa/county:whatcom,2026-08-04,Primary,candidate,Justice Position #05,Supreme Court,Greg Miller,,,,https://voter.votewa.gov/elections/voterguide.ashx?e=898&la=en&c=37&p=
WA,Whatcom,ocd-division/country:us/state:wa/county:whatcom,2026-08-04,Primary,candidate,Justice Position #05,Supreme Court,Sharonda Amamilo,,,,https://voter.votewa.gov/elections/voterguide.ashx?e=898&la=en&c=37&p=
WA,Whatcom,ocd-division/country:us/state:wa/county:whatcom,2026-08-04,Primary,candidate,Justice Position #05,Supreme Court,Theo Angelis,,,,https://voter.votewa.gov/elections/voterguide.ashx?e=898&la=en&c=37&p=
WA,Whatcom,ocd-division/country:us/state:wa/county:whatcom,2026-08-04,Primary,candidate,Justice Position #07,Supreme Court,David R Shelvey,,,,https://voter.votewa.gov/elections/voterguide.ashx?e=898&la=en&c=37&p=
WA,Whatcom,ocd-division/country:us/state:wa/county:whatcom,2026-08-04,Primary,candidate,Justice Position #07,Supreme Court,Debra L. Stephens,,,,https://voter.votewa.gov/elections/voterguide.ashx?e=898&la=en&c=37&p=
WA,Whatcom,ocd-division/country:us/state:wa/county:whatcom,2026-08-04,Primary,candidate,Justice Position #07,Supreme Court,Karim A. Merchant,,,,https://voter.votewa.gov/elections/voterguide.ashx?e=898&la=en&c=37&p=
WA,Whatcom,ocd-division/country:us/state:wa/county:whatcom,2026-08-04,Primary,candidate,Justice Position #07,Supreme Court,Todd A. Bloom,,,,https://voter.votewa.gov/elections/voterguide.ashx?e=898&la=en&c=37&p=
WA,Whatcom,ocd-division/country:us/state:wa/county:whatcom,2026-08-04,Primary,candidate,Precinct Committee Officer - Democratic,135,Debra Covert-Bowlds,,,,https://voter.votewa.gov/elections/voterguide.ashx?e=898&la=en&c=37&p=
WA,Whatcom,ocd-division/country:us/state:wa/county:whatcom,2026-08-04,Primary,candidate,Precinct Committee Officer - Democratic,135,Samantha Cruz-Mendoza,,,,https://voter.votewa.gov/elections/voterguide.ashx?e=898&la=en&c=37&p=
WA,Whatcom,ocd-division/country:us/state:wa/county:whatcom,2026-08-04,Primary,candidate,Precinct Committee Officer - Democratic,137,Atul Deshmane,,,,https://voter.votewa.gov/elections/voterguide.ashx?e=898&la=en&c=37&p=
WA,Whatcom,ocd-division/country:us/state:wa/county:whatcom,2026-08-04,Primary,candidate,Precinct Committee Officer - Democratic,137,William Todd,,,,https://voter.votewa.gov/elections/voterguide.ashx?e=898&la=en&c=37&p=
WA,Whatcom,ocd-division/country:us/state:wa/county:whatcom,2026-08-04,Primary,candidate,Precinct Committee Officer - Democratic,201,Brian Estes,,,,https://voter.votewa.gov/elections/voterguide.ashx?e=898&la=en&c=37&p=
WA,Whatcom,ocd-division/country:us/state:wa/county:whatcom,2026-08-04,Primary,candidate,Precinct Committee Officer - Democratic,201,Lee Kirk,,,,https://voter.votewa.gov/elections/voterguide.ashx?e=898&la=en&c=37&p=
WA,Whatcom,ocd-division/country:us/state:wa/county:whatcom,2026-08-04,Primary,candidate,Precinct Committee Officer - Democratic,207,Janna Grigorjev,,,,https://voter.votewa.gov/elections/voterguide.ashx?e=898&la=en&c=37&p=
WA,Whatcom,ocd-division/country:us/state:wa/county:whatcom,2026-08-04,Primary,candidate,Precinct Committee Officer - Democratic,207,Michael Carnahan,,,,https://voter.votewa.gov/elections/voterguide.ashx?e=898&la=en&c=37&p=
WA,Whatcom,ocd-division/country:us/state:wa/county:whatcom,2026-08-04,Primary,candidate,Precinct Committee Officer - Democratic,222,Elizabeth (Beth) Hartsoch,,,,https://voter.votewa.gov/elections/voterguide.ashx?e=898&la=en&c=37&p=
WA,Whatcom,ocd-division/country:us/state:wa/county:whatcom,2026-08-04,Primary,candidate,Precinct Committee Officer - Democratic,222,Susan Ryan,,,,https://voter.votewa.gov/elections/voterguide.ashx?e=898&la=en&c=37&p=
WA,Whatcom,ocd-division/country:us/state:wa/county:whatcom,2026-08-04,Primary,candidate,Precinct Committee Officer - Democratic,224,Alan McConchie,,,,https://voter.votewa.gov/elections/voterguide.ashx?e=898&la=en&c=37&p=
WA,Whatcom,ocd-division/country:us/state:wa/county:whatcom,2026-08-04,Primary,candidate,Precinct Committee Officer - Democratic,224,Patrick McGarrity,,,,https://voter.votewa.gov/elections/voterguide.ashx?e=898&la=en&c=37&p=
WA,Whatcom,ocd-division/country:us/state:wa/county:whatcom,2026-08-04,Primary,candidate,Precinct Committee Officer - Democratic,225,Maya Morales,,,,https://voter.votewa.gov/elections/voterguide.ashx?e=898&la=en&c=37&p=
WA,Whatcom,ocd-division/country:us/state:wa/county:whatcom,2026-08-04,Primary,candidate,Precinct Committee Officer - Democratic,225,Sharon Shewmake,,,,https://voter.votewa.gov/elections/voterguide.ashx?e=898&la=en&c=37&p=
WA,Whatcom,ocd-division/country:us/state:wa/county:whatcom,2026-08-04,Primary,candidate,Precinct Committee Officer - Democratic,229,Barbara Plaskett,,,,https://voter.votewa.gov/elections/voterguide.ashx?e=898&la=en&c=37&p=
WA,Whatcom,ocd-division/country:us/state:wa/county:whatcom,2026-08-04,Primary,candidate,Precinct Committee Officer - Democratic,229,Slater Meyer,,,,https://voter.votewa.gov/elections/voterguide.ashx?e=898&la=en&c=37&p=
WA,Whatcom,ocd-division/country:us/state:wa/county:whatcom,2026-08-04,Primary,candidate,Precinct Committee Officer - Democratic,241,Andrew Reding,,,,https://voter.votewa.gov/elections/voterguide.ashx?e=898&la=en&c=37&p=
WA,Whatcom,ocd-division/country:us/state:wa/county:whatcom,2026-08-04,Primary,candidate,Precinct Committee Officer - Democratic,241,Andrew Shelton,,,,https://voter.votewa.gov/elections/voterguide.ashx?e=898&la=en&c=37&p=
WA,Whatcom,ocd-division/country:us/state:wa/county:whatcom,2026-08-04,Primary,candidate,Precinct Committee Officer - Democratic,243,David Edelman,,,,https://voter.votewa.gov/elections/voterguide.ashx?e=898&la=en&c=37&p=
WA,Whatcom,ocd-division/country:us/state:wa/county:whatcom,2026-08-04,Primary,candidate,Precinct Committee Officer - Democratic,243,Gwennan Pritchard,,,,https://voter.votewa.gov/elections/voterguide.ashx?e=898&la=en&c=37&p=
WA,Whatcom,ocd-division/country:us/state:wa/county:whatcom,2026-08-04,Primary,candidate,Prosecuting Attorney,County,Dona Bracke,Democrat Party,,,https://voter.votewa.gov/elections/voterguide.ashx?e=898&la=en&c=37&p=
WA,Whatcom,ocd-division/country:us/state:wa/county:whatcom,2026-08-04,Primary,candidate,Prosecuting Attorney,County,Erik Sigmar,Democrat Party,,,https://voter.votewa.gov/elections/voterguide.ashx?e=898&la=en&c=37&p=
WA,Whatcom,ocd-division/country:us/state:wa/county:whatcom,2026-08-04,Primary,candidate,Prosecuting Attorney,County,Jesse Corkern,Democratic Party,,,https://voter.votewa.gov/elections/voterguide.ashx?e=898&la=en&c=37&p=
WA,Whatcom,ocd-division/country:us/state:wa/county:whatcom,2026-08-04,Primary,candidate,Prosecuting Attorney,County,Ryan Swinburnson,No Party Preference,,,https://voter.votewa.gov/elections/voterguide.ashx?e=898&la=en&c=37&p=
WA,Whatcom,ocd-division/country:us/state:wa/sldl:40,2026-08-04,Primary,candidate,State Representative Pos. 1,Legislative District 40,Cindy Carter,Republican Party,,,https://voter.votewa.gov/elections/voterguide.ashx?e=898&la=en&c=37&p=
WA,Whatcom,ocd-division/country:us/state:wa/sldl:40,2026-08-04,Primary,candidate,State Representative Pos. 1,Legislative District 40,Debra Lekanoff,Democratic Party,,,https://voter.votewa.gov/elections/voterguide.ashx?e=898&la=en&c=37&p=
WA,Whatcom,ocd-division/country:us/state:wa/sldl:42,2026-08-04,Primary,candidate,State Representative Pos. 1,Legislative District 42,Alicia Rule,Democratic Party,,,https://voter.votewa.gov/elections/voterguide.ashx?e=898&la=en&c=37&p=
WA,Whatcom,ocd-division/country:us/state:wa/sldl:42,2026-08-04,Primary,candidate,State Representative Pos. 1,Legislative District 42,Misty Flowers,Republican Party,,,https://voter.votewa.gov/elections/voterguide.ashx?e=898&la=en&c=37&p=
WA,Whatcom,ocd-division/country:us/state:wa/sldl:40,2026-08-04,Primary,candidate,State Representative Pos. 2,Legislative District 40,Alex Ramel,Democratic Party,,,https://voter.votewa.gov/elections/voterguide.ashx?e=898&la=en&c=37&p=
WA,Whatcom,ocd-division/country:us/state:wa/sldl:40,2026-08-04,Primary,candidate,State Representative Pos. 2,Legislative District 40,Joseph Segault,No Party Preference,,,https://voter.votewa.gov/elections/voterguide.ashx?e=898&la=en&c=37&p=
WA,Whatcom,ocd-division/country:us/state:wa/sldl:40,2026-08-04,Primary,candidate,State Representative Pos. 2,Legislative District 40,Monte Jay Mahan,Independent Party,,,https://voter.votewa.gov/elections/voterguide.ashx?e=898&la=en&c=37&p=
WA,Whatcom,ocd-division/country:us/state:wa/sldl:40,2026-08-04,Primary,candidate,State Representative Pos. 2,Legislative District 40,Salomon Rodrigue Mbouombouo,Independent Party,,,https://voter.votewa.gov/elections/voterguide.ashx?e=898&la=en&c=37&p=
WA,Whatcom,ocd-division/country:us/state:wa/sldl:42,2026-08-04,Primary,candidate,State Representative Pos. 2,Legislative District 42,Joe Timmons,Democratic Party,,,https://voter.votewa.gov/elections/voterguide.ashx?e=898&la=en&c=37&p=
WA,Whatcom,ocd-division/country:us/state:wa/sldl:42,2026-08-04,Primary,candidate,State Representative Pos. 2,Legislative District 42,Justin Pike,Republican Party,,,https://voter.votewa.gov/elections/voterguide.ashx?e=898&la=en&c=37&p=
WA,Whatcom,ocd-division/country:us/state:wa/sldu:42,2026-08-04,Primary,candidate,State Senator,Legislative District 42,Eamonn Collins,Democratic Party,,,https://voter.votewa.gov/elections/voterguide.ashx?e=898&la=en&c=37&p=
WA,Whatcom,ocd-division/country:us/state:wa/sldu:42,2026-08-04,Primary,candidate,State Senator,Legislative District 42,Erika Creydt,Republican Party,,,https://voter.votewa.gov/elections/voterguide.ashx?e=898&la=en&c=37&p=
WA,Whatcom,ocd-division/country:us/state:wa/sldu:42,2026-08-04,Primary,candidate,State Senator,Legislative District 42,Michael Alvarez Shepard,Democratic Party,,,https://voter.votewa.gov/elections/voterguide.ashx?e=898&la=en&c=37&p=
WA,Whatcom,ocd-division/country:us/state:wa/sldu:42,2026-08-04,Primary,candidate,State Senator,Legislative District 42,Ryan Bowman,No Party Preference,,,https://voter.votewa.gov/elections/voterguide.ashx?e=898&la=en&c=37&p=
WA,Whatcom,ocd-division/country:us/state:wa/cd:2,2026-08-04,Primary,candidate,U.S. Representative,Congressional District 2,Devin Hermanson,Democratic Party,,,https://voter.votewa.gov/elections/voterguide.ashx?e=898&la=en&c=37&p=
WA,Whatcom,ocd-division/country:us/state:wa/cd:2,2026-08-04,Primary,candidate,U.S. Representative,Congressional District 2,Edwin H. Feller,Republican Party,,,https://voter.votewa.gov/elections/voterguide.ashx?e=898&la=en&c=37&p=
WA,Whatcom,ocd-division/country:us/state:wa/cd:2,2026-08-04,Primary,candidate,U.S. Representative,Congressional District 2,Rick Larsen,Democratic Party,,,https://voter.votewa.gov/elections/voterguide.ashx?e=898&la=en&c=37&p=
WA,Whatcom,ocd-division/country:us/state:wa/cd:2,2026-08-04,Primary,candidate,U.S. Representative,Congressional District 2,Tomas Scheel,Democratic Party,,,https://voter.votewa.gov/elections/voterguide.ashx?e=898&la=en&c=37&p=
WA,Whatcom,ocd-division/country:us/state:wa/county:whatcom,2026-08-04,Primary,measure,,,,,7172,HOSPITAL DISTRICT 304 - Proposition No. 1 - Levy Lid Lift for Health Care Services,https://voter.votewa.gov/elections/voterguide.ashx?e=898&la=en&c=37&p=
WA,Whatcom,ocd-division/country:us/state:wa/county:whatcom,2026-08-04,Primary,measure,,,,,7203,Fire Protection District 1 - Proposition 2026-02 Regular Property Tax Levy Lid Lift,https://voter.votewa.gov/elections/voterguide.ashx?e=898&la=en&c=37&p=
WA,Whatcom,ocd-division/country:us/state:wa/county:whatcom,2026-08-04,Primary,measure,,,,,7204,Glacier Fire and Rescue - Proposition 2026-04 Authorizing Regular Property Tax Levy,https://voter.votewa.gov/elections/voterguide.ashx?e=898&la=en&c=37&p=
WA,Whatcom,ocd-division/country:us/state:wa/county:whatcom,2026-08-04,Primary,measure,,,,,7223,Fire Protection District 21 - Proposition 2026-03 Authorizing Regular Property Tax Levy,https://voter.votewa.gov/elections/voterguide.ashx?e=898&la=en&c=37&p=
WA,Whitman,ocd-division/country:us/state:wa/county:whitman,2026-08-04,Primary,candidate,Assessor,County,Wraylee Flodin,Republican Party,,,https://voter.votewa.gov/elections/voterguide.ashx?e=898&la=en&c=38&p=
WA,Whitman,ocd-division/country:us/state:wa/county:whitman,2026-08-04,Primary,candidate,Auditor,County,Crystn Guenthner,No Party Preference,,,https://voter.votewa.gov/elections/voterguide.ashx?e=898&la=en&c=38&p=
WA,Whitman,ocd-division/country:us/state:wa/county:whitman,2026-08-04,Primary,candidate,Auditor,County,Kenneth Millar,No Party Preference,,,https://voter.votewa.gov/elections/voterguide.ashx?e=898&la=en&c=38&p=
WA,Whitman,ocd-division/country:us/state:wa/county:whitman,2026-08-04,Primary,candidate,Clerk,County,Jill Whelchel,No Party Preference,,,https://voter.votewa.gov/elections/voterguide.ashx?e=898&la=en&c=38&p=
WA,Whitman,ocd-division/country:us/state:wa/county:whitman,2026-08-04,Primary,candidate,Commissioner 3,Commissioner District - 3,Chad Whetzel,Republican Party,,,https://voter.votewa.gov/elections/voterguide.ashx?e=898&la=en&c=38&p=
WA,Whitman,ocd-division/country:us/state:wa/county:whitman,2026-08-04,Primary,candidate,Coroner,County,Cassie Richardson,Democrat Party,,,https://voter.votewa.gov/elections/voterguide.ashx?e=898&la=en&c=38&p=
WA,Whitman,ocd-division/country:us/state:wa/county:whitman,2026-08-04,Primary,candidate,Justice Position #01,Supreme Court,Colleen Melody,,,,https://voter.votewa.gov/elections/voterguide.ashx?e=898&la=en&c=38&p=
WA,Whitman,ocd-division/country:us/state:wa/county:whitman,2026-08-04,Primary,candidate,Justice Position #01,Supreme Court,Laura Christensen Colberg,,,,https://voter.votewa.gov/elections/voterguide.ashx?e=898&la=en&c=38&p=
WA,Whitman,ocd-division/country:us/state:wa/county:whitman,2026-08-04,Primary,candidate,Justice Position #01,Supreme Court,Scott Edwards,,,,https://voter.votewa.gov/elections/voterguide.ashx?e=898&la=en&c=38&p=
WA,Whitman,ocd-division/country:us/state:wa/county:whitman,2026-08-04,Primary,candidate,Justice Position #03,Supreme Court,David Stevens,,,,https://voter.votewa.gov/elections/voterguide.ashx?e=898&la=en&c=38&p=
WA,Whitman,ocd-division/country:us/state:wa/county:whitman,2026-08-04,Primary,candidate,Justice Position #03,Supreme Court,Jaime Michelle Hawk,,,,https://voter.votewa.gov/elections/voterguide.ashx?e=898&la=en&c=38&p=
WA,Whitman,ocd-division/country:us/state:wa/county:whitman,2026-08-04,Primary,candidate,Justice Position #03,Supreme Court,Mike Diaz,,,,https://voter.votewa.gov/elections/voterguide.ashx?e=898&la=en&c=38&p=
WA,Whitman,ocd-division/country:us/state:wa/county:whitman,2026-08-04,Primary,candidate,Justice Position #05,Supreme Court,Dave Larson,,,,https://voter.votewa.gov/elections/voterguide.ashx?e=898&la=en&c=38&p=
WA,Whitman,ocd-division/country:us/state:wa/county:whitman,2026-08-04,Primary,candidate,Justice Position #05,Supreme Court,Greg Miller,,,,https://voter.votewa.gov/elections/voterguide.ashx?e=898&la=en&c=38&p=
WA,Whitman,ocd-division/country:us/state:wa/county:whitman,2026-08-04,Primary,candidate,Justice Position #05,Supreme Court,Sharonda Amamilo,,,,https://voter.votewa.gov/elections/voterguide.ashx?e=898&la=en&c=38&p=
WA,Whitman,ocd-division/country:us/state:wa/county:whitman,2026-08-04,Primary,candidate,Justice Position #05,Supreme Court,Theo Angelis,,,,https://voter.votewa.gov/elections/voterguide.ashx?e=898&la=en&c=38&p=
WA,Whitman,ocd-division/country:us/state:wa/county:whitman,2026-08-04,Primary,candidate,Justice Position #07,Supreme Court,David R Shelvey,,,,https://voter.votewa.gov/elections/voterguide.ashx?e=898&la=en&c=38&p=
WA,Whitman,ocd-division/country:us/state:wa/county:whitman,2026-08-04,Primary,candidate,Justice Position #07,Supreme Court,Debra L. Stephens,,,,https://voter.votewa.gov/elections/voterguide.ashx?e=898&la=en&c=38&p=
WA,Whitman,ocd-division/country:us/state:wa/county:whitman,2026-08-04,Primary,candidate,Justice Position #07,Supreme Court,Karim A. Merchant,,,,https://voter.votewa.gov/elections/voterguide.ashx?e=898&la=en&c=38&p=
WA,Whitman,ocd-division/country:us/state:wa/county:whitman,2026-08-04,Primary,candidate,Justice Position #07,Supreme Court,Todd A. Bloom,,,,https://voter.votewa.gov/elections/voterguide.ashx?e=898&la=en&c=38&p=
WA,Whitman,ocd-division/country:us/state:wa/county:whitman,2026-08-04,Primary,candidate,Precinct Committee Officer - Democratic,Pullman 1146,Brad Wilson,,,,https://voter.votewa.gov/elections/voterguide.ashx?e=898&la=en&c=38&p=
WA,Whitman,ocd-division/country:us/state:wa/county:whitman,2026-08-04,Primary,candidate,Precinct Committee Officer - Democratic,Pullman 1146,Elizabeth Siler,,,,https://voter.votewa.gov/elections/voterguide.ashx?e=898&la=en&c=38&p=
WA,Whitman,ocd-division/country:us/state:wa/county:whitman,2026-08-04,Primary,candidate,Prosecuting Attorney,County,Dan LeBeau,Republican Party,,,https://voter.votewa.gov/elections/voterguide.ashx?e=898&la=en&c=38&p=
WA,Whitman,ocd-division/country:us/state:wa/county:whitman,2026-08-04,Primary,candidate,Sheriff,County,Brett J. Myers,Republican Party,,,https://voter.votewa.gov/elections/voterguide.ashx?e=898&la=en&c=38&p=
WA,Whitman,ocd-division/country:us/state:wa/sldl:9,2026-08-04,Primary,candidate,State Representative Pos. 1,Legislative District 9,Mary Dye,Republican Party,,,https://voter.votewa.gov/elections/voterguide.ashx?e=898&la=en&c=38&p=
WA,Whitman,ocd-division/country:us/state:wa/sldl:9,2026-08-04,Primary,candidate,State Representative Pos. 2,Legislative District 9,Joe Schmick,Republican Party,,,https://voter.votewa.gov/elections/voterguide.ashx?e=898&la=en&c=38&p=
WA,Whitman,ocd-division/country:us/state:wa/sldl:9,2026-08-04,Primary,candidate,State Representative Pos. 2,Legislative District 9,Karina Wallace,Democratic Party,,,https://voter.votewa.gov/elections/voterguide.ashx?e=898&la=en&c=38&p=
WA,Whitman,ocd-division/country:us/state:wa,2026-08-04,Primary,candidate,Treasurer,County,Chris Nelson,No Party Preference,,,https://voter.votewa.gov/elections/voterguide.ashx?e=898&la=en&c=38&p=
WA,Whitman,ocd-division/country:us/state:wa/cd:5,2026-08-04,Primary,candidate,U.S. Representative,Congressional District 5,Andrew Bartleson,Independent Party,,,https://voter.votewa.gov/elections/voterguide.ashx?e=898&la=en&c=38&p=
WA,Whitman,ocd-division/country:us/state:wa/cd:5,2026-08-04,Primary,candidate,U.S. Representative,Congressional District 5,Ann Marie Danimus,Independent Party,,,https://voter.votewa.gov/elections/voterguide.ashx?e=898&la=en&c=38&p=
WA,Whitman,ocd-division/country:us/state:wa/cd:5,2026-08-04,Primary,candidate,U.S. Representative,Congressional District 5,Bajun R. Mavalwalla,Democratic Party,,,https://voter.votewa.gov/elections/voterguide.ashx?e=898&la=en&c=38&p=
WA,Whitman,ocd-division/country:us/state:wa/cd:5,2026-08-04,Primary,candidate,U.S. Representative,Congressional District 5,Carmela Conroy,Democratic Party,,,https://voter.votewa.gov/elections/voterguide.ashx?e=898&la=en&c=38&p=
WA,Whitman,ocd-division/country:us/state:wa/cd:5,2026-08-04,Primary,candidate,U.S. Representative,Congressional District 5,David Womack,Democratic Party,,,https://voter.votewa.gov/elections/voterguide.ashx?e=898&la=en&c=38&p=
WA,Whitman,ocd-division/country:us/state:wa/cd:5,2026-08-04,Primary,candidate,U.S. Representative,Congressional District 5,Kevin Fagan,Democratic Party,,,https://voter.votewa.gov/elections/voterguide.ashx?e=898&la=en&c=38&p=
WA,Whitman,ocd-division/country:us/state:wa/cd:5,2026-08-04,Primary,candidate,U.S. Representative,Congressional District 5,Kyle Usrey,Independent Party,,,https://voter.votewa.gov/elections/voterguide.ashx?e=898&la=en&c=38&p=
WA,Whitman,ocd-division/country:us/state:wa/cd:5,2026-08-04,Primary,candidate,U.S. Representative,Congressional District 5,Matthew Hayes,Independent Party,,,https://voter.votewa.gov/elections/voterguide.ashx?e=898&la=en&c=38&p=
WA,Whitman,ocd-division/country:us/state:wa/cd:5,2026-08-04,Primary,candidate,U.S. Representative,Congressional District 5,Michael Baumgartner,Republican Party,,,https://voter.votewa.gov/elections/voterguide.ashx?e=898&la=en&c=38&p=
WA,Whitman,ocd-division/country:us/state:wa/cd:5,2026-08-04,Primary,candidate,U.S. Representative,Congressional District 5,Michael McGarr,Democratic Party,,,https://voter.votewa.gov/elections/voterguide.ashx?e=898&la=en&c=38&p=
WA,Whitman,ocd-division/country:us/state:wa/cd:5,2026-08-04,Primary,candidate,U.S. Representative,Congressional District 5,Nate Powell,Independent Party,,,https://voter.votewa.gov/elections/voterguide.ashx?e=898&la=en&c=38&p=
WA,Whitman,ocd-division/country:us/state:wa/cd:5,2026-08-04,Primary,candidate,U.S. Representative,Congressional District 5,Richard Freudenberg,Democratic Party,,,https://voter.votewa.gov/elections/voterguide.ashx?e=898&la=en&c=38&p=
WA,Whitman,ocd-division/country:us/state:wa/county:whitman,2026-08-04,Primary,measure,,,,,7197,FARMINGTON TOWN - Street Maintenance and General Fund Levy,https://voter.votewa.gov/elections/voterguide.ashx?e=898&la=en&c=38&p=
WA,Whitman,ocd-division/country:us/state:wa/county:whitman,2026-08-04,Primary,measure,,,,,7198,CITY OF TEKOA - Annexation of City of Tekoa into Whitman County Fire Protection District 1,https://voter.votewa.gov/elections/voterguide.ashx?e=898&la=en&c=38&p=
WA,Whitman,ocd-division/country:us/state:wa/county:whitman,2026-08-04,Primary,measure,,,,,7199,FIRE DISTRICT - 01 - Annexation of City of Tekoa into Whitman County Fire Protection District 1,https://voter.votewa.gov/elections/voterguide.ashx?e=898&la=en&c=38&p=
WA,Whitman,ocd-division/country:us/state:wa/county:whitman,2026-08-04,Primary,measure,,,,,7200,FIRE DISTRICT - 05 - Special Levy,https://voter.votewa.gov/elections/voterguide.ashx?e=898&la=en&c=38&p=
WA,Whitman,ocd-division/country:us/state:wa/county:whitman,2026-08-04,Primary,measure,,,,,7201,ROSALIA PARK DISTRICT - 5 - Two Year Maintenance and Operation Levy for Pool,https://voter.votewa.gov/elections/voterguide.ashx?e=898&la=en&c=38&p=
WA,Yakima,ocd-division/country:us/state:wa/county:yakima,2026-08-04,Primary,candidate,Assessor,County,Jacob Tate,Republican Party,,,https://voter.votewa.gov/elections/voterguide.ashx?e=898&la=en&c=39&p=
WA,Yakima,ocd-division/country:us/state:wa/county:yakima,2026-08-04,Primary,candidate,Assessor,County,Keith Effler,Republican Party,,,https://voter.votewa.gov/elections/voterguide.ashx?e=898&la=en&c=39&p=
WA,Yakima,ocd-division/country:us/state:wa/county:yakima,2026-08-04,Primary,candidate,Auditor,County,Charles Ross,Republican Party,,,https://voter.votewa.gov/elections/voterguide.ashx?e=898&la=en&c=39&p=
WA,Yakima,ocd-division/country:us/state:wa/county:yakima,2026-08-04,Primary,candidate,Auditor,County,Maria Cuevas,Democratic Party,,,https://voter.votewa.gov/elections/voterguide.ashx?e=898&la=en&c=39&p=
WA,Yakima,ocd-division/country:us/state:wa/county:yakima,2026-08-04,Primary,candidate,Auditor,County,Matt Barker,Republican Party,,,https://voter.votewa.gov/elections/voterguide.ashx?e=898&la=en&c=39&p=
WA,Yakima,ocd-division/country:us/state:wa/county:yakima,2026-08-04,Primary,candidate,Clerk,County,Billie A. Maggard,Republican Party,,,https://voter.votewa.gov/elections/voterguide.ashx?e=898&la=en&c=39&p=
WA,Yakima,ocd-division/country:us/state:wa/county:yakima,2026-08-04,Primary,candidate,Coroner,County,Marshall Slight,Republican Party,,,https://voter.votewa.gov/elections/voterguide.ashx?e=898&la=en&c=39&p=
WA,Yakima,ocd-division/country:us/state:wa/county:yakima,2026-08-04,Primary,candidate,County Commissioner; District 1,Commissioner District #1,Dave Mullen,Republican Party,,,https://voter.votewa.gov/elections/voterguide.ashx?e=898&la=en&c=39&p=
WA,Yakima,ocd-division/country:us/state:wa/county:yakima,2026-08-04,Primary,candidate,County Commissioner; District 1,Commissioner District #1,Kristoffer Strutner,Republican Party,,,https://voter.votewa.gov/elections/voterguide.ashx?e=898&la=en&c=39&p=
WA,Yakima,ocd-division/country:us/state:wa/county:yakima,2026-08-04,Primary,candidate,County Commissioner; District 1,Commissioner District #1,Robert Udell,Republican Party,,,https://voter.votewa.gov/elections/voterguide.ashx?e=898&la=en&c=39&p=
WA,Yakima,ocd-division/country:us/state:wa/county:yakima,2026-08-04,Primary,candidate,County Commissioner; District 1,Commissioner District #1,Roman Buermann,Tea Party,,,https://voter.votewa.gov/elections/voterguide.ashx?e=898&la=en&c=39&p=
WA,Yakima,ocd-division/country:us/state:wa/county:yakima,2026-08-04,Primary,candidate,Justice Position #01,Supreme Court,Colleen Melody,,,,https://voter.votewa.gov/elections/voterguide.ashx?e=898&la=en&c=39&p=
WA,Yakima,ocd-division/country:us/state:wa/county:yakima,2026-08-04,Primary,candidate,Justice Position #01,Supreme Court,Laura Christensen Colberg,,,,https://voter.votewa.gov/elections/voterguide.ashx?e=898&la=en&c=39&p=
WA,Yakima,ocd-division/country:us/state:wa/county:yakima,2026-08-04,Primary,candidate,Justice Position #01,Supreme Court,Scott Edwards,,,,https://voter.votewa.gov/elections/voterguide.ashx?e=898&la=en&c=39&p=
WA,Yakima,ocd-division/country:us/state:wa/county:yakima,2026-08-04,Primary,candidate,Justice Position #03,Supreme Court,David Stevens,,,,https://voter.votewa.gov/elections/voterguide.ashx?e=898&la=en&c=39&p=
WA,Yakima,ocd-division/country:us/state:wa/county:yakima,2026-08-04,Primary,candidate,Justice Position #03,Supreme Court,Jaime Michelle Hawk,,,,https://voter.votewa.gov/elections/voterguide.ashx?e=898&la=en&c=39&p=
WA,Yakima,ocd-division/country:us/state:wa/county:yakima,2026-08-04,Primary,candidate,Justice Position #03,Supreme Court,Mike Diaz,,,,https://voter.votewa.gov/elections/voterguide.ashx?e=898&la=en&c=39&p=
WA,Yakima,ocd-division/country:us/state:wa/county:yakima,2026-08-04,Primary,candidate,Justice Position #05,Supreme Court,Dave Larson,,,,https://voter.votewa.gov/elections/voterguide.ashx?e=898&la=en&c=39&p=
WA,Yakima,ocd-division/country:us/state:wa/county:yakima,2026-08-04,Primary,candidate,Justice Position #05,Supreme Court,Greg Miller,,,,https://voter.votewa.gov/elections/voterguide.ashx?e=898&la=en&c=39&p=
WA,Yakima,ocd-division/country:us/state:wa/county:yakima,2026-08-04,Primary,candidate,Justice Position #05,Supreme Court,Sharonda Amamilo,,,,https://voter.votewa.gov/elections/voterguide.ashx?e=898&la=en&c=39&p=
WA,Yakima,ocd-division/country:us/state:wa/county:yakima,2026-08-04,Primary,candidate,Justice Position #05,Supreme Court,Theo Angelis,,,,https://voter.votewa.gov/elections/voterguide.ashx?e=898&la=en&c=39&p=
WA,Yakima,ocd-division/country:us/state:wa/county:yakima,2026-08-04,Primary,candidate,Justice Position #07,Supreme Court,David R Shelvey,,,,https://voter.votewa.gov/elections/voterguide.ashx?e=898&la=en&c=39&p=
WA,Yakima,ocd-division/country:us/state:wa/county:yakima,2026-08-04,Primary,candidate,Justice Position #07,Supreme Court,Debra L. Stephens,,,,https://voter.votewa.gov/elections/voterguide.ashx?e=898&la=en&c=39&p=
WA,Yakima,ocd-division/country:us/state:wa/county:yakima,2026-08-04,Primary,candidate,Justice Position #07,Supreme Court,Karim A. Merchant,,,,https://voter.votewa.gov/elections/voterguide.ashx?e=898&la=en&c=39&p=
WA,Yakima,ocd-division/country:us/state:wa/county:yakima,2026-08-04,Primary,candidate,Justice Position #07,Supreme Court,Todd A. Bloom,,,,https://voter.votewa.gov/elections/voterguide.ashx?e=898&la=en&c=39&p=
WA,Yakima,ocd-division/country:us/state:wa/county:yakima,2026-08-04,Primary,candidate,Precinct Committee Officer - Democratic,0115,L. Karina Solorio,,,,https://voter.votewa.gov/elections/voterguide.ashx?e=898&la=en&c=39&p=
WA,Yakima,ocd-division/country:us/state:wa/county:yakima,2026-08-04,Primary,candidate,Precinct Committee Officer - Democratic,0115,Xander Deccio,,,,https://voter.votewa.gov/elections/voterguide.ashx?e=898&la=en&c=39&p=
WA,Yakima,ocd-division/country:us/state:wa/county:yakima,2026-08-04,Primary,candidate,Precinct Committee Officer - Democratic,0140,Erik J Smestad,,,,https://voter.votewa.gov/elections/voterguide.ashx?e=898&la=en&c=39&p=
WA,Yakima,ocd-division/country:us/state:wa/county:yakima,2026-08-04,Primary,candidate,Precinct Committee Officer - Democratic,0140,Naomi Whitmore,,,,https://voter.votewa.gov/elections/voterguide.ashx?e=898&la=en&c=39&p=
WA,Yakima,ocd-division/country:us/state:wa/county:yakima,2026-08-04,Primary,candidate,Precinct Committee Officer - Democratic,3102,Daniel Jacob Koenig,,,,https://voter.votewa.gov/elections/voterguide.ashx?e=898&la=en&c=39&p=
WA,Yakima,ocd-division/country:us/state:wa/county:yakima,2026-08-04,Primary,candidate,Precinct Committee Officer - Democratic,3102,Kenton Gartrell,,,,https://voter.votewa.gov/elections/voterguide.ashx?e=898&la=en&c=39&p=
WA,Yakima,ocd-division/country:us/state:wa/county:yakima,2026-08-04,Primary,candidate,Precinct Committee Officer - Republican,0177,Mario Rodriguez,,,,https://voter.votewa.gov/elections/voterguide.ashx?e=898&la=en&c=39&p=
WA,Yakima,ocd-division/country:us/state:wa/county:yakima,2026-08-04,Primary,candidate,Precinct Committee Officer - Republican,0177,Michael Warren,,,,https://voter.votewa.gov/elections/voterguide.ashx?e=898&la=en&c=39&p=
WA,Yakima,ocd-division/country:us/state:wa/county:yakima,2026-08-04,Primary,candidate,Precinct Committee Officer - Republican,0193,David Edler,,,,https://voter.votewa.gov/elections/voterguide.ashx?e=898&la=en&c=39&p=
WA,Yakima,ocd-division/country:us/state:wa/county:yakima,2026-08-04,Primary,candidate,Precinct Committee Officer - Republican,0193,Jon DeVaney,,,,https://voter.votewa.gov/elections/voterguide.ashx?e=898&la=en&c=39&p=
WA,Yakima,ocd-division/country:us/state:wa/county:yakima,2026-08-04,Primary,candidate,Precinct Committee Officer - Republican,4115,David Michael Flippen,,,,https://voter.votewa.gov/elections/voterguide.ashx?e=898&la=en&c=39&p=
WA,Yakima,ocd-division/country:us/state:wa/county:yakima,2026-08-04,Primary,candidate,Precinct Committee Officer - Republican,4115,Mike Rivard,,,,https://voter.votewa.gov/elections/voterguide.ashx?e=898&la=en&c=39&p=
WA,Yakima,ocd-division/country:us/state:wa/county:yakima,2026-08-04,Primary,candidate,Precinct Committee Officer - Republican,4504,Shan Trick,,,,https://voter.votewa.gov/elections/voterguide.ashx?e=898&la=en&c=39&p=
WA,Yakima,ocd-division/country:us/state:wa/county:yakima,2026-08-04,Primary,candidate,Precinct Committee Officer - Republican,4504,Terri Jackson,,,,https://voter.votewa.gov/elections/voterguide.ashx?e=898&la=en&c=39&p=
WA,Yakima,ocd-division/country:us/state:wa/county:yakima,2026-08-04,Primary,candidate,Precinct Committee Officer - Republican,4605,Jennifer R. Walker,,,,https://voter.votewa.gov/elections/voterguide.ashx?e=898&la=en&c=39&p=
WA,Yakima,ocd-division/country:us/state:wa/county:yakima,2026-08-04,Primary,candidate,Precinct Committee Officer - Republican,4605,Laurence Couette,,,,https://voter.votewa.gov/elections/voterguide.ashx?e=898&la=en&c=39&p=
WA,Yakima,ocd-division/country:us/state:wa/county:yakima,2026-08-04,Primary,candidate,Prosecuting Attorney,County,Quinn Dalan,Republican Party,,,https://voter.votewa.gov/elections/voterguide.ashx?e=898&la=en&c=39&p=
WA,Yakima,ocd-division/country:us/state:wa/county:yakima,2026-08-04,Primary,candidate,Prosecuting Attorney,County,Tyler Haueter,Republican Party,,,https://voter.votewa.gov/elections/voterguide.ashx?e=898&la=en&c=39&p=
WA,Yakima,ocd-division/country:us/state:wa/county:yakima,2026-08-04,Primary,candidate,Sheriff,County,Jake Church,Republican Party,,,https://voter.votewa.gov/elections/voterguide.ashx?e=898&la=en&c=39&p=
WA,Yakima,ocd-division/country:us/state:wa/county:yakima,2026-08-04,Primary,candidate,Sheriff,County,Roman Kilinkaridis,Republican Party,,,https://voter.votewa.gov/elections/voterguide.ashx?e=898&la=en&c=39&p=
WA,Yakima,ocd-division/country:us/state:wa/sldl:14,2026-08-04,Primary,candidate,State Representative Pos. 1,Legislative District 14,Chelsea Dimas,Democratic Party,,,https://voter.votewa.gov/elections/voterguide.ashx?e=898&la=en&c=39&p=
WA,Yakima,ocd-division/country:us/state:wa/sldl:14,2026-08-04,Primary,candidate,State Representative Pos. 1,Legislative District 14,Gloria Mendoza,Republican Party,,,https://voter.votewa.gov/elections/voterguide.ashx?e=898&la=en&c=39&p=
WA,Yakima,ocd-division/country:us/state:wa/sldl:14,2026-08-04,Primary,candidate,State Representative Pos. 1,Legislative District 14,William Chichenoff,No Party Preference,,,https://voter.votewa.gov/elections/voterguide.ashx?e=898&la=en&c=39&p=
WA,Yakima,ocd-division/country:us/state:wa/sldl:15,2026-08-04,Primary,candidate,State Representative Pos. 1,Legislative District 15,Chris Corry,Republican Party,,,https://voter.votewa.gov/elections/voterguide.ashx?e=898&la=en&c=39&p=
WA,Yakima,ocd-division/country:us/state:wa/sldl:15,2026-08-04,Primary,candidate,State Representative Pos. 1,Legislative District 15,Jack McEntire,Democratic Party,,,https://voter.votewa.gov/elections/voterguide.ashx?e=898&la=en&c=39&p=
WA,Yakima,ocd-division/country:us/state:wa/sldl:14,2026-08-04,Primary,candidate,State Representative Pos. 2,Legislative District 14,Deb Manjarrez,Republican Party,,,https://voter.votewa.gov/elections/voterguide.ashx?e=898&la=en&c=39&p=
WA,Yakima,ocd-division/country:us/state:wa/sldl:14,2026-08-04,Primary,candidate,State Representative Pos. 2,Legislative District 14,Ezequiel Morfin,Democratic Party,,,https://voter.votewa.gov/elections/voterguide.ashx?e=898&la=en&c=39&p=
WA,Yakima,ocd-division/country:us/state:wa/sldl:14,2026-08-04,Primary,candidate,State Representative Pos. 2,Legislative District 14,Tony G Sandoval,Democrat Party,,,https://voter.votewa.gov/elections/voterguide.ashx?e=898&la=en&c=39&p=
WA,Yakima,ocd-division/country:us/state:wa/sldl:15,2026-08-04,Primary,candidate,State Representative Pos. 2,Legislative District 15,Chase Foster,Republican Party,,,https://voter.votewa.gov/elections/voterguide.ashx?e=898&la=en&c=39&p=
WA,Yakima,ocd-division/country:us/state:wa/sldl:15,2026-08-04,Primary,candidate,State Representative Pos. 2,Legislative District 15,Liz Hallock,No Kings Party,,,https://voter.votewa.gov/elections/voterguide.ashx?e=898&la=en&c=39&p=
WA,Yakima,ocd-division/country:us/state:wa/sldl:15,2026-08-04,Primary,candidate,State Representative Pos. 2,Legislative District 15,Reedy Berg,Republican Party,,,https://voter.votewa.gov/elections/voterguide.ashx?e=898&la=en&c=39&p=
WA,Yakima,ocd-division/country:us/state:wa/sldu:15,2026-08-04,Primary,candidate,State Senator,Legislative District 15,Jeremie Dufault,Republican Party,,,https://voter.votewa.gov/elections/voterguide.ashx?e=898&la=en&c=39&p=
WA,Yakima,ocd-division/country:us/state:wa,2026-08-04,Primary,candidate,Treasurer,County,Sam Johnson,Independent Party,,,https://voter.votewa.gov/elections/voterguide.ashx?e=898&la=en&c=39&p=
WA,Yakima,ocd-division/country:us/state:wa,2026-08-04,Primary,candidate,Treasurer,County,Stephanie Patterson,Republican Party,,,https://voter.votewa.gov/elections/voterguide.ashx?e=898&la=en&c=39&p=
WA,Yakima,ocd-division/country:us/state:wa/cd:4,2026-08-04,Primary,candidate,U.S. Representative,Congressional District 4,Amanda McKinney,Republican Party,,,https://voter.votewa.gov/elections/voterguide.ashx?e=898&la=en&c=39&p=
WA,Yakima,ocd-division/country:us/state:wa/cd:4,2026-08-04,Primary,candidate,U.S. Representative,Congressional District 4,Devin Poore,Cascade Party,,,https://voter.votewa.gov/elections/voterguide.ashx?e=898&la=en&c=39&p=
WA,Yakima,ocd-division/country:us/state:wa/cd:4,2026-08-04,Primary,candidate,U.S. Representative,Congressional District 4,Elpidia Saavedra,Republican Party,,,https://voter.votewa.gov/elections/voterguide.ashx?e=898&la=en&c=39&p=
WA,Yakima,ocd-division/country:us/state:wa/cd:4,2026-08-04,Primary,candidate,U.S. Representative,Congressional District 4,Favian Valencia,Independent Party,,,https://voter.votewa.gov/elections/voterguide.ashx?e=898&la=en&c=39&p=
WA,Yakima,ocd-division/country:us/state:wa/cd:4,2026-08-04,Primary,candidate,U.S. Representative,Congressional District 4,"Jacek ""Jack"" Kobiesa",No Party Preference,,,https://voter.votewa.gov/elections/voterguide.ashx?e=898&la=en&c=39&p=
WA,Yakima,ocd-division/country:us/state:wa/cd:4,2026-08-04,Primary,candidate,U.S. Representative,Congressional District 4,Jerrod Sessler,Republican Party,,,https://voter.votewa.gov/elections/voterguide.ashx?e=898&la=en&c=39&p=
WA,Yakima,ocd-division/country:us/state:wa/cd:4,2026-08-04,Primary,candidate,U.S. Representative,Congressional District 4,John C. Hughs,Republican Party,,,https://voter.votewa.gov/elections/voterguide.ashx?e=898&la=en&c=39&p=
WA,Yakima,ocd-division/country:us/state:wa/cd:4,2026-08-04,Primary,candidate,U.S. Representative,Congressional District 4,John Duresky,Democratic Party,,,https://voter.votewa.gov/elections/voterguide.ashx?e=898&la=en&c=39&p=
WA,Yakima,ocd-division/country:us/state:wa/cd:4,2026-08-04,Primary,candidate,U.S. Representative,Congressional District 4,Ken Vaz,Republican Party,,,https://voter.votewa.gov/elections/voterguide.ashx?e=898&la=en&c=39&p=
WA,Yakima,ocd-division/country:us/state:wa/cd:4,2026-08-04,Primary,candidate,U.S. Representative,Congressional District 4,Matt Boehnke,Republican Party,,,https://voter.votewa.gov/elections/voterguide.ashx?e=898&la=en&c=39&p=
WA,Yakima,ocd-division/country:us/state:wa/cd:4,2026-08-04,Primary,candidate,U.S. Representative,Congressional District 4,Zac Rossi,No Party Preference,,,https://voter.votewa.gov/elections/voterguide.ashx?e=898&la=en&c=39&p=
WA,Yakima,ocd-division/country:us/state:wa/county:yakima,2026-08-04,Primary,measure,,,,,7171,FIRE PROTECTION DISTRICT NO. 6 - Proposition No. 1,https://voter.votewa.gov/elections/voterguide.ashx?e=898&la=en&c=39&p=
